{"stats":{"minecraft:killed":{"minecraft:skeleton":1,"enemyexpansion:meature":1,"minecraft:husk":2,"minecraft:zombie":1,"born_in_chaos_v1:dread_hound":1,"creeperoverhaul:swamp_creeper":1,"alexsmobs:capuchin_monkey":2,"born_in_chaos_v1:siamese_skeletonsright":1,"born_in_chaos_v1:siamese_skeletonsleft":1},"minecraft:picked_up":{"born_in_chaos_v1:fused_bone":2,"born_in_chaos_v1:monster_flesh":1,"minecraft:oak_log":12,"tombstone:grave_dust":2,"minecraft:dirt":1,"minecraft:arrow":2,"born_in_chaos_v1:monster_skin":1,"minecraft:bone":1,"minecraft:rotten_flesh":5,"minecraft:wheat_seeds":1,"minecraft:gray_wool":1,"minecraft:oak_planks":1,"minecraft:cobblestone":11},"minecraft:crafted":{"minecraft:oak_planks":40,"minecraft:iron_boots":1,"minecraft:iron_chestplate":1,"minecraft:shield":1,"minecraft:iron_axe":1,"minecraft:crafting_table":2,"minecraft:stick":4,"minecraft:iron_pickaxe":1,"minecraft:iron_sword":1,"minecraft:iron_leggings":1},"minecraft:custom":{"minecraft:time_since_rest":5342,"minecraft:sprint_one_cm":88868,"minecraft:damage_taken":529,"minecraft:walk_one_cm":42173,"minecraft:damage_blocked_by_shield":30,"minecraft:mob_kills":12,"minecraft:damage_dealt":2307,"minecraft:interact_with_crafting_table":5,"minecraft:fly_one_cm":113393,"minecraft:open_barrel":2,"minecraft:open_chest":6,"minecraft:crouch_one_cm":552,"minecraft:play_time":32053,"tombstone:undead_killed":7,"minecraft:deaths":1,"minecraft:sneak_time":272,"minecraft:jump":589,"minecraft:walk_on_water_one_cm":67,"minecraft:time_since_death":5738,"minecraft:total_world_time":32053,"minecraft:sleep_in_bed":5,"minecraft:climb_one_cm":2619,"minecraft:fall_one_cm":18910},"minecraft:mined":{"minecraft:gray_wool":1,"minecraft:grass":3,"minecraft:grass_block":2,"minecraft:oak_log":13,"minecraft:stone":11,"minecraft:oak_planks":1,"minecraft:fern":1},"minecraft:killed_by":{"undead_revamp2:bomber":1},"minecraft:used":{"minecraft:iron_axe":30,"minecraft:bread":7,"minecraft:oak_planks":1,"minecraft:iron_pickaxe":12,"minecraft:shield":1,"minecraft:iron_sword":37,"minecraft:iron_chestplate":1,"minecraft:white_wool":2,"minecraft:dirt":1,"minecraft:crafting_table":2,"minecraft:gray_wool":1}},"DataVersion":3465}