{"stats":{"minecraft:broken":{"minecraft:iron_leggings":2,"iceandfire:armor_bronze_boots":1,"minecraft:iron_sword":2,"aether:iron_gloves":1,"minecraft:golden_axe":1,"minecraft:iron_axe":1,"minecraft:iron_helmet":1},"minecraft:picked_up":{"minecraft:seagrass":2,"minecraft:iron_chestplate":2,"minecraft:wheat":201,"minecraft:nether_brick_fence":2,"illagerinvasion:platinum_chunk":2,"minecraft:diamond_sword":2,"minecraft:oak_stairs":16,"enemyexpansion:wasp_thorax":1,"earthmobsmod:fancy_egg":7,"minecraft:enchanted_book":1,"minecraft:nether_brick":7,"tombstone:grave_key":1,"minecraft:polished_blackstone_brick_stairs":5,"minecraft:string":33,"minecraft:dark_oak_trapdoor":2,"minecraft:raw_copper":1,"minecraft:smooth_stone_slab":10,"minecraft:iron_leggings":3,"minecraft:beetroot":4,"minecraft:gold_nugget":9,"earthmobsmod:duck_egg":1,"minecraft:spruce_planks":10,"quark:cyan_shard":17,"minecraft:iron_pickaxe":3,"minecraft:melon_slice":54,"minecraft:smooth_quartz_stairs":1,"minecraft:iron_boots":1,"minecraft:stick":15,"artifacts:universal_attractor":1,"iceandfire:ghost_chest":1,"minecraft:polished_blackstone_stairs":9,"born_in_chaos_v1:shattered_skull":2,"minecraft:torch":11,"minecraft:porkchop":4,"iceandfire:armor_bronze_chestplate":1,"tombstone:grave_dust":34,"minecraft:vine":1,"minecraft:rabbit_foot":9,"minecraft:stone_sword":2,"minecraft:rotten_flesh":399,"luminousworld:yellow_grassflowers":8,"minecraft:tropical_fish":3,"aether:chainmail_gloves":1,"minecraft:polished_basalt":7,"iceandfire:fire_dragon_heart":3,"minecraft:bookshelf":19,"supplementaries:ash":10,"minecraft:blaze_rod":4,"minecraft:obsidian":5,"minecraft:cod":1,"minecraft:iron_bars":4,"undead_revamp2:arapholia":2,"minecraft:cobblestone":90,"minecraft:birch_log":5,"minecraft:enchanting_table":1,"minecraft:cooked_beef":13,"minecraft:oxidized_copper":1,"minecraft:birch_slab":57,"minecraft:jungle_log":20,"minecraft:copper_block":8,"minecraft:flint":2,"minecraft:lapis_lazuli":2,"iceandfire:dragonscales_bronze":24,"minecraft:dirt":111,"minecraft:lantern":11,"born_in_chaos_v1:monster_skin":3,"minecraft:bone":141,"minecraft:wheat_seeds":233,"minecraft:mossy_stone_bricks":1,"minecraft:moss_block":2,"minecraft:oak_planks":3,"minecraft:chiseled_polished_blackstone":3,"luminousworld:creepberries":39,"naturalist:cattail_fluff":2,"minecraft:poisonous_potato":4,"iceandfire:dragon_skull_fire":1,"minecraft:sand":2,"minecraft:spectral_arrow":8,"sophisticatedbackpacks:iron_backpack":1,"minecraft:dark_oak_log":3,"alexsmobs:animal_dictionary":3,"naturalist:duck_egg":2,"minecraft:iron_hoe":1,"minecraft:bone_meal":2,"minecraft:chainmail_helmet":4,"minecraft:emerald":3,"minecraft:bread":41,"minecraft:oak_sapling":20,"born_in_chaos_v1:rotten_fish":22,"minecraft:netherrack":95,"minecraft:mud":10,"minecraft:crafting_table":2,"iceandfire:witherbone":14,"born_in_chaos_v1:river_mint":6,"minecraft:clay_ball":3,"minecraft:stone_brick_wall":12,"minecraft:gold_block":16,"minecraft:crimson_trapdoor":5,"minecraft:chain":1,"minecraft:cornflower":2,"minecraft:oak_trapdoor":1,"minecraft:iron_axe":4,"minecraft:polished_blackstone_wall":4,"minecraft:blackstone":43,"minecraft:blue_orchid":13,"minecraft:cracked_stone_bricks":2,"iceandfire:bestiary":1,"minecraft:beef":4,"minecraft:player_head":2,"minecraft:iron_nugget":10,"minecraft:poppy":3,"naturalist:catfish":2,"minecraft:sugar_cane":2,"minecraft:raw_iron":2,"iceandfire:dragonbone":9,"naturalist:duck":3,"minecraft:stone":1,"minecraft:raw_gold_block":16,"minecraft:copper_ingot":2,"minecraft:fire_charge":2,"ironchest:iron_chest":2,"minecraft:polished_blackstone_bricks":7,"minecraft:stone_button":57,"minecraft:cookie":5,"born_in_chaos_v1:pieceofdarkmetal":7,"minecraft:redstone":1,"minecraft:prismarine_crystals":4,"minecraft:dark_oak_planks":1,"minecraft:smooth_sandstone_slab":3,"luminousworld:white_oak_sapling":2,"minecraft:arrow":99,"minecraft:shears":1,"minecraft:deepslate_bricks":2,"minecraft:hay_block":14,"born_in_chaos_v1:spiny_shell":1,"tombstone:essence_of_undeath":2,"minecraft:gold_ingot":36,"minecraft:polished_blackstone":18,"minecraft:brick_stairs":2,"minecraft:mutton":12,"minecraft:crimson_slab":7,"minecraft:white_wool":32,"minecraft:oxeye_daisy":4,"born_in_chaos_v1:fused_bone":2,"born_in_chaos_v1:corpse_maggot":21,"minecraft:mud_bricks":9,"minecraft:basalt":33,"born_in_chaos_v1:monster_flesh":5,"minecraft:magenta_banner":9,"minecraft:leather":20,"minecraft:acacia_wood":1,"minecraft:packed_mud":3,"minecraft:oak_log":46,"minecraft:lily_pad":1,"minecraft:gunpowder":7,"minecraft:white_banner":16,"naturalist:bass":2,"minecraft:apple":8,"minecraft:stone_bricks":4,"minecraft:rabbit_hide":24,"minecraft:spruce_wood":6,"minecraft:iron_ingot":1,"minecraft:cooked_chicken":1,"minecraft:cobweb":22,"minecraft:glass_bottle":1,"minecraft:soul_sand":7,"minecraft:iron_sword":1,"iceandfire:fire_dragon_flesh":4,"sophisticatedbackpacks:diamond_backpack":2,"minecraft:oak_slab":3,"quark:white_shard":7,"minecraft:stone_brick_slab":4,"iceandfire:ash":3,"born_in_chaos_v1:ethereal_spirit":1,"minecraft:dandelion":6,"minecraft:gravel":2,"minecraft:nether_brick_slab":1,"minecraft:crying_obsidian":2,"quark:oak_chest":4,"minecraft:spider_eye":13,"luminousworld:whiteoaklog":3,"minecraft:brick_slab":2,"undead_revamp2:rawbostrox":6,"alexsmobs:raw_catfish":61,"minecraft:slime_ball":27,"minecraft:chainmail_leggings":3,"minecraft:gray_wool":1,"minecraft:polished_blackstone_brick_wall":7,"tombstone:magic_scroll":4,"minecraft:black_wool":4,"minecraft:coal":16,"minecraft:sunflower":2,"minecraft:ender_pearl":1},"minecraft:used":{"minecraft:nether_brick_fence":2,"minecraft:polished_blackstone":15,"minecraft:ladder":3,"minecraft:polished_basalt":2,"minecraft:shield":1,"minecraft:stone":1,"minecraft:iron_sword":420,"earthmobsmod:fancy_egg":1,"minecraft:rotten_flesh":2,"minecraft:iron_chestplate":1,"minecraft:carrot":3,"ironchest:iron_chest":3,"minecraft:obsidian":11,"born_in_chaos_v1:corpse_maggot":11,"minecraft:polished_blackstone_brick_wall":6,"iceandfire:ghost_chest":1,"minecraft:stone_bricks":2,"minecraft:bow":131,"supplementaries:ash":3,"minecraft:oak_sapling":7,"minecraft:furnace":2,"minecraft:polished_blackstone_stairs":2,"alexsmobs:raw_catfish":17,"minecraft:chiseled_polished_blackstone":3,"minecraft:oak_planks":12,"minecraft:ender_pearl":2,"minecraft:sugar_cane":6,"minecraft:cookie":5,"minecraft:white_wool":5,"minecraft:shears":22,"earthmobsmod:duck_egg":1,"born_in_chaos_v1:monster_flesh":1,"minecraft:birch_slab":139,"minecraft:melon_slice":54,"minecraft:bread":72,"ironchest:iron_to_gold_chest_upgrade":1,"minecraft:diamond_sword":652,"naturalist:cooked_duck":1,"minecraft:bone_meal":25,"minecraft:experience_bottle":17,"naturalist:catfish":1,"minecraft:enchanting_table":2,"minecraft:flint_and_steel":1,"minecraft:spruce_planks":2,"minecraft:cooked_chicken":1,"minecraft:netherrack":85,"minecraft:torch":46,"minecraft:dirt":21,"minecraft:anvil":1,"minecraft:nether_brick_slab":1,"minecraft:diamond_helmet":1,"minecraft:stone_brick_slab":4,"minecraft:bookshelf":19,"minecraft:iron_axe":329,"minecraft:polished_blackstone_brick_stairs":1,"minecraft:mud_bricks":9,"minecraft:basalt":2,"minecraft:beef":4,"minecraft:oxidized_copper":1,"ironchest:gold_chest":1,"tombstone:gift":7,"minecraft:cooked_beef":13,"minecraft:golden_axe":32,"minecraft:wheat_seeds":46,"luminousworld:white_oak_plank":4,"minecraft:deepslate_bricks":2,"minecraft:polished_blackstone_bricks":5,"minecraft:crafting_table":7,"iceandfire:armor_bronze_chestplate":1,"minecraft:oak_log":2,"minecraft:mud":2,"minecraft:diamond_pickaxe":5,"minecraft:sunflower":1,"earthmobsmod:mud_bucket":90,"minecraft:iron_pickaxe":323,"iceandfire:ash":1,"minecraft:magenta_banner":1,"minecraft:cobblestone":38,"minecraft:azalea_leaves":7,"minecraft:cooked_porkchop":5,"minecraft:porkchop":14,"minecraft:bucket":91,"quark:oak_chest":10,"minecraft:diamond_leggings":4,"minecraft:gray_wool":1},"minecraft:mined":{"minecraft:dark_oak_planks":1,"minecraft:spruce_planks":10,"minecraft:obsidian":4,"minecraft:crimson_trapdoor":1,"minecraft:chiseled_polished_blackstone":2,"minecraft:grass_block":8,"minecraft:deepslate_bricks":2,"minecraft:mud_bricks":9,"minecraft:polished_blackstone_bricks":3,"minecraft:spawner":43,"minecraft:tall_seagrass":2,"minecraft:enchanting_table":1,"minecraft:iron_bars":4,"minecraft:spruce_wood":6,"minecraft:azalea_leaves":1,"minecraft:blackstone":2,"minecraft:magenta_wall_banner":5,"minecraft:torch":3,"minecraft:oxidized_copper":1,"minecraft:melon":5,"iceandfire:ghost_chest":1,"minecraft:nether_brick_slab":1,"minecraft:cobblestone":6,"minecraft:oak_planks":3,"minecraft:sugar_cane":2,"minecraft:wall_torch":2,"minecraft:mud":6,"minecraft:wheat":47,"minecraft:copper_block":8,"minecraft:grass":38,"minecraft:oak_log":20,"minecraft:dirt":4,"minecraft:netherrack":73,"naturalist:cattail":2,"luminousworld:grassvariant_4":1,"minecraft:cyan_stained_glass":3,"minecraft:white_stained_glass":2,"luminousworld:grassvariant_2":2,"luminousworld:whiteoakleaves":5,"minecraft:birch_slab":52,"minecraft:moss_block":2,"minecraft:hay_block":11,"minecraft:packed_mud":3,"minecraft:raw_gold_block":16,"minecraft:polished_basalt":2,"minecraft:gold_block":16,"minecraft:nether_brick_fence":2,"minecraft:bookshelf":19,"minecraft:vine":4,"ironchest:iron_chest":2,"minecraft:stone":59,"minecraft:white_wool":2,"quark:oak_chest":4,"minecraft:basalt":36,"minecraft:stone_brick_slab":4,"minecraft:polished_blackstone_brick_wall":2,"minecraft:crafting_table":1,"minecraft:tall_grass":11,"minecraft:lily_pad":2,"minecraft:polished_blackstone_brick_stairs":2,"luminousworld:whiteoaklog":1,"minecraft:gray_wool":1,"minecraft:polished_blackstone_stairs":3,"minecraft:white_wall_banner":6,"minecraft:coal_ore":6,"minecraft:sunflower":2,"minecraft:cobweb":32,"minecraft:cracked_stone_bricks":2,"minecraft:polished_blackstone":4,"minecraft:stone_bricks":4,"minecraft:mossy_stone_bricks":1,"minecraft:fern":7},"minecraft:custom":{"minecraft:animals_bred":6,"minecraft:interact_with_crafting_table":47,"minecraft:open_barrel":53,"minecraft:leave_game":4,"minecraft:time_since_death":9510,"minecraft:sprint_one_cm":1297912,"minecraft:damage_blocked_by_shield":30,"minecraft:drop":155,"minecraft:talked_to_villager":4,"minecraft:play_time":431223,"minecraft:deaths":37,"minecraft:jump":7685,"minecraft:interact_with_brewingstand":1,"minecraft:walk_on_water_one_cm":125438,"minecraft:interact_with_furnace":14,"minecraft:interact_with_loom":1,"minecraft:sleep_in_bed":10,"minecraft:damage_dealt":56829,"minecraft:crouch_one_cm":29219,"tombstone:undead_killed":172,"minecraft:interact_with_smoker":2,"minecraft:interact_with_anvil":4,"minecraft:mob_kills":311,"minecraft:damage_dealt_resisted":2167,"minecraft:climb_one_cm":34305,"minecraft:walk_one_cm":1075503,"minecraft:damage_dealt_absorbed":160,"minecraft:sneak_time":8794,"minecraft:walk_under_water_one_cm":28729,"minecraft:total_world_time":431223,"tombstone:raider_killed":11,"minecraft:time_since_rest":7111,"minecraft:damage_taken":15658,"minecraft:trigger_trapped_chest":3,"minecraft:swim_one_cm":97050,"minecraft:fly_one_cm":1843468,"minecraft:open_chest":289,"minecraft:fall_one_cm":180513},"minecraft:dropped":{"sophisticatedbackpacks:iron_backpack":1,"minecraft:iron_sword":1,"minecraft:acacia_wood":1,"minecraft:moss_block":2,"minecraft:oak_log":2,"minecraft:glass_bottle":1,"minecraft:lantern":3,"minecraft:leather":2,"minecraft:cracked_stone_bricks":2,"born_in_chaos_v1:pieceofdarkmetal":2,"minecraft:polished_blackstone_brick_wall":1,"minecraft:flint":2,"born_in_chaos_v1:monster_flesh":1,"minecraft:packed_mud":3,"minecraft:dirt":42,"minecraft:dark_oak_log":3,"minecraft:stone_button":1,"born_in_chaos_v1:monster_skin":2,"minecraft:cornflower":2,"minecraft:dark_oak_trapdoor":2,"minecraft:sunflower":1,"minecraft:sand":1,"minecraft:iron_pickaxe":1,"minecraft:birch_log":4,"minecraft:white_wool":2,"minecraft:gold_ingot":48,"minecraft:bone":10,"minecraft:gravel":2,"minecraft:sugar_cane":2,"minecraft:iron_nugget":10,"alexsmobs:animal_dictionary":4,"minecraft:wheat":1,"aether:leather_gloves":1,"sophisticatedbackpacks:diamond_backpack":2,"minecraft:poppy":2,"minecraft:brick_stairs":2,"minecraft:jungle_log":10,"born_in_chaos_v1:corpse_maggot":7,"minecraft:stone_brick_wall":12,"iceandfire:bestiary":1,"minecraft:oak_slab":3,"minecraft:wheat_seeds":48,"minecraft:smooth_quartz_stairs":1,"minecraft:cobblestone":10,"minecraft:chainmail_helmet":1,"minecraft:stick":2,"minecraft:oxeye_daisy":4,"born_in_chaos_v1:river_mint":4,"tombstone:grave_key":2,"tombstone:grave_dust":3,"minecraft:iron_axe":1,"minecraft:mud":4,"minecraft:chainmail_leggings":2,"minecraft:string":5,"minecraft:dandelion":4,"minecraft:player_head":2,"minecraft:smooth_stone_slab":10,"born_in_chaos_v1:rotten_fish":2,"iceandfire:armor_bronze_boots":1,"minecraft:clay_ball":3,"naturalist:cattail_fluff":2,"iceandfire:armor_bronze_chestplate":2,"minecraft:shears":1,"luminousworld:yellow_grassflowers":2,"minecraft:shield":1,"aether:chainmail_gloves":1,"minecraft:spruce_planks":10,"minecraft:mossy_stone_bricks":1,"minecraft:oak_sapling":9,"minecraft:blue_orchid":13,"minecraft:brick_slab":2,"minecraft:black_wool":1},"minecraft:crafted":{"naturalist:cooked_duck":1,"minecraft:oak_planks":148,"minecraft:birch_slab":108,"minecraft:iron_boots":1,"alexsmobs:cooked_catfish":4,"minecraft:golden_axe":1,"sophisticatedbackpacks:backpack":1,"minecraft:crafting_table":6,"minecraft:spruce_planks":24,"minecraft:birch_planks":56,"sophisticatedbackpacks:upgrade_base":1,"minecraft:iron_chestplate":1,"minecraft:diamond_pickaxe":1,"minecraft:shield":1,"sophisticatedbackpacks:diamond_backpack":1,"minecraft:stick":72,"quark:oak_chest":11,"minecraft:iron_pickaxe":2,"minecraft:iron_ingot":9,"minecraft:iron_block":13,"minecraft:gold_ingot":18,"minecraft:shears":1,"minecraft:furnace":2,"minecraft:bone_meal":51,"minecraft:flint_and_steel":1,"minecraft:leather":2,"minecraft:iron_axe":1,"minecraft:ladder":16,"luminousworld:white_oak_plank":4,"minecraft:iron_hoe":1,"iceandfire:armor_bronze_chestplate":2,"minecraft:wheat":91,"sophisticatedbackpacks:iron_backpack":1,"ironchest:gold_chest":1,"minecraft:diamond_sword":1,"minecraft:enchanting_table":1,"iceandfire:armor_bronze_boots":2,"minecraft:iron_sword":1,"sophisticatedbackpacks:gold_backpack":1,"minecraft:bucket":2,"minecraft:bread":35,"minecraft:air":0,"ironchest:iron_to_gold_chest_upgrade":1,"minecraft:raw_gold":144,"minecraft:iron_leggings":1,"minecraft:anvil":1,"minecraft:torch":164,"ironchest:iron_chest":2},"minecraft:killed":{"earthmobsmod:duck":1,"minecraft:cave_spider":2,"earthmobsmod:jumbo_rabbit":3,"born_in_chaos_v1:restless_spirit":2,"born_in_chaos_v1:zombie_lumberjack":1,"minecraft:spider":6,"born_in_chaos_v1:siamese_skeletonsright":2,"illagerinvasion:basher":2,"naturalist:snail":2,"minecraft:skeleton":75,"alexsmobs:capuchin_monkey":2,"born_in_chaos_v1:skeleton_thrasher":2,"earthmobsmod:zombified_rabbit":1,"minecraft:piglin_brute":8,"undead_revamp2:thespitter":1,"minecraft:magma_cube":7,"minecraft:pig":2,"minecraft:zombie_villager":1,"undead_revamp2:theheavy":1,"minecraft:creeper":3,"minecraft:sheep":2,"born_in_chaos_v1:zombie_fisherman":2,"minecraft:pillager":2,"enemyexpansion:meature":2,"minecraft:zombie":19,"born_in_chaos_v1:dread_hound":1,"creeperoverhaul:swamp_creeper":2,"born_in_chaos_v1:corpse_fly":5,"minecraft:blaze":11,"born_in_chaos_v1:siamese_skeletonsleft":2,"minecraft:cow":2,"takesapillage:legioner":1,"minecraft:vindicator":4,"illagerinvasion:marauder":1,"luminousworld:swallowtail":1,"minecraft:slime":9,"undead_revamp2:bomber":2,"enemyexpansion:direwolf":1,"born_in_chaos_v1:zombie_bruiser":1,"born_in_chaos_v1:maggot":21,"luminousworld:swamp_skeleton":3,"iceandfire:fire_dragon":1,"earthmobsmod:fancy_chicken":1,"born_in_chaos_v1:corpse_fish":3,"undead_revamp2:sucker":4,"earthmobsmod:albino_cow":4,"born_in_chaos_v1:barrel_zombie":2,"born_in_chaos_v1:fallen_chaos_knight":1,"minecraft:husk":3,"born_in_chaos_v1:swarmer":1,"takesapillage:skirmisher":1,"undead_revamp2:the_moonflower":5,"enemyexpansion:sprinter":1,"earthmobsmod:cream_cow":2,"born_in_chaos_v1:decrepit_skeleton":3,"alexsmobs:catfish":5,"born_in_chaos_v1:bloody_gadfly":3,"naturalist:catfish":2,"endermanoverhaul:cave_enderman":1,"iceandfire:ghost":3,"luminousworld:swamp_zombie":6,"enemyexpansion:huntsman":1,"minecraft:wither_skeleton":25,"minecraft:enderman":2,"enemyexpansion:slugger":2},"minecraft:killed_by":{"undead_revamp2:sucker":1,"undead_revamp2:the_moonflower":1,"minecraft:wither_skeleton":1,"undead_revamp2:clogger":1,"undead_revamp2:bomber":1,"iceandfire:fire_dragon":8,"minecraft:skeleton":20}},"DataVersion":3465}