{"stats":{"minecraft:broken":{"minecraft:diamond_helmet":1,"minecraft:iron_chestplate":1,"minecraft:iron_leggings":2,"iceandfire:armor_bronze_boots":1,"minecraft:iron_sword":2,"minecraft:diamond_leggings":1,"aether:iron_gloves":1,"minecraft:iron_axe":1,"minecraft:iron_helmet":1,"iceandfire:armor_bronze_chestplate":1,"minecraft:golden_axe":1},"minecraft:killed_by":{"undead_revamp2:the_moonflower":1,"minecraft:zombie":3,"undead_revamp2:sucker":1,"minecraft:wither_skeleton":1,"undead_revamp2:clogger":1,"undead_revamp2:bomber":1,"minecraft:witch":1,"iceandfire:fire_dragon":8,"minecraft:skeleton":20},"minecraft:crafted":{"quark:birch_chest":2,"ecologics:walnut_planks":12,"minecraft:birch_slab":108,"supplementaries:soap":6,"alexsmobs:cooked_catfish":4,"minecraft:golden_axe":1,"minecraft:cooked_porkchop":55,"minecraft:copper_ingot":72,"quark:oak_chest":11,"minecraft:iron_pickaxe":2,"minecraft:iron_block":13,"minecraft:gold_ingot":18,"minecraft:iron_nugget":9,"minecraft:bone_meal":51,"minecraft:cyan_stained_glass":4,"ad_astra:compressor":1,"twilightforest:twilight_oak_planks":8,"minecraft:ladder":16,"luminousworld:white_oak_plank":4,"minecraft:wheat":91,"minecraft:coal_block":2,"ironchest:gold_chest":1,"ironchest:wood_to_iron_chest_upgrade":1,"minecraft:enchanting_table":1,"sophisticatedbackpacks:gold_backpack":1,"ironchest:iron_to_gold_chest_upgrade":3,"supplementaries:bubble_blower":3,"minecraft:iron_leggings":1,"naturalist:cooked_duck":1,"minecraft:oak_planks":152,"minecraft:warped_planks":28,"twilightforest:cooked_venison":12,"minecraft:iron_boots":1,"minecraft:chest":2,"twilightforest:magic_map_focus":1,"ironchest:wood_to_copper_chest_upgrade":1,"sophisticatedbackpacks:backpack":1,"luminousworld:cooked_bass":4,"minecraft:crafting_table":9,"minecraft:spruce_planks":24,"minecraft:birch_planks":80,"sophisticatedbackpacks:upgrade_base":1,"minecraft:iron_chestplate":2,"minecraft:diamond_pickaxe":1,"minecraft:charcoal":10,"minecraft:shield":2,"sophisticatedbackpacks:diamond_backpack":1,"minecraft:stick":208,"minecraft:iron_ingot":17,"securitycraft:sc_manual":1,"minecraft:shears":1,"ironchest:copper_to_iron_chest_upgrade":1,"minecraft:furnace":5,"minecraft:piston":2,"minecraft:flint_and_steel":1,"minecraft:leather":2,"minecraft:iron_axe":1,"minecraft:iron_hoe":1,"born_in_chaos_v1:fried_maggot":2,"iceandfire:armor_bronze_chestplate":2,"minecraft:netherite_scrap":2,"sophisticatedbackpacks:iron_backpack":1,"minecraft:cooked_beef":3,"minecraft:crimson_planks":60,"minecraft:diamond_sword":1,"iceandfire:armor_bronze_boots":2,"minecraft:iron_sword":1,"minecraft:bucket":3,"born_in_chaos_v1:bone_heart":2,"minecraft:stone_axe":2,"minecraft:air":0,"minecraft:bread":35,"minecraft:raw_gold":144,"minecraft:anvil":1,"minecraft:torch":290,"twilightforest:magic_map":1,"ironchest:iron_chest":2},"minecraft:custom":{"minecraft:interact_with_crafting_table":84,"minecraft:open_barrel":131,"minecraft:eat_cake_slice":7,"minecraft:leave_game":6,"minecraft:time_since_death":129167,"minecraft:damage_blocked_by_shield":680,"minecraft:play_time":711548,"minecraft:deaths":49,"minecraft:jump":11977,"minecraft:interact_with_furnace":81,"minecraft:sleep_in_bed":11,"minecraft:damage_dealt":87426,"tombstone:undead_killed":234,"minecraft:interact_with_smoker":14,"minecraft:interact_with_anvil":12,"minecraft:damage_dealt_absorbed":920,"minecraft:sneak_time":14324,"minecraft:total_world_time":711548,"tombstone:raider_killed":12,"minecraft:time_since_rest":127852,"minecraft:swim_one_cm":133025,"minecraft:fly_one_cm":14521888,"minecraft:open_chest":549,"minecraft:fall_one_cm":279169,"minecraft:animals_bred":6,"minecraft:damage_resisted":11,"minecraft:sprint_one_cm":2434608,"minecraft:drop":199,"minecraft:talked_to_villager":5,"minecraft:interact_with_brewingstand":1,"minecraft:walk_on_water_one_cm":140651,"minecraft:interact_with_loom":1,"minecraft:player_kills":1,"minecraft:crouch_one_cm":47017,"minecraft:mob_kills":475,"minecraft:damage_dealt_resisted":2203,"minecraft:climb_one_cm":58433,"minecraft:walk_one_cm":1783693,"minecraft:walk_under_water_one_cm":37720,"minecraft:damage_taken":25988,"minecraft:damage_absorbed":128,"minecraft:trigger_trapped_chest":3},"minecraft:picked_up":{"minecraft:seagrass":2,"minecraft:iron_chestplate":3,"minecraft:chainmail_boots":1,"minecraft:lead":1,"minecraft:diamond_sword":5,"minecraft:stone_slab":1,"minecraft:oak_stairs":16,"minecraft:enchanted_book":2,"friendsandfoes:buttercup":1,"minecraft:string":37,"minecraft:polished_blackstone_brick_stairs":19,"minecraft:dark_oak_trapdoor":2,"minecraft:beetroot":4,"minecraft:cobbled_deepslate":46,"minecraft:gold_nugget":9,"minecraft:spruce_planks":10,"quark:cyan_shard":17,"minecraft:melon_slice":54,"minecraft:polished_blackstone_brick_slab":1,"artifacts:universal_attractor":1,"minecraft:polished_blackstone_stairs":29,"born_in_chaos_v1:shattered_skull":2,"iceandfire:armor_bronze_chestplate":1,"minecraft:rabbit_foot":9,"luminousworld:grassflowers":4,"minecraft:stone_sword":2,"quark:clear_shard":15,"luminousworld:yellow_grassflowers":8,"minecraft:tropical_fish":3,"aether:chainmail_gloves":1,"minecraft:polished_basalt":9,"iceandfire:fire_dragon_heart":3,"minecraft:red_tulip":1,"minecraft:bookshelf":19,"supplementaries:ash":52,"minecraft:blaze_rod":4,"minecraft:blackstone_stairs":1,"minecraft:iron_bars":4,"minecraft:birch_log":11,"minecraft:cooked_beef":26,"minecraft:feather":5,"minecraft:oxidized_copper":1,"minecraft:birch_slab":60,"minecraft:jungle_log":20,"minecraft:brown_wool":1,"minecraft:copper_block":8,"minecraft:smoker":1,"supplementaries:soap":6,"alexsmobs:bison_fur":3,"minecraft:flint":3,"minecraft:lantern":12,"minecraft:glowstone_dust":26,"minecraft:moss_block":2,"twilightforest:mushgloom":4,"luminousworld:bass_item":4,"minecraft:chiseled_polished_blackstone":8,"luminousworld:creepberries":39,"iceandfire:dragon_skull_fire":1,"sophisticatedbackpacks:iron_backpack":1,"minecraft:ink_sac":1,"alexsmobs:animal_dictionary":3,"minecraft:dark_oak_log":3,"naturalist:duck_egg":2,"minecraft:bundle":1,"minecraft:iron_hoe":1,"minecraft:writable_book":3,"minecraft:granite":7,"minecraft:chainmail_helmet":4,"minecraft:bread":49,"born_in_chaos_v1:rotten_fish":23,"minecraft:crimson_roots":1,"iceandfire:raw_silver":1,"minecraft:mud":10,"minecraft:crafting_table":3,"iceandfire:witherbone":15,"minecraft:clay_ball":3,"minecraft:crimson_trapdoor":8,"minecraft:heavy_weighted_pressure_plate":2,"minecraft:cornflower":3,"minecraft:polished_blackstone_wall":15,"minecraft:cracked_stone_bricks":10,"iceandfire:bestiary":1,"minecraft:stripped_warped_stem":5,"minecraft:beef":14,"minecraft:poppy":5,"minecraft:iron_nugget":10,"minecraft:egg":1,"naturalist:duck":3,"minecraft:stone":1,"minecraft:raw_gold_block":16,"ironchest:iron_chest":2,"minecraft:fire_charge":2,"born_in_chaos_v1:pieceofdarkmetal":7,"minecraft:redstone":2,"minecraft:prismarine_crystals":6,"minecraft:shears":1,"minecraft:deepslate_bricks":2,"minecraft:hay_block":14,"born_in_chaos_v1:spiny_shell":1,"tombstone:essence_of_undeath":2,"minecraft:gold_ingot":36,"minecraft:polished_blackstone":37,"minecraft:mutton":19,"minecraft:crimson_slab":7,"minecraft:bone_block":15,"minecraft:white_wool":34,"minecraft:rail":11,"minecraft:oxeye_daisy":5,"minecraft:mud_bricks":9,"born_in_chaos_v1:monster_flesh":5,"minecraft:tripwire_hook":1,"luminousworld:ishstone":5,"minecraft:acacia_wood":1,"minecraft:packed_mud":3,"minecraft:oak_log":56,"minecraft:ancient_debris":2,"minecraft:lily_pad":1,"minecraft:paper":203,"minecraft:white_banner":16,"twilightforest:raw_venison":16,"minecraft:apple":8,"minecraft:stone_bricks":18,"minecraft:warped_stem":8,"minecraft:cobweb":28,"minecraft:glass_bottle":1,"minecraft:iron_sword":2,"endrem:witch_pupil":1,"quark:white_shard":7,"born_in_chaos_v1:ethereal_spirit":1,"minecraft:cracked_nether_bricks":2,"minecraft:gravel":2,"minecraft:crying_obsidian":2,"minecraft:slime_ball":27,"twilightforest:raven_feather":1,"minecraft:painting":37,"minecraft:gray_wool":1,"minecraft:polished_blackstone_brick_wall":11,"minecraft:smooth_quartz_slab":1,"minecraft:ender_pearl":1,"minecraft:wheat":201,"illagerinvasion:platinum_chunk":2,"minecraft:nether_brick_fence":5,"enemyexpansion:wasp_thorax":1,"earthmobsmod:fancy_egg":7,"minecraft:nether_brick":7,"tombstone:grave_key":1,"minecraft:raw_copper":19,"minecraft:smooth_stone_slab":14,"minecraft:iron_leggings":3,"alexsmobs:blood_sac":2,"earthmobsmod:duck_egg":1,"minecraft:iron_pickaxe":3,"minecraft:smooth_quartz":1,"minecraft:smooth_quartz_stairs":1,"minecraft:iron_boots":2,"minecraft:furnace":3,"minecraft:stick":18,"iceandfire:ghost_chest":1,"ecologics:walnut_log":4,"minecraft:torch":48,"minecraft:porkchop":4,"tombstone:grave_dust":42,"minecraft:diorite":8,"minecraft:vine":1,"minecraft:rotten_flesh":455,"minecraft:cod":2,"minecraft:obsidian":6,"undead_revamp2:arapholia":2,"minecraft:cobblestone":288,"minecraft:enchanting_table":1,"ecologics:walnut":4,"minecraft:magma_cream":3,"twilightforest:twilight_oak_log":2,"minecraft:andesite":8,"minecraft:potato":2,"supplementaries:flax_seeds":1,"artifacts:flame_pendant":1,"iceandfire:dragonscales_bronze":24,"minecraft:lapis_lazuli":51,"minecraft:dirt":140,"born_in_chaos_v1:monster_skin":3,"minecraft:bone":167,"minecraft:wheat_seeds":243,"minecraft:pink_banner":1,"minecraft:mossy_stone_bricks":10,"minecraft:oak_planks":3,"minecraft:cooked_porkchop":13,"naturalist:cattail_fluff":2,"minecraft:poisonous_potato":4,"minecraft:sand":2,"minecraft:nether_brick_stairs":8,"minecraft:spectral_arrow":8,"minecraft:orange_wool":1,"minecraft:diamond":1,"minecraft:bone_meal":2,"minecraft:emerald":3,"minecraft:oak_sapling":21,"minecraft:netherrack":482,"twilightforest:torchberries":7,"minecraft:azure_bluet":2,"born_in_chaos_v1:river_mint":6,"minecraft:chicken":1,"minecraft:ladder":10,"minecraft:brown_mushroom":4,"minecraft:stone_brick_wall":12,"minecraft:gold_block":16,"twilightforest:nagastone":2,"minecraft:chain":1,"minecraft:oak_trapdoor":1,"minecraft:iron_axe":4,"minecraft:blue_orchid":13,"minecraft:blackstone":81,"ecologics:walnut_sapling":4,"twilightforest:nagastone_head":1,"minecraft:player_head":2,"naturalist:catfish":2,"minecraft:sugar_cane":2,"minecraft:lime_wool":1,"minecraft:raw_iron":10,"iceandfire:dragonbone":9,"minecraft:copper_ingot":2,"minecraft:polished_blackstone_bricks":33,"minecraft:stone_button":57,"minecraft:cookie":10,"minecraft:stone_pressure_plate":6,"minecraft:dark_oak_planks":1,"minecraft:smooth_sandstone_slab":3,"luminousworld:white_oak_sapling":2,"minecraft:tube_coral":1,"minecraft:arrow":125,"minecraft:nether_bricks":9,"minecraft:brick_stairs":2,"born_in_chaos_v1:fused_bone":2,"born_in_chaos_v1:corpse_maggot":30,"minecraft:basalt":123,"minecraft:crimson_stem":15,"minecraft:glow_ink_sac":1,"minecraft:magenta_banner":9,"minecraft:salmon":1,"minecraft:leather":27,"minecraft:birch_planks":6,"minecraft:nether_wart_block":1,"minecraft:gunpowder":11,"quark:forgotten_hat":1,"minecraft:cooked_mutton":1,"naturalist:bass":2,"minecraft:rabbit_hide":24,"minecraft:spruce_wood":6,"minecraft:iron_ingot":2,"minecraft:cooked_chicken":1,"luminousworld:white_petunias":4,"iceandfire:fire_dragon_flesh":4,"minecraft:soul_sand":7,"sophisticatedbackpacks:diamond_backpack":4,"minecraft:book":27,"minecraft:oak_slab":4,"minecraft:stone_brick_slab":4,"iceandfire:ash":3,"minecraft:quartz":62,"minecraft:dandelion":16,"minecraft:soul_torch":1,"minecraft:nether_brick_slab":15,"quark:oak_chest":4,"minecraft:spider_eye":14,"luminousworld:whiteoaklog":3,"minecraft:brick_slab":2,"undead_revamp2:rawbostrox":6,"alexsmobs:raw_catfish":61,"minecraft:chainmail_leggings":3,"minecraft:iron_helmet":1,"tombstone:magic_scroll":4,"minecraft:black_wool":4,"minecraft:coal":64,"minecraft:sunflower":2},"minecraft:dropped":{"sophisticatedbackpacks:iron_backpack":1,"minecraft:iron_sword":2,"minecraft:acacia_wood":1,"minecraft:diamond":2,"minecraft:glass_bottle":1,"minecraft:cracked_stone_bricks":2,"born_in_chaos_v1:pieceofdarkmetal":2,"minecraft:dirt":42,"born_in_chaos_v1:monster_flesh":1,"minecraft:packed_mud":3,"minecraft:stone_button":1,"minecraft:dark_oak_trapdoor":2,"minecraft:writable_book":1,"minecraft:sunflower":1,"minecraft:sand":1,"minecraft:iron_pickaxe":1,"minecraft:white_wool":2,"minecraft:bone":10,"minecraft:polished_blackstone_wall":3,"minecraft:sugar_cane":2,"minecraft:iron_nugget":10,"alexsmobs:animal_dictionary":4,"minecraft:wheat":1,"minecraft:azure_bluet":1,"luminousworld:grassflowers":2,"minecraft:brick_stairs":2,"minecraft:jungle_log":10,"iceandfire:bestiary":1,"minecraft:wheat_seeds":48,"minecraft:smooth_quartz_stairs":1,"minecraft:cobblestone":10,"minecraft:chainmail_helmet":1,"minecraft:oxeye_daisy":5,"minecraft:mud":4,"minecraft:chainmail_leggings":2,"minecraft:string":5,"minecraft:player_head":2,"minecraft:smooth_stone_slab":10,"born_in_chaos_v1:rotten_fish":2,"iceandfire:armor_bronze_boots":1,"minecraft:clay_ball":3,"iceandfire:armor_bronze_chestplate":2,"minecraft:shears":1,"minecraft:diamond_sword":1,"minecraft:spruce_planks":10,"minecraft:blue_orchid":13,"minecraft:brick_slab":2,"minecraft:black_wool":1,"minecraft:moss_block":2,"minecraft:oak_log":2,"luminousworld:white_petunias":4,"minecraft:lantern":3,"minecraft:leather":2,"minecraft:polished_blackstone_brick_wall":1,"minecraft:flint":2,"minecraft:dark_oak_log":3,"born_in_chaos_v1:monster_skin":2,"minecraft:cornflower":2,"minecraft:crimson_roots":1,"minecraft:birch_log":4,"minecraft:gold_ingot":48,"minecraft:gravel":2,"minecraft:blackstone":4,"aether:leather_gloves":1,"sophisticatedbackpacks:diamond_backpack":4,"supplementaries:soap":8,"minecraft:poppy":2,"born_in_chaos_v1:corpse_maggot":7,"minecraft:stone_brick_wall":12,"minecraft:basalt":1,"minecraft:written_book":1,"minecraft:oak_slab":3,"minecraft:stick":2,"born_in_chaos_v1:river_mint":4,"minecraft:torch":62,"tombstone:grave_key":2,"minecraft:smooth_quartz":1,"tombstone:grave_dust":3,"minecraft:iron_axe":1,"twilightforest:mushgloom":2,"minecraft:dandelion":13,"naturalist:cattail_fluff":2,"luminousworld:yellow_grassflowers":2,"minecraft:shield":1,"aether:chainmail_gloves":1,"minecraft:mossy_stone_bricks":1,"minecraft:oak_sapling":9},"minecraft:killed":{"earthmobsmod:duck":1,"minecraft:cave_spider":3,"earthmobsmod:jumbo_rabbit":3,"born_in_chaos_v1:zombie_lumberjack":1,"born_in_chaos_v1:restless_spirit":2,"naturalist:robin":2,"born_in_chaos_v1:siamese_skeletonsright":2,"illagerinvasion:basher":2,"minecraft:skeleton":90,"minecraft:chicken":1,"alexsmobs:capuchin_monkey":2,"born_in_chaos_v1:skeleton_thrasher":2,"alexsmobs:straddler":1,"earthmobsmod:zombified_rabbit":1,"luminousworld:bass_fish":4,"undead_revamp2:thespitter":1,"minecraft:magma_cube":21,"undead_revamp2:theheavy":1,"minecraft:pillager":2,"enemyexpansion:meature":3,"minecraft:zombie":56,"born_in_chaos_v1:corpse_fly":5,"enemyexpansion:botfly":6,"minecraft:cow":2,"twilightforest:deer":6,"minecraft:vindicator":4,"illagerinvasion:marauder":1,"undead_revamp2:bomber":2,"twilightforest:death_tome":15,"earthmobsmod:albino_cow":5,"born_in_chaos_v1:barrel_zombie":4,"minecraft:husk":3,"undead_revamp2:the_moonflower":5,"enemyexpansion:sprinter":1,"earthmobsmod:cream_cow":2,"born_in_chaos_v1:decrepit_skeleton":3,"alexsmobs:catfish":5,"born_in_chaos_v1:bloody_gadfly":4,"undead_revamp2:thesomnolence":1,"endermanoverhaul:cave_enderman":1,"iceandfire:ghost":3,"luminousworld:swamp_zombie":6,"minecraft:enderman":2,"minecraft:witch":1,"minecraft:spider":7,"quark:forgotten":1,"naturalist:snail":2,"minecraft:silverfish":1,"minecraft:piglin_brute":15,"artifacts:mimic":1,"minecraft:pig":2,"minecraft:zombie_villager":1,"twilightforest:raven":1,"minecraft:creeper":4,"alexsmobs:crimson_mosquito":2,"minecraft:sheep":4,"born_in_chaos_v1:zombie_fisherman":3,"born_in_chaos_v1:dread_hound":1,"creeperoverhaul:swamp_creeper":2,"minecraft:blaze":11,"born_in_chaos_v1:siamese_skeletonsleft":2,"takesapillage:legioner":1,"luminousworld:swallowtail":1,"minecraft:slime":9,"enemyexpansion:direwolf":4,"born_in_chaos_v1:zombie_bruiser":2,"born_in_chaos_v1:maggot":29,"twilightforest:naga":1,"luminousworld:swamp_skeleton":3,"iceandfire:fire_dragon":1,"earthmobsmod:fancy_chicken":1,"alexsmobs:bison":2,"born_in_chaos_v1:corpse_fish":3,"undead_revamp2:sucker":4,"born_in_chaos_v1:fallen_chaos_knight":1,"born_in_chaos_v1:swarmer":1,"takesapillage:skirmisher":1,"naturalist:catfish":2,"enemyexpansion:huntsman":1,"minecraft:wither_skeleton":29,"enemyexpansion:slugger":2},"minecraft:mined":{"minecraft:dark_oak_planks":1,"minecraft:obsidian":5,"minecraft:granite":7,"minecraft:chiseled_polished_blackstone":2,"minecraft:crimson_trapdoor":1,"minecraft:deepslate_bricks":2,"minecraft:spawner":45,"minecraft:polished_blackstone_bricks":10,"minecraft:tall_seagrass":2,"minecraft:fire":2,"minecraft:deepslate_lapis_ore":8,"minecraft:nether_brick_stairs":5,"minecraft:enchanting_table":1,"minecraft:spruce_wood":6,"minecraft:smoker":1,"minecraft:torch":4,"minecraft:oxidized_copper":1,"minecraft:melon":5,"minecraft:nether_brick_slab":1,"friendsandfoes:buttercup":1,"minecraft:sugar_cane":2,"minecraft:mud":6,"minecraft:wheat":47,"minecraft:copper_block":8,"minecraft:grass":57,"luminousworld:grassvariant_3":1,"minecraft:deepslate":29,"naturalist:cattail":2,"iceandfire:silver_ore":1,"minecraft:cyan_stained_glass":3,"minecraft:nether_bricks":9,"luminousworld:grassvariant_2":3,"luminousworld:whiteoakleaves":5,"minecraft:moss_block":2,"twilightforest:mushgloom":1,"minecraft:packed_mud":3,"minecraft:andesite":8,"minecraft:vine":4,"minecraft:rail":1,"minecraft:warped_stem":7,"ironchest:iron_chest":2,"minecraft:white_wool":2,"quark:oak_chest":4,"minecraft:stone_brick_slab":4,"minecraft:polished_blackstone_brick_wall":4,"minecraft:dandelion":1,"ecologics:walnut_leaves":3,"twilightforest:nagastone":2,"minecraft:tall_grass":16,"minecraft:diorite":8,"luminousworld:whiteoaklog":1,"luminousworld:ishstone":5,"minecraft:sunflower":2,"minecraft:gravel":1,"minecraft:cobweb":33,"minecraft:polished_blackstone":11,"minecraft:stone_bricks":17,"minecraft:fern":7,"minecraft:spruce_planks":10,"minecraft:grass_block":18,"minecraft:mud_bricks":9,"minecraft:glowstone":9,"minecraft:iron_ore":8,"minecraft:azure_bluet":1,"minecraft:red_tulip":1,"minecraft:iron_bars":4,"minecraft:azalea_leaves":1,"ecologics:walnut_log":4,"minecraft:polished_blackstone_wall":3,"minecraft:blackstone":33,"minecraft:magenta_wall_banner":5,"twilightforest:torchberry_plant":7,"minecraft:poppy":2,"iceandfire:ghost_chest":1,"twilightforest:twilight_oak_log":2,"minecraft:nether_quartz_ore":62,"minecraft:cobblestone":11,"minecraft:oak_planks":3,"minecraft:wall_torch":3,"minecraft:birch_log":6,"minecraft:blue_ice":18,"minecraft:smooth_stone_slab":2,"minecraft:oak_log":29,"minecraft:dirt":15,"minecraft:ancient_debris":2,"minecraft:netherrack":464,"minecraft:oak_leaves":6,"luminousworld:grassvariant_4":1,"minecraft:white_stained_glass":2,"minecraft:birch_slab":55,"twilightforest:nagastone_head":1,"minecraft:cracked_nether_bricks":2,"minecraft:crimson_stem":15,"minecraft:hay_block":11,"minecraft:furnace":3,"minecraft:raw_gold_block":16,"minecraft:polished_basalt":2,"minecraft:gold_block":16,"minecraft:nether_brick_fence":5,"minecraft:bookshelf":19,"minecraft:stone":237,"minecraft:scaffolding":1,"minecraft:infested_stone_bricks":1,"minecraft:basalt":116,"minecraft:crafting_table":2,"minecraft:lily_pad":2,"minecraft:polished_blackstone_brick_stairs":3,"supplementaries:urn":5,"minecraft:gray_wool":1,"minecraft:birch_planks":3,"minecraft:polished_blackstone_stairs":4,"minecraft:ice":13,"minecraft:white_wall_banner":6,"minecraft:coal_ore":52,"minecraft:cracked_stone_bricks":10,"minecraft:mossy_stone_bricks":8},"minecraft:used":{"minecraft:nether_brick_fence":2,"minecraft:polished_blackstone":15,"minecraft:poppy":3,"minecraft:ladder":10,"minecraft:chest":1,"minecraft:stone":1,"earthmobsmod:fancy_egg":1,"minecraft:rotten_flesh":2,"minecraft:orange_wool":1,"ironchest:iron_chest":3,"iceandfire:ghost_chest":1,"twilightforest:nagastone":2,"minecraft:bow":140,"minecraft:furnace":7,"supplementaries:ash":3,"minecraft:oak_sapling":7,"minecraft:egg":1,"minecraft:potato":4,"minecraft:mossy_stone_bricks":4,"minecraft:blackstone_stairs":1,"minecraft:blackstone":15,"minecraft:cookie":10,"minecraft:golden_apple":4,"earthmobsmod:duck_egg":1,"minecraft:birch_slab":142,"born_in_chaos_v1:monster_flesh":1,"minecraft:diamond_sword":1237,"supplementaries:soap":1,"ironchest:wood_to_iron_chest_upgrade":1,"naturalist:catfish":1,"minecraft:enchanting_table":2,"minecraft:polished_blackstone_wall":1,"born_in_chaos_v1:fried_maggot":2,"minecraft:netherrack":95,"minecraft:torch":113,"minecraft:anvil":1,"minecraft:nether_brick_slab":1,"minecraft:iron_axe":329,"minecraft:mud_bricks":9,"minecraft:basalt":85,"minecraft:beef":4,"minecraft:oxidized_copper":1,"ecologics:walnut":3,"tombstone:gift":11,"minecraft:cobbled_deepslate":28,"minecraft:golden_axe":32,"minecraft:wheat_seeds":46,"minecraft:water_bucket":6,"minecraft:birch_planks":6,"minecraft:lime_wool":1,"luminousworld:white_oak_plank":4,"minecraft:deepslate_bricks":2,"minecraft:polished_blackstone_bricks":22,"minecraft:cracked_stone_bricks":8,"minecraft:rail":1,"minecraft:crafting_table":11,"iceandfire:armor_bronze_chestplate":1,"luminousworld:cooked_bass":4,"minecraft:oak_log":2,"minecraft:mud":2,"minecraft:diamond_pickaxe":991,"minecraft:cornflower":1,"minecraft:sunflower":1,"earthmobsmod:mud_bucket":90,"minecraft:iron_pickaxe":350,"twilightforest:nagastone_head":1,"minecraft:cobblestone":106,"minecraft:azalea_leaves":7,"twilightforest:raw_venison":4,"minecraft:cooked_porkchop":27,"minecraft:porkchop":14,"quark:oak_chest":10,"minecraft:dandelion":3,"minecraft:diamond_leggings":4,"minecraft:polished_basalt":3,"minecraft:shield":11,"minecraft:iron_sword":426,"minecraft:iron_chestplate":2,"minecraft:mutton":5,"minecraft:carrot":3,"ironchest:copper_to_iron_chest_upgrade":1,"minecraft:obsidian":25,"born_in_chaos_v1:corpse_maggot":17,"twilightforest:cooked_venison":12,"minecraft:polished_blackstone_brick_wall":6,"minecraft:stone_bricks":11,"minecraft:written_book":1,"minecraft:polished_blackstone_stairs":15,"alexsmobs:raw_catfish":17,"minecraft:chiseled_polished_blackstone":3,"minecraft:oak_planks":12,"ad_astra:compressor":1,"minecraft:ender_pearl":2,"minecraft:sugar_cane":6,"minecraft:white_wool":5,"minecraft:shears":22,"minecraft:bread":110,"minecraft:melon_slice":54,"minecraft:brown_wool":1,"ironchest:iron_to_gold_chest_upgrade":3,"naturalist:cooked_duck":1,"minecraft:smooth_stone_slab":4,"minecraft:bone_meal":25,"minecraft:experience_bottle":17,"minecraft:flint_and_steel":13,"minecraft:spruce_planks":2,"minecraft:cooked_chicken":1,"minecraft:dirt":23,"minecraft:diamond_helmet":1,"minecraft:stone_brick_slab":4,"minecraft:bookshelf":19,"minecraft:polished_blackstone_brick_stairs":1,"ironchest:gold_chest":1,"minecraft:cooked_beef":29,"minecraft:iron_leggings":1,"minecraft:cooked_mutton":1,"luminousworld:ishstone":1,"ironchest:wood_to_copper_chest_upgrade":1,"minecraft:smoker":1,"minecraft:apple":1,"minecraft:cracked_nether_bricks":2,"iceandfire:ash":1,"minecraft:stone_axe":49,"minecraft:magenta_banner":1,"minecraft:bucket":98,"minecraft:gray_wool":1}},"DataVersion":3465}