{"stats":{"minecraft:broken":{"minecraft:diamond_helmet":1,"minecraft:iron_chestplate":1,"minecraft:iron_leggings":2,"iceandfire:armor_bronze_boots":1,"iceandfire:armor_bronze_chestplate":1,"minecraft:iron_sword":2,"minecraft:diamond_leggings":1,"aether:iron_gloves":1,"minecraft:golden_axe":1,"minecraft:iron_axe":1,"minecraft:iron_helmet":1},"minecraft:killed_by":{"undead_revamp2:sucker":1,"undead_revamp2:the_moonflower":1,"minecraft:wither_skeleton":1,"undead_revamp2:clogger":1,"undead_revamp2:bomber":1,"minecraft:witch":1,"minecraft:zombie":3,"iceandfire:fire_dragon":8,"minecraft:skeleton":20},"minecraft:crafted":{"naturalist:cooked_duck":1,"minecraft:oak_planks":148,"quark:birch_chest":2,"ecologics:walnut_planks":12,"minecraft:birch_slab":108,"twilightforest:cooked_venison":12,"minecraft:iron_boots":1,"minecraft:chest":2,"alexsmobs:cooked_catfish":4,"twilightforest:magic_map_focus":1,"minecraft:golden_axe":1,"ironchest:wood_to_copper_chest_upgrade":1,"sophisticatedbackpacks:backpack":1,"luminousworld:cooked_bass":4,"minecraft:crafting_table":8,"minecraft:spruce_planks":24,"minecraft:copper_ingot":72,"minecraft:birch_planks":80,"sophisticatedbackpacks:upgrade_base":1,"minecraft:charcoal":2,"minecraft:iron_chestplate":2,"minecraft:diamond_pickaxe":1,"minecraft:shield":1,"sophisticatedbackpacks:diamond_backpack":1,"minecraft:stick":88,"quark:oak_chest":11,"minecraft:iron_ingot":17,"minecraft:iron_pickaxe":2,"minecraft:iron_block":13,"minecraft:gold_ingot":18,"minecraft:shears":1,"ironchest:copper_to_iron_chest_upgrade":1,"minecraft:furnace":3,"minecraft:bone_meal":51,"minecraft:cyan_stained_glass":4,"minecraft:flint_and_steel":1,"minecraft:leather":2,"twilightforest:twilight_oak_planks":8,"minecraft:iron_axe":1,"minecraft:ladder":16,"luminousworld:white_oak_plank":4,"minecraft:iron_hoe":1,"born_in_chaos_v1:fried_maggot":2,"iceandfire:armor_bronze_chestplate":2,"minecraft:wheat":91,"sophisticatedbackpacks:iron_backpack":1,"minecraft:cooked_beef":3,"ironchest:gold_chest":1,"ironchest:wood_to_iron_chest_upgrade":1,"minecraft:diamond_sword":1,"minecraft:enchanting_table":1,"iceandfire:armor_bronze_boots":2,"minecraft:iron_sword":1,"sophisticatedbackpacks:gold_backpack":1,"minecraft:bucket":2,"minecraft:stone_axe":2,"minecraft:bread":35,"minecraft:air":0,"ironchest:iron_to_gold_chest_upgrade":3,"minecraft:raw_gold":144,"minecraft:iron_leggings":1,"minecraft:anvil":1,"minecraft:torch":290,"twilightforest:magic_map":1,"ironchest:iron_chest":2},"minecraft:custom":{"minecraft:animals_bred":6,"minecraft:interact_with_crafting_table":67,"minecraft:open_barrel":86,"minecraft:eat_cake_slice":1,"minecraft:leave_game":6,"minecraft:time_since_death":21167,"minecraft:sprint_one_cm":2078131,"minecraft:damage_blocked_by_shield":30,"minecraft:drop":175,"minecraft:talked_to_villager":4,"minecraft:play_time":603548,"minecraft:deaths":49,"minecraft:jump":10701,"minecraft:interact_with_brewingstand":1,"minecraft:walk_on_water_one_cm":140450,"minecraft:interact_with_furnace":53,"minecraft:interact_with_loom":1,"minecraft:sleep_in_bed":11,"minecraft:damage_dealt":81368,"minecraft:crouch_one_cm":38144,"tombstone:undead_killed":230,"minecraft:interact_with_smoker":2,"minecraft:interact_with_anvil":6,"minecraft:mob_kills":443,"minecraft:damage_dealt_resisted":2203,"minecraft:climb_one_cm":37181,"minecraft:walk_one_cm":1525841,"minecraft:damage_dealt_absorbed":600,"minecraft:sneak_time":11259,"minecraft:walk_under_water_one_cm":37720,"minecraft:total_world_time":603548,"tombstone:raider_killed":11,"minecraft:time_since_rest":19852,"minecraft:damage_taken":23912,"minecraft:trigger_trapped_chest":3,"minecraft:swim_one_cm":133025,"minecraft:fly_one_cm":14219056,"minecraft:open_chest":426,"minecraft:fall_one_cm":250667},"minecraft:picked_up":{"minecraft:seagrass":2,"minecraft:iron_chestplate":3,"minecraft:wheat":201,"minecraft:chainmail_boots":1,"illagerinvasion:platinum_chunk":2,"minecraft:nether_brick_fence":5,"minecraft:stone_slab":1,"minecraft:diamond_sword":5,"minecraft:oak_stairs":16,"enemyexpansion:wasp_thorax":1,"earthmobsmod:fancy_egg":7,"friendsandfoes:buttercup":1,"minecraft:enchanted_book":2,"minecraft:nether_brick":7,"tombstone:grave_key":1,"minecraft:polished_blackstone_brick_stairs":15,"minecraft:string":37,"minecraft:dark_oak_trapdoor":2,"minecraft:raw_copper":19,"minecraft:smooth_stone_slab":14,"minecraft:iron_leggings":3,"minecraft:beetroot":4,"minecraft:gold_nugget":9,"minecraft:cobbled_deepslate":46,"earthmobsmod:duck_egg":1,"minecraft:spruce_planks":10,"quark:cyan_shard":17,"minecraft:smooth_quartz":1,"minecraft:iron_pickaxe":3,"minecraft:melon_slice":54,"minecraft:furnace":2,"minecraft:smooth_quartz_stairs":1,"minecraft:iron_boots":2,"artifacts:universal_attractor":1,"minecraft:stick":18,"iceandfire:ghost_chest":1,"minecraft:polished_blackstone_stairs":27,"born_in_chaos_v1:shattered_skull":2,"ecologics:walnut_log":4,"minecraft:torch":15,"minecraft:porkchop":4,"iceandfire:armor_bronze_chestplate":1,"tombstone:grave_dust":42,"minecraft:diorite":8,"minecraft:vine":1,"minecraft:rabbit_foot":9,"luminousworld:grassflowers":4,"minecraft:stone_sword":2,"quark:clear_shard":15,"minecraft:rotten_flesh":451,"luminousworld:yellow_grassflowers":8,"minecraft:tropical_fish":3,"aether:chainmail_gloves":1,"minecraft:polished_basalt":8,"iceandfire:fire_dragon_heart":3,"minecraft:red_tulip":1,"minecraft:bookshelf":19,"supplementaries:ash":50,"minecraft:blaze_rod":4,"minecraft:obsidian":6,"undead_revamp2:arapholia":2,"minecraft:iron_bars":4,"minecraft:cod":1,"minecraft:cobblestone":283,"ecologics:walnut":4,"minecraft:birch_log":11,"minecraft:enchanting_table":1,"minecraft:oxidized_copper":1,"minecraft:feather":5,"minecraft:cooked_beef":20,"twilightforest:twilight_oak_log":2,"minecraft:andesite":8,"minecraft:birch_slab":60,"minecraft:jungle_log":20,"minecraft:brown_wool":1,"minecraft:copper_block":8,"minecraft:potato":2,"alexsmobs:bison_fur":3,"minecraft:flint":3,"supplementaries:flax_seeds":1,"artifacts:flame_pendant":1,"minecraft:lapis_lazuli":51,"minecraft:dirt":140,"iceandfire:dragonscales_bronze":24,"minecraft:lantern":12,"born_in_chaos_v1:monster_skin":3,"minecraft:bone":167,"minecraft:wheat_seeds":243,"minecraft:pink_banner":1,"minecraft:mossy_stone_bricks":10,"minecraft:glowstone_dust":26,"minecraft:moss_block":2,"minecraft:oak_planks":3,"twilightforest:mushgloom":4,"luminousworld:bass_item":4,"minecraft:chiseled_polished_blackstone":7,"luminousworld:creepberries":39,"naturalist:cattail_fluff":2,"minecraft:poisonous_potato":4,"iceandfire:dragon_skull_fire":1,"minecraft:sand":2,"minecraft:nether_brick_stairs":6,"sophisticatedbackpacks:iron_backpack":1,"minecraft:ink_sac":1,"minecraft:spectral_arrow":8,"naturalist:duck_egg":2,"minecraft:dark_oak_log":3,"alexsmobs:animal_dictionary":3,"minecraft:orange_wool":1,"minecraft:bundle":1,"minecraft:iron_hoe":1,"minecraft:diamond":1,"minecraft:writable_book":3,"minecraft:granite":7,"minecraft:bone_meal":2,"minecraft:bread":49,"minecraft:chainmail_helmet":4,"minecraft:emerald":3,"born_in_chaos_v1:rotten_fish":23,"minecraft:oak_sapling":21,"minecraft:netherrack":95,"twilightforest:torchberries":7,"iceandfire:raw_silver":1,"minecraft:mud":10,"minecraft:crafting_table":3,"minecraft:ladder":3,"minecraft:azure_bluet":2,"minecraft:chicken":1,"iceandfire:witherbone":15,"born_in_chaos_v1:river_mint":6,"minecraft:clay_ball":3,"minecraft:brown_mushroom":4,"minecraft:stone_brick_wall":12,"minecraft:gold_block":16,"minecraft:crimson_trapdoor":8,"twilightforest:nagastone":2,"minecraft:chain":1,"minecraft:heavy_weighted_pressure_plate":2,"minecraft:cornflower":3,"minecraft:oak_trapdoor":1,"minecraft:iron_axe":4,"minecraft:polished_blackstone_wall":9,"minecraft:blackstone":53,"minecraft:blue_orchid":13,"ecologics:walnut_sapling":4,"iceandfire:bestiary":1,"minecraft:cracked_stone_bricks":10,"minecraft:stripped_warped_stem":5,"twilightforest:nagastone_head":1,"minecraft:beef":14,"minecraft:player_head":2,"minecraft:iron_nugget":10,"minecraft:poppy":5,"naturalist:catfish":2,"minecraft:sugar_cane":2,"minecraft:egg":1,"minecraft:lime_wool":1,"minecraft:raw_iron":10,"iceandfire:dragonbone":9,"naturalist:duck":3,"minecraft:stone":1,"minecraft:raw_gold_block":16,"minecraft:copper_ingot":2,"minecraft:fire_charge":2,"ironchest:iron_chest":2,"minecraft:polished_blackstone_bricks":16,"minecraft:stone_button":57,"minecraft:cookie":10,"born_in_chaos_v1:pieceofdarkmetal":7,"minecraft:redstone":1,"minecraft:stone_pressure_plate":6,"minecraft:prismarine_crystals":4,"minecraft:dark_oak_planks":1,"minecraft:smooth_sandstone_slab":3,"luminousworld:white_oak_sapling":2,"minecraft:arrow":123,"minecraft:nether_bricks":8,"minecraft:shears":1,"minecraft:deepslate_bricks":2,"minecraft:hay_block":14,"minecraft:rail":2,"born_in_chaos_v1:spiny_shell":1,"minecraft:gold_ingot":36,"tombstone:essence_of_undeath":2,"minecraft:polished_blackstone":31,"minecraft:brick_stairs":2,"minecraft:mutton":19,"minecraft:white_wool":34,"minecraft:bone_block":15,"minecraft:crimson_slab":7,"minecraft:oxeye_daisy":5,"born_in_chaos_v1:fused_bone":2,"born_in_chaos_v1:corpse_maggot":27,"minecraft:mud_bricks":9,"minecraft:basalt":47,"born_in_chaos_v1:monster_flesh":5,"minecraft:tripwire_hook":1,"minecraft:glow_ink_sac":1,"minecraft:magenta_banner":9,"luminousworld:ishstone":5,"minecraft:leather":27,"minecraft:acacia_wood":1,"minecraft:birch_planks":6,"minecraft:packed_mud":3,"minecraft:nether_wart_block":1,"minecraft:oak_log":56,"minecraft:lily_pad":1,"minecraft:gunpowder":10,"minecraft:paper":203,"minecraft:white_banner":16,"quark:forgotten_hat":1,"naturalist:bass":2,"minecraft:cooked_mutton":1,"twilightforest:raw_venison":16,"minecraft:apple":8,"minecraft:stone_bricks":18,"minecraft:rabbit_hide":24,"minecraft:spruce_wood":6,"minecraft:iron_ingot":2,"minecraft:cobweb":28,"minecraft:cooked_chicken":1,"minecraft:glass_bottle":1,"luminousworld:white_petunias":4,"minecraft:soul_sand":7,"minecraft:iron_sword":2,"iceandfire:fire_dragon_flesh":4,"sophisticatedbackpacks:diamond_backpack":4,"minecraft:book":27,"minecraft:oak_slab":3,"quark:white_shard":7,"minecraft:dandelion":16,"iceandfire:ash":3,"minecraft:stone_brick_slab":4,"born_in_chaos_v1:ethereal_spirit":1,"minecraft:cracked_nether_bricks":2,"minecraft:gravel":2,"minecraft:soul_torch":1,"minecraft:nether_brick_slab":15,"minecraft:crying_obsidian":2,"quark:oak_chest":4,"minecraft:spider_eye":14,"minecraft:brick_slab":2,"luminousworld:whiteoaklog":3,"undead_revamp2:rawbostrox":6,"alexsmobs:raw_catfish":61,"minecraft:slime_ball":27,"minecraft:chainmail_leggings":3,"twilightforest:raven_feather":1,"minecraft:iron_helmet":1,"minecraft:painting":37,"minecraft:gray_wool":1,"minecraft:polished_blackstone_brick_wall":9,"minecraft:smooth_quartz_slab":1,"tombstone:magic_scroll":4,"minecraft:black_wool":4,"minecraft:coal":64,"minecraft:sunflower":2,"minecraft:ender_pearl":1},"minecraft:dropped":{"sophisticatedbackpacks:iron_backpack":1,"minecraft:iron_sword":2,"minecraft:acacia_wood":1,"minecraft:moss_block":2,"luminousworld:white_petunias":4,"minecraft:oak_log":2,"minecraft:glass_bottle":1,"minecraft:diamond":2,"minecraft:lantern":3,"minecraft:leather":2,"minecraft:cracked_stone_bricks":2,"born_in_chaos_v1:pieceofdarkmetal":2,"minecraft:polished_blackstone_brick_wall":1,"minecraft:flint":2,"born_in_chaos_v1:monster_flesh":1,"minecraft:packed_mud":3,"minecraft:dirt":42,"minecraft:dark_oak_log":3,"minecraft:stone_button":1,"born_in_chaos_v1:monster_skin":2,"minecraft:cornflower":2,"minecraft:dark_oak_trapdoor":2,"minecraft:writable_book":1,"minecraft:sunflower":1,"minecraft:sand":1,"minecraft:iron_pickaxe":1,"minecraft:birch_log":4,"minecraft:white_wool":2,"minecraft:gold_ingot":48,"minecraft:bone":10,"minecraft:gravel":2,"minecraft:blackstone":4,"minecraft:sugar_cane":2,"minecraft:iron_nugget":10,"alexsmobs:animal_dictionary":4,"minecraft:wheat":1,"aether:leather_gloves":1,"minecraft:azure_bluet":1,"sophisticatedbackpacks:diamond_backpack":4,"minecraft:poppy":2,"luminousworld:grassflowers":2,"minecraft:brick_stairs":2,"minecraft:jungle_log":10,"born_in_chaos_v1:corpse_maggot":7,"minecraft:stone_brick_wall":12,"iceandfire:bestiary":1,"minecraft:basalt":1,"minecraft:oak_slab":3,"minecraft:wheat_seeds":48,"minecraft:smooth_quartz_stairs":1,"minecraft:cobblestone":10,"minecraft:chainmail_helmet":1,"minecraft:stick":2,"minecraft:oxeye_daisy":5,"born_in_chaos_v1:river_mint":4,"tombstone:grave_key":2,"tombstone:grave_dust":3,"minecraft:iron_axe":1,"minecraft:mud":4,"twilightforest:mushgloom":2,"minecraft:chainmail_leggings":2,"minecraft:string":5,"minecraft:dandelion":13,"minecraft:player_head":2,"minecraft:smooth_stone_slab":10,"born_in_chaos_v1:rotten_fish":2,"iceandfire:armor_bronze_boots":1,"minecraft:clay_ball":3,"naturalist:cattail_fluff":2,"iceandfire:armor_bronze_chestplate":2,"minecraft:shears":1,"luminousworld:yellow_grassflowers":2,"minecraft:diamond_sword":1,"minecraft:shield":1,"aether:chainmail_gloves":1,"minecraft:spruce_planks":10,"minecraft:mossy_stone_bricks":1,"minecraft:oak_sapling":9,"minecraft:blue_orchid":13,"minecraft:brick_slab":2,"minecraft:black_wool":1},"minecraft:killed":{"earthmobsmod:duck":1,"minecraft:cave_spider":3,"earthmobsmod:jumbo_rabbit":3,"born_in_chaos_v1:restless_spirit":2,"born_in_chaos_v1:zombie_lumberjack":1,"minecraft:spider":7,"naturalist:robin":2,"born_in_chaos_v1:siamese_skeletonsright":2,"illagerinvasion:basher":2,"quark:forgotten":1,"naturalist:snail":2,"minecraft:skeleton":89,"minecraft:chicken":1,"alexsmobs:capuchin_monkey":2,"born_in_chaos_v1:skeleton_thrasher":2,"luminousworld:bass_fish":4,"earthmobsmod:zombified_rabbit":1,"minecraft:silverfish":1,"minecraft:piglin_brute":11,"undead_revamp2:thespitter":1,"artifacts:mimic":1,"minecraft:magma_cube":7,"minecraft:pig":2,"minecraft:zombie_villager":1,"undead_revamp2:theheavy":1,"twilightforest:raven":1,"minecraft:creeper":3,"minecraft:sheep":4,"born_in_chaos_v1:zombie_fisherman":2,"minecraft:pillager":2,"enemyexpansion:meature":2,"minecraft:zombie":56,"born_in_chaos_v1:dread_hound":1,"creeperoverhaul:swamp_creeper":2,"born_in_chaos_v1:corpse_fly":5,"enemyexpansion:botfly":6,"born_in_chaos_v1:siamese_skeletonsleft":2,"minecraft:blaze":11,"minecraft:cow":2,"twilightforest:deer":6,"takesapillage:legioner":1,"minecraft:vindicator":4,"illagerinvasion:marauder":1,"luminousworld:swallowtail":1,"minecraft:slime":9,"undead_revamp2:bomber":2,"enemyexpansion:direwolf":3,"born_in_chaos_v1:zombie_bruiser":2,"born_in_chaos_v1:maggot":28,"twilightforest:naga":1,"luminousworld:swamp_skeleton":3,"iceandfire:fire_dragon":1,"earthmobsmod:fancy_chicken":1,"twilightforest:death_tome":15,"alexsmobs:bison":2,"born_in_chaos_v1:corpse_fish":3,"undead_revamp2:sucker":4,"earthmobsmod:albino_cow":5,"born_in_chaos_v1:barrel_zombie":3,"born_in_chaos_v1:fallen_chaos_knight":1,"minecraft:husk":3,"born_in_chaos_v1:swarmer":1,"takesapillage:skirmisher":1,"undead_revamp2:the_moonflower":5,"enemyexpansion:sprinter":1,"earthmobsmod:cream_cow":2,"born_in_chaos_v1:decrepit_skeleton":3,"alexsmobs:catfish":5,"born_in_chaos_v1:bloody_gadfly":3,"undead_revamp2:thesomnolence":1,"endermanoverhaul:cave_enderman":1,"naturalist:catfish":2,"luminousworld:swamp_zombie":6,"iceandfire:ghost":3,"enemyexpansion:huntsman":1,"minecraft:wither_skeleton":29,"minecraft:enderman":2,"enemyexpansion:slugger":2},"minecraft:mined":{"minecraft:dark_oak_planks":1,"minecraft:spruce_planks":10,"minecraft:obsidian":5,"minecraft:granite":7,"minecraft:chiseled_polished_blackstone":2,"minecraft:grass_block":18,"minecraft:crimson_trapdoor":1,"minecraft:deepslate_bricks":2,"minecraft:mud_bricks":9,"minecraft:spawner":45,"minecraft:tall_seagrass":2,"minecraft:polished_blackstone_bricks":3,"minecraft:glowstone":9,"minecraft:iron_ore":8,"minecraft:fire":1,"minecraft:deepslate_lapis_ore":8,"minecraft:azure_bluet":1,"minecraft:nether_brick_stairs":5,"minecraft:enchanting_table":1,"minecraft:red_tulip":1,"minecraft:iron_bars":4,"minecraft:spruce_wood":6,"ecologics:walnut_log":4,"minecraft:azalea_leaves":1,"minecraft:blackstone":6,"minecraft:magenta_wall_banner":5,"twilightforest:torchberry_plant":7,"minecraft:torch":4,"minecraft:oxidized_copper":1,"minecraft:poppy":2,"minecraft:melon":5,"iceandfire:ghost_chest":1,"twilightforest:twilight_oak_log":2,"minecraft:nether_brick_slab":1,"minecraft:cobblestone":8,"friendsandfoes:buttercup":1,"minecraft:oak_planks":3,"minecraft:sugar_cane":2,"minecraft:wall_torch":3,"minecraft:birch_log":6,"minecraft:mud":6,"minecraft:wheat":47,"minecraft:copper_block":8,"minecraft:smooth_stone_slab":2,"minecraft:grass":56,"minecraft:oak_log":29,"minecraft:dirt":15,"luminousworld:grassvariant_3":1,"minecraft:oak_leaves":6,"minecraft:netherrack":73,"minecraft:deepslate":29,"naturalist:cattail":2,"iceandfire:silver_ore":1,"luminousworld:grassvariant_4":1,"minecraft:cyan_stained_glass":3,"minecraft:nether_bricks":9,"minecraft:white_stained_glass":2,"luminousworld:grassvariant_2":3,"luminousworld:whiteoakleaves":5,"minecraft:birch_slab":55,"minecraft:moss_block":2,"twilightforest:nagastone_head":1,"minecraft:cracked_nether_bricks":2,"minecraft:hay_block":11,"twilightforest:mushgloom":1,"minecraft:furnace":2,"minecraft:packed_mud":3,"minecraft:polished_basalt":2,"minecraft:raw_gold_block":16,"minecraft:andesite":8,"minecraft:gold_block":16,"minecraft:nether_brick_fence":5,"minecraft:bookshelf":19,"minecraft:vine":4,"ironchest:iron_chest":2,"minecraft:stone":237,"minecraft:white_wool":2,"minecraft:infested_stone_bricks":1,"quark:oak_chest":4,"minecraft:basalt":42,"minecraft:stone_brick_slab":4,"minecraft:dandelion":1,"minecraft:polished_blackstone_brick_wall":2,"minecraft:crafting_table":2,"ecologics:walnut_leaves":3,"minecraft:tall_grass":15,"twilightforest:nagastone":2,"minecraft:lily_pad":2,"minecraft:polished_blackstone_brick_stairs":2,"minecraft:diorite":8,"supplementaries:urn":5,"luminousworld:whiteoaklog":1,"minecraft:gray_wool":1,"minecraft:birch_planks":3,"minecraft:polished_blackstone_stairs":4,"minecraft:white_wall_banner":6,"minecraft:coal_ore":52,"luminousworld:ishstone":5,"minecraft:sunflower":2,"minecraft:gravel":1,"minecraft:cobweb":33,"minecraft:cracked_stone_bricks":10,"minecraft:polished_blackstone":9,"minecraft:stone_bricks":17,"minecraft:mossy_stone_bricks":8,"minecraft:fern":7},"minecraft:used":{"minecraft:nether_brick_fence":2,"minecraft:polished_blackstone":15,"minecraft:ladder":3,"minecraft:poppy":3,"minecraft:polished_basalt":2,"minecraft:chest":1,"minecraft:shield":1,"minecraft:iron_sword":426,"minecraft:stone":1,"earthmobsmod:fancy_egg":1,"minecraft:rotten_flesh":2,"minecraft:iron_chestplate":2,"minecraft:mutton":5,"minecraft:carrot":3,"minecraft:orange_wool":1,"ironchest:iron_chest":3,"ironchest:copper_to_iron_chest_upgrade":1,"minecraft:obsidian":25,"born_in_chaos_v1:corpse_maggot":14,"twilightforest:cooked_venison":12,"minecraft:polished_blackstone_brick_wall":6,"iceandfire:ghost_chest":1,"minecraft:stone_bricks":11,"twilightforest:nagastone":2,"minecraft:bow":140,"minecraft:oak_sapling":7,"supplementaries:ash":3,"minecraft:furnace":5,"minecraft:egg":1,"minecraft:potato":4,"minecraft:polished_blackstone_stairs":15,"minecraft:mossy_stone_bricks":4,"alexsmobs:raw_catfish":17,"minecraft:chiseled_polished_blackstone":3,"minecraft:oak_planks":12,"minecraft:blackstone":7,"minecraft:ender_pearl":2,"minecraft:sugar_cane":6,"minecraft:cookie":10,"minecraft:white_wool":5,"minecraft:shears":22,"earthmobsmod:duck_egg":1,"born_in_chaos_v1:monster_flesh":1,"ironchest:iron_to_gold_chest_upgrade":3,"minecraft:melon_slice":54,"minecraft:birch_slab":142,"minecraft:bread":110,"minecraft:brown_wool":1,"minecraft:diamond_sword":1100,"naturalist:cooked_duck":1,"minecraft:smooth_stone_slab":4,"minecraft:bone_meal":25,"minecraft:experience_bottle":17,"ironchest:wood_to_iron_chest_upgrade":1,"naturalist:catfish":1,"minecraft:enchanting_table":2,"minecraft:flint_and_steel":3,"minecraft:spruce_planks":2,"born_in_chaos_v1:fried_maggot":2,"minecraft:cooked_chicken":1,"minecraft:netherrack":95,"minecraft:torch":111,"minecraft:dirt":23,"minecraft:anvil":1,"minecraft:diamond_helmet":1,"minecraft:nether_brick_slab":1,"minecraft:stone_brick_slab":4,"minecraft:bookshelf":19,"minecraft:iron_axe":329,"minecraft:polished_blackstone_brick_stairs":1,"minecraft:mud_bricks":9,"minecraft:basalt":42,"minecraft:beef":4,"minecraft:oxidized_copper":1,"ecologics:walnut":3,"ironchest:gold_chest":1,"tombstone:gift":9,"minecraft:iron_leggings":1,"minecraft:cooked_beef":23,"minecraft:cobbled_deepslate":28,"minecraft:golden_axe":32,"minecraft:wheat_seeds":46,"minecraft:cooked_mutton":1,"minecraft:water_bucket":6,"minecraft:birch_planks":6,"minecraft:lime_wool":1,"luminousworld:white_oak_plank":4,"luminousworld:ishstone":1,"ironchest:wood_to_copper_chest_upgrade":1,"minecraft:cracked_stone_bricks":4,"minecraft:deepslate_bricks":2,"minecraft:polished_blackstone_bricks":8,"minecraft:crafting_table":10,"luminousworld:cooked_bass":3,"iceandfire:armor_bronze_chestplate":1,"minecraft:oak_log":2,"minecraft:mud":2,"minecraft:diamond_pickaxe":383,"minecraft:cornflower":1,"minecraft:sunflower":1,"earthmobsmod:mud_bucket":90,"minecraft:iron_pickaxe":350,"minecraft:cracked_nether_bricks":2,"twilightforest:nagastone_head":1,"iceandfire:ash":1,"minecraft:stone_axe":27,"minecraft:magenta_banner":1,"minecraft:cobblestone":86,"minecraft:azalea_leaves":7,"minecraft:porkchop":14,"twilightforest:raw_venison":4,"minecraft:bucket":97,"minecraft:cooked_porkchop":12,"quark:oak_chest":10,"minecraft:dandelion":3,"minecraft:diamond_leggings":4,"minecraft:gray_wool":1}},"DataVersion":3465}