{"stats":{"minecraft:picked_up":{"minecraft:oak_log":5,"minecraft:gray_wool":1,"minecraft:dirt":1},"minecraft:crafted":{"minecraft:oak_planks":8,"minecraft:iron_axe":1,"minecraft:crafting_table":1,"minecraft:stick":4,"minecraft:iron_pickaxe":1},"minecraft:custom":{"minecraft:time_since_rest":11869,"minecraft:open_chest":3,"minecraft:play_time":20053,"minecraft:crouch_one_cm":43,"minecraft:sprint_one_cm":42609,"minecraft:damage_taken":40,"minecraft:walk_one_cm":16034,"minecraft:sneak_time":17,"minecraft:jump":295,"minecraft:time_since_death":20053,"minecraft:sleep_in_bed":1,"minecraft:total_world_time":20053,"minecraft:interact_with_crafting_table":3,"minecraft:fall_one_cm":12038,"minecraft:fly_one_cm":63372},"minecraft:mined":{"minecraft:grass":1,"minecraft:gray_wool":1,"minecraft:grass_block":1,"minecraft:oak_log":5},"minecraft:used":{"minecraft:dirt":1,"minecraft:crafting_table":1,"minecraft:iron_axe":3,"minecraft:bread":2,"minecraft:gray_wool":1}},"DataVersion":3465}