{"stats":{"minecraft:killed":{"born_in_chaos_v1:barrel_zombie":1,"minecraft:husk":3,"born_in_chaos_v1:zombie_lumberjack":1,"born_in_chaos_v1:restless_spirit":1,"minecraft:spider":2,"enemyexpansion:sprinter":1,"earthmobsmod:cream_cow":2,"born_in_chaos_v1:siamese_skeletonsright":2,"born_in_chaos_v1:zombie_bruiser":1,"born_in_chaos_v1:maggot":8,"minecraft:skeleton":7,"enemyexpansion:meature":1,"minecraft:zombie":7,"iceandfire:ghost":3,"luminousworld:swamp_zombie":1,"born_in_chaos_v1:dread_hound":1,"creeperoverhaul:swamp_creeper":1,"alexsmobs:capuchin_monkey":2,"earthmobsmod:albino_cow":4,"born_in_chaos_v1:siamese_skeletonsleft":2},"minecraft:picked_up":{"born_in_chaos_v1:fused_bone":2,"minecraft:seagrass":2,"born_in_chaos_v1:corpse_maggot":2,"minecraft:wheat":3,"minecraft:oxidized_copper":1,"minecraft:cooked_beef":13,"born_in_chaos_v1:river_mint":5,"born_in_chaos_v1:monster_flesh":1,"minecraft:jungle_log":20,"minecraft:leather":6,"minecraft:oak_log":14,"minecraft:dirt":33,"minecraft:string":14,"born_in_chaos_v1:monster_skin":1,"minecraft:bone":12,"minecraft:beetroot":1,"minecraft:cracked_stone_bricks":2,"minecraft:wheat_seeds":23,"minecraft:iron_ingot":1,"minecraft:iron_pickaxe":1,"minecraft:mossy_stone_bricks":1,"minecraft:melon_slice":54,"minecraft:iron_sword":1,"minecraft:oak_planks":3,"minecraft:stick":5,"artifacts:universal_attractor":1,"iceandfire:ghost_chest":1,"minecraft:poisonous_potato":1,"minecraft:torch":4,"born_in_chaos_v1:ethereal_spirit":1,"minecraft:cookie":5,"tombstone:grave_dust":7,"minecraft:spider_eye":1,"minecraft:dark_oak_log":3,"alexsmobs:animal_dictionary":3,"minecraft:iron_hoe":1,"minecraft:arrow":7,"minecraft:rotten_flesh":35,"minecraft:tropical_fish":1,"minecraft:shears":1,"aether:chainmail_gloves":1,"minecraft:chainmail_leggings":2,"born_in_chaos_v1:spiny_shell":1,"minecraft:gray_wool":1,"minecraft:gold_ingot":2,"minecraft:chainmail_helmet":1,"supplementaries:ash":4,"minecraft:black_wool":4,"minecraft:white_wool":28,"minecraft:cobblestone":19},"minecraft:crafted":{"minecraft:oak_planks":48,"sophisticatedbackpacks:backpack":1,"minecraft:crafting_table":2,"minecraft:iron_sword":1,"minecraft:leather":2,"minecraft:iron_boots":1,"minecraft:iron_chestplate":1,"minecraft:shield":1,"minecraft:iron_axe":1,"minecraft:stick":12,"quark:oak_chest":1,"minecraft:iron_pickaxe":1,"minecraft:iron_leggings":1,"minecraft:torch":32,"minecraft:shears":1},"minecraft:custom":{"minecraft:interact_with_furnace":1,"minecraft:mob_kills":53,"minecraft:animals_bred":5,"minecraft:interact_with_crafting_table":7,"minecraft:open_barrel":8,"minecraft:interact_with_loom":1,"minecraft:damage_dealt_resisted":30,"minecraft:leave_game":1,"minecraft:time_since_death":62882,"minecraft:sleep_in_bed":8,"minecraft:climb_one_cm":4793,"minecraft:time_since_rest":4877,"minecraft:sprint_one_cm":289104,"minecraft:damage_taken":1615,"minecraft:walk_one_cm":186661,"minecraft:damage_blocked_by_shield":30,"minecraft:trigger_trapped_chest":3,"minecraft:drop":26,"minecraft:damage_dealt":11103,"minecraft:swim_one_cm":20163,"minecraft:talked_to_villager":3,"minecraft:fly_one_cm":371665,"minecraft:open_chest":17,"minecraft:crouch_one_cm":1585,"minecraft:play_time":89197,"tombstone:undead_killed":30,"minecraft:deaths":1,"minecraft:sneak_time":813,"minecraft:walk_under_water_one_cm":3360,"minecraft:jump":1624,"minecraft:walk_on_water_one_cm":6478,"minecraft:interact_with_smoker":2,"minecraft:total_world_time":89197,"minecraft:fall_one_cm":51045},"minecraft:mined":{"minecraft:torch":3,"minecraft:grass_block":2,"minecraft:oxidized_copper":1,"minecraft:melon":5,"iceandfire:ghost_chest":1,"minecraft:tall_grass":3,"minecraft:cobblestone":3,"minecraft:oak_planks":3,"minecraft:wall_torch":1,"minecraft:gray_wool":1,"minecraft:grass":22,"minecraft:oak_log":13,"minecraft:cobweb":1,"minecraft:cracked_stone_bricks":2,"minecraft:stone":11,"minecraft:mossy_stone_bricks":1,"minecraft:fern":7},"minecraft:killed_by":{"undead_revamp2:bomber":1},"minecraft:used":{"minecraft:oak_planks":12,"minecraft:shield":1,"minecraft:iron_sword":237,"minecraft:cookie":5,"minecraft:torch":20,"minecraft:iron_chestplate":1,"minecraft:white_wool":2,"minecraft:dirt":1,"minecraft:crafting_table":2,"minecraft:melon_slice":10,"minecraft:bread":28,"minecraft:iron_axe":41,"minecraft:iron_pickaxe":19,"iceandfire:ghost_chest":1,"minecraft:cobblestone":2,"minecraft:oxidized_copper":1,"supplementaries:ash":2,"minecraft:cooked_beef":1,"tombstone:gift":2,"minecraft:gray_wool":1},"minecraft:dropped":{"minecraft:iron_sword":1,"minecraft:oak_log":2,"alexsmobs:animal_dictionary":4,"aether:leather_gloves":1,"minecraft:leather":2,"minecraft:cracked_stone_bricks":2,"minecraft:shears":1,"minecraft:shield":1,"minecraft:dark_oak_log":3,"born_in_chaos_v1:river_mint":4,"aether:chainmail_gloves":1,"minecraft:jungle_log":10,"minecraft:mossy_stone_bricks":1,"minecraft:iron_pickaxe":1,"minecraft:chainmail_leggings":2,"minecraft:string":5,"minecraft:black_wool":1}},"DataVersion":3465}