{"stats":{"minecraft:custom":{"minecraft:interact_with_crafting_table":111,"minecraft:open_barrel":138,"minecraft:eat_cake_slice":7,"minecraft:leave_game":9,"minecraft:time_since_death":72383,"minecraft:damage_blocked_by_shield":680,"minecraft:play_time":906754,"minecraft:deaths":51,"minecraft:jump":14202,"minecraft:enchant_item":7,"minecraft:interact_with_furnace":105,"minecraft:sleep_in_bed":11,"minecraft:damage_dealt":119696,"tombstone:undead_killed":336,"minecraft:interact_with_smoker":17,"minecraft:interact_with_smithing_table":4,"minecraft:interact_with_anvil":27,"minecraft:damage_dealt_absorbed":1000,"minecraft:sneak_time":16235,"minecraft:interact_with_blast_furnace":6,"minecraft:total_world_time":906754,"tombstone:raider_killed":14,"minecraft:interact_with_stonecutter":1,"minecraft:time_since_rest":72037,"minecraft:swim_one_cm":136271,"minecraft:fly_one_cm":14947269,"minecraft:open_chest":757,"minecraft:fall_one_cm":340663,"minecraft:animals_bred":6,"minecraft:damage_resisted":11,"minecraft:sprint_one_cm":2788402,"minecraft:drop":253,"minecraft:talked_to_villager":5,"minecraft:interact_with_brewingstand":2,"minecraft:walk_on_water_one_cm":156083,"minecraft:interact_with_loom":1,"minecraft:player_kills":1,"minecraft:crouch_one_cm":51293,"minecraft:mob_kills":640,"minecraft:interact_with_campfire":7,"minecraft:damage_dealt_resisted":5815,"minecraft:climb_one_cm":69841,"minecraft:walk_one_cm":2208037,"minecraft:walk_under_water_one_cm":53719,"minecraft:pot_flower":1,"minecraft:damage_taken":29267,"minecraft:damage_absorbed":168,"minecraft:trigger_trapped_chest":3},"minecraft:used":{"minecraft:nether_brick_fence":2,"minecraft:polished_blackstone":15,"minecraft:ladder":10,"minecraft:poppy":3,"minecraft:chest":1,"minecraft:stone":1,"earthmobsmod:fancy_egg":1,"minecraft:rotten_flesh":2,"minecraft:orange_wool":1,"ironchest:iron_chest":3,"iceandfire:ghost_chest":1,"twilightforest:nagastone":2,"minecraft:bow":168,"minecraft:oak_sapling":7,"minecraft:cooked_cod":3,"supplementaries:ash":3,"minecraft:furnace":7,"minecraft:egg":1,"minecraft:potato":4,"minecraft:mossy_stone_bricks":4,"minecraft:blackstone_stairs":1,"minecraft:blackstone":15,"minecraft:cookie":10,"minecraft:golden_apple":5,"minecraft:blast_furnace":1,"earthmobsmod:duck_egg":1,"minecraft:birch_slab":142,"born_in_chaos_v1:monster_flesh":1,"minecraft:diamond_sword":1633,"minecraft:smithing_table":1,"supplementaries:soap":1,"ironchest:wood_to_iron_chest_upgrade":1,"naturalist:catfish":1,"minecraft:enchanting_table":2,"minecraft:cooked_salmon":1,"minecraft:polished_blackstone_wall":1,"born_in_chaos_v1:fried_maggot":5,"minecraft:netherrack":120,"minecraft:torch":155,"minecraft:anvil":1,"minecraft:nether_brick_slab":1,"tombstone:decorative_tombstone":2,"minecraft:iron_axe":342,"minecraft:mud_bricks":9,"minecraft:melon_seeds":3,"minecraft:diamond_chestplate":1,"minecraft:basalt":85,"minecraft:beef":4,"minecraft:oxidized_copper":1,"ecologics:walnut":3,"tombstone:gift":15,"undead_revamp2:arapholia":2,"minecraft:cobbled_deepslate":35,"minecraft:golden_axe":32,"minecraft:wheat_seeds":114,"minecraft:water_bucket":19,"minecraft:birch_planks":6,"ironchest:gold_to_diamond_chest_upgrade":1,"minecraft:lime_wool":1,"luminousworld:white_oak_plank":4,"minecraft:deepslate_bricks":2,"minecraft:cracked_stone_bricks":8,"minecraft:polished_blackstone_bricks":22,"minecraft:rail":1,"minecraft:crafting_table":14,"iceandfire:armor_bronze_chestplate":1,"luminousworld:cooked_bass":4,"minecraft:oak_log":2,"minecraft:mud":2,"ad_astra:nasa_workbench":5,"minecraft:diamond_pickaxe":3870,"minecraft:cornflower":1,"minecraft:sunflower":1,"earthmobsmod:mud_bucket":90,"minecraft:iron_pickaxe":470,"twilightforest:nagastone_head":1,"minecraft:cobblestone":241,"minecraft:azalea_leaves":7,"twilightforest:raw_venison":4,"minecraft:porkchop":14,"minecraft:cooked_porkchop":48,"quark:oak_chest":10,"minecraft:kelp":2,"minecraft:dandelion":3,"minecraft:diamond_leggings":4,"minecraft:iron_shovel":31,"minecraft:polished_basalt":3,"minecraft:shield":11,"minecraft:iron_sword":426,"minecraft:iron_chestplate":2,"minecraft:mutton":5,"minecraft:carrot":4,"ironchest:copper_to_iron_chest_upgrade":1,"minecraft:obsidian":25,"born_in_chaos_v1:corpse_maggot":24,"quark:deepslate_furnace":1,"tombstone:tablet_of_cupidity":3,"twilightforest:cooked_venison":12,"minecraft:polished_blackstone_brick_wall":6,"minecraft:iron_helmet":1,"minecraft:stone_bricks":15,"minecraft:red_carpet":1,"minecraft:written_book":1,"minecraft:polished_blackstone_stairs":15,"ad_astra:etrionic_blast_furnace":3,"alexsmobs:raw_catfish":17,"minecraft:chiseled_polished_blackstone":3,"minecraft:diamond_boots":7,"minecraft:torchflower":1,"minecraft:oak_planks":12,"minecraft:ender_pearl":2,"ad_astra:compressor":7,"ad_astra:steel_cable":5,"minecraft:sugar_cane":6,"minecraft:white_wool":5,"minecraft:shears":22,"ad_astra:steel_sliding_door":1,"minecraft:melon_slice":54,"minecraft:bread":124,"minecraft:brown_wool":1,"ironchest:iron_to_gold_chest_upgrade":3,"minecraft:gravel":9,"minecraft:torchflower_seeds":2,"naturalist:cooked_duck":1,"minecraft:smooth_stone_slab":4,"minecraft:bone_meal":25,"minecraft:experience_bottle":62,"minecraft:flint_and_steel":13,"minecraft:tropical_fish":1,"minecraft:spruce_planks":2,"minecraft:cooked_chicken":1,"minecraft:dirt":33,"minecraft:diamond_helmet":1,"minecraft:granite":3,"minecraft:stone_brick_slab":4,"minecraft:bookshelf":19,"minecraft:polished_blackstone_brick_stairs":1,"ironchest:gold_chest":1,"minecraft:cooked_beef":29,"ad_astra:coal_generator":2,"minecraft:iron_leggings":2,"minecraft:cooked_mutton":1,"luminousworld:yellow_grassflowers":3,"luminousworld:ishstone":1,"ironchest:wood_to_copper_chest_upgrade":1,"minecraft:smoker":1,"tombstone:bag_of_seeds":1,"minecraft:flower_pot":1,"minecraft:apple":1,"minecraft:cracked_nether_bricks":2,"iceandfire:ash":1,"minecraft:stone_axe":72,"minecraft:magenta_banner":1,"minecraft:bucket":112,"minecraft:gray_wool":1},"minecraft:broken":{"minecraft:diamond_helmet":1,"minecraft:iron_chestplate":1,"minecraft:iron_leggings":3,"iceandfire:armor_bronze_boots":1,"minecraft:iron_sword":2,"minecraft:diamond_leggings":1,"aether:iron_gloves":1,"minecraft:iron_axe":1,"minecraft:iron_helmet":2,"iceandfire:armor_bronze_chestplate":1,"minecraft:golden_axe":1},"minecraft:crafted":{"minecraft:smooth_stone":6,"quark:birch_chest":2,"ecologics:walnut_planks":12,"minecraft:birch_slab":108,"supplementaries:soap":6,"quark:deepslate_furnace":1,"minecraft:glass":9,"alexsmobs:cooked_catfish":4,"minecraft:golden_axe":1,"minecraft:cooked_porkchop":68,"minecraft:copper_ingot":72,"tombstone:white_marble":5,"quark:oak_chest":11,"minecraft:iron_pickaxe":2,"minecraft:iron_block":13,"minecraft:gold_ingot":18,"minecraft:iron_nugget":9,"minecraft:bone_meal":51,"ironchest:gold_to_diamond_chest_upgrade":1,"minecraft:cyan_stained_glass":4,"ad_astra:compressor":1,"ad_astra:steel_block":2,"twilightforest:twilight_oak_planks":8,"minecraft:ladder":16,"luminousworld:white_oak_plank":4,"minecraft:diamond_boots":1,"minecraft:wheat":91,"minecraft:coal_block":2,"ironchest:gold_chest":1,"ironchest:wood_to_iron_chest_upgrade":1,"minecraft:enchanting_table":1,"sophisticatedbackpacks:gold_backpack":1,"minecraft:bone":6,"ironchest:iron_to_gold_chest_upgrade":3,"tombstone:grave_plate":1,"supplementaries:bubble_blower":3,"minecraft:iron_leggings":2,"ad_astra:coal_generator":1,"naturalist:cooked_duck":1,"minecraft:oak_planks":172,"ad_astra:steel_sliding_door":1,"minecraft:stone":12,"tombstone:decorative_tombstone":1,"minecraft:warped_planks":28,"twilightforest:cooked_venison":12,"minecraft:iron_boots":1,"minecraft:chest":2,"twilightforest:magic_map_focus":1,"ironchest:wood_to_copper_chest_upgrade":1,"sophisticatedbackpacks:backpack":1,"luminousworld:cooked_bass":4,"minecraft:crafting_table":13,"minecraft:spruce_planks":48,"minecraft:iron_helmet":1,"minecraft:birch_planks":80,"sophisticatedbackpacks:upgrade_base":1,"ad_astra:etrionic_blast_furnace":1,"minecraft:iron_chestplate":3,"minecraft:diamond_pickaxe":1,"minecraft:charcoal":10,"minecraft:shield":2,"sophisticatedbackpacks:diamond_backpack":1,"minecraft:stick":216,"minecraft:iron_ingot":139,"minecraft:redstone_torch":2,"minecraft:shears":1,"securitycraft:sc_manual":1,"ironchest:copper_to_iron_chest_upgrade":1,"ad_astra:iron_rod":8,"minecraft:furnace":6,"minecraft:blast_furnace":2,"minecraft:piston":2,"minecraft:flint_and_steel":1,"minecraft:leather":2,"minecraft:iron_axe":1,"born_in_chaos_v1:fried_maggot":2,"minecraft:iron_hoe":1,"ad_astra:steel_cable":16,"iceandfire:armor_bronze_chestplate":2,"ad_astra:nasa_workbench":1,"minecraft:netherite_scrap":2,"sophisticatedbackpacks:iron_backpack":1,"minecraft:cooked_beef":3,"minecraft:crimson_planks":60,"minecraft:diamond_sword":1,"iceandfire:armor_bronze_boots":2,"minecraft:iron_sword":1,"minecraft:bucket":3,"minecraft:stone_axe":2,"born_in_chaos_v1:bone_heart":2,"minecraft:air":0,"minecraft:bread":56,"minecraft:raw_gold":144,"minecraft:anvil":1,"minecraft:torch":322,"twilightforest:magic_map":1,"ironchest:iron_chest":2},"minecraft:killed_by":{"undead_revamp2:the_moonflower":1,"minecraft:zombie":3,"undead_revamp2:thespitter":1,"undead_revamp2:sucker":1,"minecraft:wither_skeleton":1,"undead_revamp2:clogger":1,"undead_revamp2:bomber":1,"minecraft:witch":1,"iceandfire:fire_dragon":8,"minecraft:skeleton":20},"minecraft:picked_up":{"minecraft:seagrass":2,"minecraft:iron_chestplate":3,"minecraft:creeper_head":1,"minecraft:chainmail_boots":1,"minecraft:flower_pot":1,"minecraft:anvil":2,"minecraft:lead":1,"minecraft:smithing_table":1,"minecraft:stone_slab":1,"minecraft:diamond_sword":10,"minecraft:oak_stairs":16,"minecraft:enchanted_book":2,"friendsandfoes:buttercup":2,"minecraft:polished_blackstone_brick_stairs":19,"minecraft:string":49,"minecraft:dark_oak_trapdoor":2,"minecraft:cooked_salmon":1,"minecraft:beetroot":4,"minecraft:gold_nugget":64,"minecraft:cobbled_deepslate":84,"minecraft:spruce_planks":10,"quark:cyan_shard":17,"minecraft:melon_slice":54,"minecraft:polished_blackstone_brick_slab":1,"artifacts:universal_attractor":1,"minecraft:polished_blackstone_stairs":29,"born_in_chaos_v1:shattered_skull":3,"minecraft:cherry_log":2,"iceandfire:armor_bronze_chestplate":1,"minecraft:rabbit_foot":9,"luminousworld:grassflowers":4,"minecraft:stone_sword":2,"born_in_chaos_v1:fried_maggot":3,"quark:clear_shard":15,"luminousworld:yellow_grassflowers":8,"minecraft:tropical_fish":4,"aether:chainmail_gloves":1,"minecraft:polished_basalt":9,"iceandfire:fire_dragon_heart":3,"minecraft:red_tulip":3,"ad_astra:etrionic_blast_furnace":2,"minecraft:bookshelf":19,"supplementaries:ash":124,"minecraft:blaze_rod":4,"minecraft:blackstone_stairs":1,"minecraft:iron_bars":4,"minecraft:birch_log":11,"born_in_chaos_v1:staffof_magic_arrows":1,"minecraft:oxidized_copper":1,"minecraft:feather":5,"minecraft:cooked_beef":26,"minecraft:birch_slab":60,"minecraft:jungle_log":20,"minecraft:brown_wool":1,"minecraft:copper_block":8,"minecraft:smoker":1,"alexsmobs:bison_fur":3,"supplementaries:soap":6,"minecraft:flint":3,"ad_astra:coal_generator":1,"minecraft:lantern":12,"undead_revamp2:blacpetalblock":1,"minecraft:glowstone_dust":26,"minecraft:moss_block":2,"twilightforest:mushgloom":4,"luminousworld:bass_item":4,"minecraft:chiseled_polished_blackstone":8,"luminousworld:creepberries":39,"iceandfire:dragon_skull_fire":1,"minecraft:stripped_spruce_log":6,"sophisticatedbackpacks:iron_backpack":1,"minecraft:ink_sac":1,"alexsmobs:animal_dictionary":3,"minecraft:dark_oak_log":3,"naturalist:duck_egg":2,"undead_revamp2:heavytooth":2,"minecraft:bundle":3,"minecraft:iron_hoe":2,"ad_astra:steel_cable":3,"minecraft:writable_book":3,"minecraft:granite":10,"minecraft:chainmail_helmet":4,"minecraft:bread":60,"born_in_chaos_v1:rotten_fish":25,"minecraft:crimson_roots":1,"iceandfire:raw_silver":11,"minecraft:mud":10,"minecraft:crafting_table":5,"iceandfire:witherbone":15,"minecraft:clay_ball":3,"minecraft:crimson_trapdoor":8,"minecraft:heavy_weighted_pressure_plate":2,"minecraft:cornflower":3,"minecraft:polished_blackstone_wall":15,"minecraft:glass_pane":2,"minecraft:cracked_stone_bricks":11,"iceandfire:bestiary":1,"minecraft:stripped_warped_stem":5,"minecraft:beef":14,"born_in_chaos_v1:gnawed_bones":1,"minecraft:poppy":5,"minecraft:iron_nugget":10,"minecraft:egg":1,"naturalist:duck":3,"minecraft:stone":1,"minecraft:raw_gold_block":16,"ironchest:iron_chest":2,"minecraft:fire_charge":2,"born_in_chaos_v1:pieceofdarkmetal":10,"minecraft:carrot":1,"minecraft:redstone":100,"minecraft:prismarine_crystals":9,"minecraft:cooked_cod":3,"ad_astra:nasa_workbench":4,"minecraft:shears":1,"minecraft:deepslate_bricks":2,"minecraft:hay_block":14,"born_in_chaos_v1:spiny_shell":2,"tombstone:essence_of_undeath":3,"minecraft:gold_ingot":36,"minecraft:polished_blackstone":37,"minecraft:glow_berries":1,"minecraft:mutton":19,"minecraft:white_wool":34,"minecraft:bone_block":28,"minecraft:rail":11,"minecraft:crimson_slab":7,"minecraft:oxeye_daisy":5,"minecraft:mud_bricks":9,"born_in_chaos_v1:monster_flesh":5,"minecraft:tripwire_hook":1,"luminousworld:ishstone":5,"minecraft:acacia_wood":1,"minecraft:torchflower":1,"minecraft:packed_mud":3,"minecraft:oak_log":66,"minecraft:ancient_debris":2,"minecraft:lily_pad":1,"minecraft:paper":203,"minecraft:white_banner":16,"twilightforest:raw_venison":16,"minecraft:apple":8,"minecraft:stone_bricks":22,"minecraft:kelp":2,"minecraft:warped_stem":8,"minecraft:cobweb":28,"minecraft:glass_bottle":4,"minecraft:iron_sword":2,"endrem:witch_pupil":1,"minecraft:white_stained_glass_pane":2,"quark:white_shard":7,"born_in_chaos_v1:ethereal_spirit":3,"minecraft:cracked_nether_bricks":2,"minecraft:gravel":11,"minecraft:crying_obsidian":2,"minecraft:slime_ball":33,"twilightforest:raven_feather":1,"minecraft:painting":37,"minecraft:gray_wool":1,"minecraft:polished_blackstone_brick_wall":11,"minecraft:smooth_quartz_slab":1,"minecraft:ender_pearl":9,"minecraft:wheat":269,"illagerinvasion:platinum_chunk":2,"minecraft:nether_brick_fence":5,"enemyexpansion:wasp_thorax":1,"earthmobsmod:fancy_egg":7,"minecraft:nether_brick":7,"tombstone:grave_key":1,"minecraft:raw_copper":49,"minecraft:smooth_stone_slab":14,"minecraft:iron_leggings":3,"alexsmobs:blood_sac":2,"earthmobsmod:duck_egg":1,"minecraft:smooth_quartz":1,"minecraft:iron_pickaxe":4,"minecraft:smooth_quartz_stairs":1,"minecraft:iron_boots":2,"minecraft:furnace":4,"minecraft:stick":18,"iceandfire:ghost_chest":1,"ecologics:walnut_log":4,"minecraft:torch":71,"minecraft:porkchop":4,"tombstone:grave_dust":55,"minecraft:diorite":8,"minecraft:vine":1,"quark:ancient_tome":1,"minecraft:rotten_flesh":530,"minecraft:obsidian":6,"minecraft:cod":5,"undead_revamp2:arapholia":4,"minecraft:cobblestone":465,"minecraft:enchanting_table":1,"ecologics:walnut":4,"minecraft:magma_cream":3,"twilightforest:twilight_oak_log":2,"minecraft:andesite":8,"minecraft:potato":2,"supplementaries:flax_seeds":3,"artifacts:flame_pendant":1,"minecraft:lapis_lazuli":78,"minecraft:dirt":175,"iceandfire:dragonscales_bronze":24,"born_in_chaos_v1:monster_skin":3,"minecraft:bone":260,"ad_astra:compressor":6,"minecraft:bow":3,"minecraft:wheat_seeds":428,"minecraft:pink_banner":1,"minecraft:mossy_stone_bricks":10,"minecraft:oak_planks":3,"minecraft:cooked_porkchop":13,"naturalist:cattail_fluff":2,"minecraft:poisonous_potato":4,"earthmobsmod:harder_flesh":4,"minecraft:sand":8,"minecraft:nether_brick_stairs":8,"minecraft:lily_of_the_valley":1,"minecraft:spectral_arrow":8,"minecraft:orange_wool":1,"minecraft:diamond":3,"minecraft:bone_meal":2,"minecraft:emerald":7,"minecraft:oak_sapling":24,"minecraft:netherrack":2781,"twilightforest:torchberries":7,"minecraft:azure_bluet":3,"born_in_chaos_v1:river_mint":6,"minecraft:chicken":1,"minecraft:ladder":10,"minecraft:brown_mushroom":4,"minecraft:stone_brick_wall":12,"minecraft:gold_block":16,"minecraft:diamond_horse_armor":1,"twilightforest:nagastone":2,"minecraft:chain":1,"minecraft:oak_trapdoor":1,"minecraft:iron_axe":6,"tombstone:decorative_tombstone":1,"ecologics:walnut_sapling":4,"minecraft:blackstone":108,"minecraft:blue_orchid":13,"twilightforest:nagastone_head":1,"minecraft:player_head":2,"naturalist:catfish":2,"minecraft:sugar_cane":2,"minecraft:lime_wool":1,"minecraft:raw_iron":120,"iceandfire:dragonbone":9,"minecraft:copper_ingot":3,"minecraft:polished_blackstone_bricks":33,"minecraft:stone_button":57,"minecraft:cookie":10,"minecraft:stone_pressure_plate":6,"minecraft:dark_oak_planks":1,"minecraft:smooth_sandstone_slab":3,"luminousworld:white_oak_sapling":2,"minecraft:tube_coral":1,"minecraft:arrow":179,"minecraft:nether_bricks":9,"minecraft:brick_stairs":2,"minecraft:skeleton_skull":3,"born_in_chaos_v1:fused_bone":2,"born_in_chaos_v1:corpse_maggot":47,"minecraft:basalt":250,"minecraft:glow_ink_sac":4,"minecraft:crimson_stem":15,"minecraft:magenta_banner":9,"minecraft:salmon":2,"minecraft:leather":27,"minecraft:birch_planks":6,"minecraft:chainmail_chestplate":1,"minecraft:nether_wart_block":1,"minecraft:gunpowder":19,"quark:forgotten_hat":2,"minecraft:cooked_mutton":1,"naturalist:bass":2,"minecraft:red_carpet":1,"minecraft:rabbit_hide":36,"minecraft:spruce_wood":6,"minecraft:iron_ingot":35,"minecraft:cooked_chicken":1,"luminousworld:white_petunias":4,"iceandfire:fire_dragon_flesh":4,"minecraft:soul_sand":7,"sophisticatedbackpacks:diamond_backpack":4,"minecraft:book":27,"minecraft:oak_slab":4,"minecraft:pumpkin":14,"minecraft:chiseled_stone_bricks":2,"minecraft:stone_brick_slab":4,"iceandfire:ash":3,"minecraft:quartz":227,"minecraft:dandelion":16,"minecraft:dripstone_block":2,"minecraft:soul_torch":1,"minecraft:nether_brick_slab":15,"quark:oak_chest":4,"minecraft:spider_eye":15,"luminousworld:whiteoaklog":3,"minecraft:brick_slab":2,"undead_revamp2:rawbostrox":6,"alexsmobs:raw_catfish":61,"minecraft:chainmail_leggings":4,"minecraft:iron_helmet":1,"tombstone:magic_scroll":5,"minecraft:black_wool":4,"minecraft:coal":183,"minecraft:sunflower":2},"minecraft:mined":{"minecraft:dark_oak_planks":1,"tombstone:decorative_tombstone":1,"minecraft:obsidian":5,"minecraft:granite":9,"minecraft:chiseled_polished_blackstone":2,"minecraft:crimson_trapdoor":1,"minecraft:deepslate_bricks":2,"ad_astra:compressor":6,"minecraft:chiseled_stone_bricks":2,"minecraft:spawner":46,"minecraft:polished_blackstone_bricks":10,"minecraft:tall_seagrass":2,"minecraft:fire":3,"minecraft:pumpkin":14,"minecraft:deepslate_lapis_ore":9,"minecraft:nether_brick_stairs":5,"minecraft:enchanting_table":1,"minecraft:dirt_path":1,"minecraft:spruce_wood":6,"ad_astra:steel_cable":3,"minecraft:smoker":1,"minecraft:torch":7,"minecraft:oxidized_copper":1,"minecraft:melon":5,"minecraft:white_stained_glass_pane":2,"minecraft:nether_brick_slab":1,"friendsandfoes:buttercup":1,"minecraft:sugar_cane":2,"minecraft:mud":6,"minecraft:wheat":116,"minecraft:copper_block":8,"minecraft:grass":60,"luminousworld:grassvariant_3":1,"minecraft:deepslate":48,"naturalist:cattail":2,"iceandfire:silver_ore":7,"minecraft:cyan_stained_glass":3,"minecraft:nether_bricks":9,"iceandfire:deepslate_silver_ore":4,"luminousworld:grassvariant_2":4,"luminousworld:whiteoakleaves":5,"minecraft:moss_block":2,"twilightforest:mushgloom":1,"minecraft:redstone_ore":5,"minecraft:packed_mud":3,"minecraft:andesite":8,"ad_astra:nasa_workbench":4,"minecraft:vine":4,"minecraft:rail":1,"minecraft:warped_stem":7,"ironchest:iron_chest":2,"minecraft:white_wool":2,"minecraft:smithing_table":1,"minecraft:glass_pane":2,"quark:oak_chest":4,"minecraft:potted_lily_of_the_valley":1,"minecraft:stone_brick_slab":4,"minecraft:polished_blackstone_brick_wall":4,"minecraft:dandelion":1,"ecologics:walnut_leaves":3,"minecraft:copper_ore":1,"twilightforest:nagastone":2,"minecraft:tall_grass":16,"minecraft:diorite":8,"luminousworld:whiteoaklog":1,"minecraft:torchflower":1,"luminousworld:ishstone":5,"minecraft:sunflower":2,"minecraft:gravel":1,"minecraft:cobweb":35,"minecraft:polished_blackstone":11,"minecraft:stone_bricks":21,"minecraft:fern":7,"minecraft:spruce_planks":10,"minecraft:grass_block":32,"minecraft:mud_bricks":9,"minecraft:glowstone":9,"minecraft:iron_ore":39,"minecraft:anvil":2,"minecraft:azure_bluet":1,"minecraft:red_tulip":1,"minecraft:iron_bars":4,"minecraft:azalea_leaves":1,"ecologics:walnut_log":4,"minecraft:deepslate_redstone_ore":14,"minecraft:polished_blackstone_wall":3,"minecraft:blackstone":61,"minecraft:magenta_wall_banner":5,"twilightforest:torchberry_plant":7,"minecraft:poppy":2,"iceandfire:ghost_chest":1,"twilightforest:twilight_oak_log":2,"minecraft:nether_quartz_ore":137,"minecraft:cobblestone":34,"minecraft:oak_planks":3,"minecraft:wall_torch":12,"minecraft:seagrass":1,"minecraft:birch_log":6,"minecraft:blue_ice":18,"minecraft:smooth_stone_slab":2,"minecraft:oak_log":39,"minecraft:sand":6,"minecraft:dirt":35,"minecraft:netherrack":2802,"minecraft:ancient_debris":2,"minecraft:oak_leaves":6,"minecraft:nether_gold_ore":10,"minecraft:red_carpet":1,"minecraft:deepslate_diamond_ore":2,"luminousworld:grassvariant_4":3,"minecraft:white_stained_glass":2,"minecraft:birch_slab":55,"twilightforest:nagastone_head":1,"minecraft:cracked_nether_bricks":2,"minecraft:crimson_stem":15,"minecraft:hay_block":11,"minecraft:furnace":4,"minecraft:raw_gold_block":16,"minecraft:polished_basalt":2,"minecraft:stripped_spruce_log":6,"minecraft:gold_block":16,"minecraft:nether_brick_fence":5,"minecraft:bookshelf":19,"minecraft:deepslate_iron_ore":45,"minecraft:stone":381,"minecraft:scaffolding":1,"minecraft:infested_stone_bricks":1,"minecraft:basalt":244,"minecraft:crafting_table":4,"ad_astra:etrionic_blast_furnace":2,"minecraft:deepslate_coal_ore":7,"minecraft:lapis_ore":3,"minecraft:lily_pad":2,"minecraft:polished_blackstone_brick_stairs":3,"supplementaries:urn":29,"minecraft:gray_wool":1,"minecraft:birch_planks":3,"minecraft:polished_blackstone_stairs":4,"minecraft:ice":13,"minecraft:white_wall_banner":6,"minecraft:coal_ore":112,"ad_astra:coal_generator":1,"minecraft:cracked_stone_bricks":11,"minecraft:mossy_stone_bricks":8},"minecraft:dropped":{"sophisticatedbackpacks:iron_backpack":1,"minecraft:iron_sword":2,"minecraft:acacia_wood":1,"minecraft:glass_bottle":1,"minecraft:diamond":2,"minecraft:cracked_stone_bricks":2,"born_in_chaos_v1:pieceofdarkmetal":2,"minecraft:dirt":42,"born_in_chaos_v1:monster_flesh":1,"minecraft:packed_mud":3,"minecraft:stone_button":1,"minecraft:dark_oak_trapdoor":2,"minecraft:writable_book":1,"minecraft:sunflower":1,"minecraft:sand":1,"minecraft:iron_pickaxe":1,"minecraft:white_wool":2,"minecraft:bone":10,"minecraft:polished_blackstone_wall":3,"minecraft:sugar_cane":2,"minecraft:iron_nugget":10,"alexsmobs:animal_dictionary":4,"minecraft:wheat":4,"minecraft:glowstone_dust":1,"minecraft:azure_bluet":2,"luminousworld:grassflowers":2,"minecraft:brick_stairs":2,"minecraft:jungle_log":10,"iceandfire:bestiary":1,"minecraft:wheat_seeds":58,"minecraft:smooth_quartz_stairs":1,"minecraft:cobblestone":10,"minecraft:chainmail_helmet":1,"friendsandfoes:buttercup":2,"minecraft:polished_blackstone_stairs":2,"minecraft:oxeye_daisy":5,"minecraft:mud":4,"minecraft:chainmail_leggings":2,"minecraft:string":5,"minecraft:player_head":2,"minecraft:smooth_stone_slab":10,"born_in_chaos_v1:rotten_fish":2,"iceandfire:armor_bronze_boots":1,"minecraft:clay_ball":3,"iceandfire:armor_bronze_chestplate":2,"minecraft:shears":1,"minecraft:diamond_sword":1,"minecraft:spruce_planks":10,"minecraft:blue_orchid":13,"minecraft:red_tulip":3,"minecraft:brick_slab":2,"minecraft:black_wool":1,"minecraft:moss_block":2,"minecraft:oak_log":2,"luminousworld:white_petunias":4,"minecraft:lantern":3,"minecraft:leather":2,"minecraft:polished_blackstone_brick_wall":1,"minecraft:flint":2,"minecraft:dark_oak_log":3,"born_in_chaos_v1:monster_skin":2,"minecraft:polished_blackstone_brick_stairs":1,"minecraft:cornflower":2,"minecraft:crimson_roots":1,"minecraft:birch_log":4,"minecraft:gold_ingot":48,"minecraft:gravel":2,"minecraft:blackstone":4,"aether:leather_gloves":1,"sophisticatedbackpacks:diamond_backpack":4,"supplementaries:soap":8,"minecraft:poppy":2,"minecraft:beetroot_seeds":3,"born_in_chaos_v1:corpse_maggot":7,"minecraft:stone_brick_wall":12,"minecraft:basalt":1,"minecraft:written_book":1,"minecraft:netherrack":2303,"minecraft:oak_slab":3,"minecraft:cherry_log":2,"minecraft:stick":2,"born_in_chaos_v1:river_mint":4,"minecraft:torch":62,"tombstone:grave_key":2,"minecraft:smooth_quartz":1,"tombstone:grave_dust":3,"minecraft:iron_axe":1,"twilightforest:mushgloom":2,"minecraft:dandelion":13,"naturalist:cattail_fluff":2,"luminousworld:yellow_grassflowers":2,"minecraft:shield":1,"aether:chainmail_gloves":1,"minecraft:mossy_stone_bricks":1,"minecraft:oak_sapling":12},"minecraft:killed":{"earthmobsmod:duck":1,"minecraft:cave_spider":6,"earthmobsmod:jumbo_rabbit":3,"born_in_chaos_v1:restless_spirit":3,"born_in_chaos_v1:zombie_lumberjack":2,"born_in_chaos_v1:skeleton_demoman":2,"naturalist:robin":2,"born_in_chaos_v1:siamese_skeletonsright":2,"born_in_chaos_v1:baby_skeleton_minion":2,"illagerinvasion:basher":2,"minecraft:skeleton":126,"alexsmobs:capuchin_monkey":2,"minecraft:chicken":1,"born_in_chaos_v1:skeleton_thrasher":3,"earthmobsmod:zombified_rabbit":1,"alexsmobs:straddler":1,"luminousworld:bass_fish":4,"undead_revamp2:thepregnant":1,"undead_revamp2:thespitter":2,"minecraft:magma_cube":21,"born_in_chaos_v1:bone_imp":1,"undead_revamp2:theheavy":1,"minecraft:pillager":2,"enemyexpansion:meature":3,"minecraft:zombie":83,"born_in_chaos_v1:corpse_fly":11,"enemyexpansion:botfly":8,"minecraft:cow":2,"enemyexpansion:trollenraged":1,"twilightforest:deer":6,"minecraft:vindicator":4,"illagerinvasion:marauder":1,"undead_revamp2:bomber":3,"twilightforest:death_tome":15,"earthmobsmod:albino_cow":5,"born_in_chaos_v1:barrel_zombie":6,"minecraft:husk":3,"earthmobsmod:bouldering_zombie":5,"undead_revamp2:the_moonflower":10,"enemyexpansion:sprinter":1,"earthmobsmod:cream_cow":2,"born_in_chaos_v1:decrepit_skeleton":6,"alexsmobs:catfish":5,"born_in_chaos_v1:bloody_gadfly":4,"undead_revamp2:thesomnolence":12,"endermanoverhaul:cave_enderman":2,"iceandfire:ghost":3,"luminousworld:swamp_zombie":6,"minecraft:enderman":5,"minecraft:witch":3,"minecraft:spider":9,"undead_revamp2:thesmoker":4,"quark:forgotten":2,"naturalist:snail":2,"minecraft:silverfish":1,"undead_revamp2:therod":1,"minecraft:piglin_brute":15,"artifacts:mimic":1,"born_in_chaos_v1:bonescaller":1,"minecraft:pig":2,"minecraft:zombie_villager":2,"twilightforest:raven":1,"minecraft:creeper":6,"alexsmobs:crimson_mosquito":2,"minecraft:sheep":4,"born_in_chaos_v1:zombie_fisherman":3,"born_in_chaos_v1:dread_hound":2,"creeperoverhaul:swamp_creeper":2,"undead_revamp2:theskeeper":1,"born_in_chaos_v1:siamese_skeletonsleft":2,"minecraft:blaze":11,"undead_revamp2:thegliter":2,"takesapillage:legioner":1,"luminousworld:swallowtail":1,"minecraft:slime":9,"enemyexpansion:direwolf":6,"born_in_chaos_v1:zombie_bruiser":2,"born_in_chaos_v1:maggot":43,"twilightforest:naga":1,"luminousworld:swamp_skeleton":3,"iceandfire:fire_dragon":1,"earthmobsmod:fancy_chicken":1,"alexsmobs:bison":2,"born_in_chaos_v1:corpse_fish":4,"undead_revamp2:sucker":4,"born_in_chaos_v1:fallen_chaos_knight":1,"born_in_chaos_v1:baby_skeleton":2,"born_in_chaos_v1:swarmer":2,"takesapillage:skirmisher":1,"naturalist:catfish":2,"enemyexpansion:huntsman":1,"minecraft:wither_skeleton":29,"enemyexpansion:slugger":2}},"DataVersion":3465}