{"stats":{"minecraft:killed_by":{"minecraft:piglin_brute":1,"alexsmobs:straddler":1,"minecraft:piglin":1,"minecraft:zombie":1,"minecraft:warden":4},"minecraft:custom":{"minecraft:interact_with_crafting_table":44,"minecraft:open_barrel":50,"minecraft:leave_game":4,"minecraft:time_since_death":8037,"minecraft:damage_resisted":1170,"minecraft:sprint_one_cm":4894105,"minecraft:damage_blocked_by_shield":150,"minecraft:drop":165,"minecraft:play_noteblock":5,"minecraft:talked_to_villager":323,"minecraft:play_time":788996,"minecraft:deaths":9,"minecraft:jump":7581,"minecraft:interact_with_brewingstand":2,"minecraft:walk_on_water_one_cm":168215,"minecraft:enchant_item":73,"minecraft:interact_with_furnace":22,"minecraft:traded_with_villager":251,"minecraft:sleep_in_bed":10,"minecraft:waystone_activated":1,"minecraft:damage_dealt":120419,"minecraft:crouch_one_cm":205535,"minecraft:inspect_dispenser":1,"minecraft:horse_one_cm":484446,"minecraft:interact_with_smithing_table":2,"minecraft:interact_with_anvil":28,"minecraft:mob_kills":487,"minecraft:damage_dealt_resisted":1160,"minecraft:climb_one_cm":112648,"minecraft:walk_one_cm":4438676,"minecraft:damage_dealt_absorbed":4056,"minecraft:raid_win":2,"minecraft:sneak_time":29651,"minecraft:walk_under_water_one_cm":54931,"minecraft:boat_one_cm":248400,"minecraft:total_world_time":788996,"minecraft:tune_noteblock":28,"minecraft:raid_trigger":24,"minecraft:interact_with_grindstone":37,"minecraft:interact_with_stonecutter":6,"minecraft:time_since_rest":8068,"minecraft:damage_taken":26029,"minecraft:damage_absorbed":40,"minecraft:trigger_trapped_chest":11,"minecraft:swim_one_cm":107308,"minecraft:fly_one_cm":4337751,"minecraft:open_chest":318,"minecraft:fall_one_cm":367763},"minecraft:mined":{"iceandfire:graveyard_soil":14,"create:andesite_casing":3,"minecraft:sculk_vein":3,"minecraft:jungle_leaves":2,"minecraft:red_nether_bricks":41,"minecraft:potted_cactus":1,"biomesoplenty:brimstone":46,"minecraft:obsidian":19,"minecraft:granite":1,"minecraft:acacia_log":2,"minecraft:grass_block":8,"minecraft:infested_cobblestone":2,"minecraft:cracked_polished_blackstone_bricks":23,"minecraft:soul_soil":1,"biomesoplenty:dried_salt":3,"biomesoplenty:wilted_lily":2,"biomesoplenty:orange_sandstone":6,"minecraft:gilded_blackstone":1,"minecraft:polished_blackstone_bricks":33,"minecraft:magma_block":6,"minecraft:glowstone":7,"minecraft:red_nether_brick_stairs":3,"minecraft:iron_ore":60,"minecraft:barrel":4,"minecraft:fire":15,"minecraft:fletching_table":1,"minecraft:nether_brick_stairs":7,"minecraft:sculk_shrieker":1,"iceandfire:gold_pile":13,"minecraft:tripwire":15,"minecraft:cut_sandstone":1,"minecraft:sandstone_slab":1,"minecraft:brown_mushroom":1,"minecraft:red_bed":1,"minecraft:blackstone":88,"biomesoplenty:wildflower":1,"minecraft:torch":4,"minecraft:poppy":138,"iceandfire:ghost_chest":1,"create:scoria":11,"minecraft:dead_bush":6,"minecraft:nether_brick_slab":1,"minecraft:nether_quartz_ore":16,"minecraft:cobblestone":11,"minecraft:sugar_cane":7,"minecraft:smooth_sandstone_slab":1,"minecraft:wall_torch":4,"create:large_water_wheel":7,"minecraft:skeleton_skull":1,"minecraft:jungle_wood":1,"minecraft:wither_rose":2,"minecraft:grass":42,"minecraft:oak_log":6,"minecraft:dirt":8,"minecraft:sand":4,"minecraft:sandstone_wall":6,"minecraft:smooth_basalt":1,"minecraft:tripwire_hook":2,"minecraft:ancient_debris":1,"minecraft:netherrack":971,"minecraft:deepslate":58,"minecraft:oak_leaves":35,"minecraft:nether_gold_ore":7,"minecraft:crying_obsidian":2,"minecraft:deepslate_diamond_ore":2,"biomesoplenty:desert_grass":32,"minecraft:dark_oak_log":2,"minecraft:nether_bricks":56,"minecraft:lever":3,"minecraft:ladder":2,"create:large_cogwheel":1,"morevillagers:gardening_table":1,"minecraft:birch_slab":1,"biomesoplenty:mahogany_sapling":1,"biomesoplenty:dead_grass":4,"minecraft:sandstone":8,"minecraft:cracked_nether_bricks":9,"biomesoplenty:dune_grass":3,"morevillagers:woodworking_table":2,"minecraft:large_fern":1,"minecraft:hay_block":10,"minecraft:carrots":11,"minecraft:polished_basalt":1,"gamma_beasts:prehnite_ore":6,"create:scorchia":26,"minecraft:andesite":17,"treechop:chopped_log":16,"morevillagers:hunting_post":2,"minecraft:bookshelf":3,"minecraft:potatoes":13,"minecraft:vine":9,"minecraft:stone":161,"minecraft:scaffolding":27,"minecraft:acacia_leaves":8,"minecraft:soul_sand":15,"biomesoplenty:orange_sand":16,"minecraft:basalt":482,"minecraft:smooth_sandstone":5,"morevillagers:oceanography_table":1,"minecraft:rose_bush":5,"minecraft:lectern":4,"create:water_wheel":1,"minecraft:tall_grass":3,"biomesoplenty:sprout":11,"minecraft:lapis_ore":19,"minecraft:diorite":40,"minecraft:sculk":12,"biomesoplenty:dead_trapdoor":6,"minecraft:coal_ore":15,"minecraft:gravel":17,"biomesoplenty:dead_planks":42,"minecraft:birch_fence":2,"minecraft:fern":20},"minecraft:dropped":{"create:belt_connector":1,"gamma_beasts:green_apple_bush":1,"create:cogwheel":1,"biomesoplenty:rose_quartz_chunk":2,"minecraft:birch_slab":1,"sophisticatedbackpacks:gold_backpack":2,"minecraft:cracked_polished_blackstone_bricks":21,"minecraft:cornflower":1,"biomesoplenty:dead_trapdoor":4,"minecraft:polished_blackstone_bricks":29,"create:large_cogwheel":4,"minecraft:iron_pickaxe":1,"minecraft:bone":4,"minecraft:stone_axe":1,"minecraft:blackstone":11,"minecraft:iron_nugget":1,"alexsmobs:animal_dictionary":1,"minecraft:obsidian":1,"minecraft:rotten_flesh":2,"minecraft:grindstone":1,"patchouli:guide_book":1,"minecraft:chainmail_chestplate":2,"minecraft:poppy":1,"minecraft:leather_chestplate":2,"minecraft:turtle_helmet":1,"minecraft:trident":2,"minecraft:gunpowder":2,"biomesoplenty:wildflower":3,"create:wrench":1,"apotheosis:gem":3,"minecraft:leather_boots":2,"minecraft:acacia_sapling":2,"minecraft:chainmail_boots":1,"minecraft:leather_leggings":1,"minecraft:arrow":6,"minecraft:stone_brick_stairs":3,"minecraft:golden_boots":1,"minecraft:iron_ingot":3,"minecraft:bread":8,"iceandfire:lightning_dragon_blood":1,"morevillagers:hunting_post":1,"scalinghealth:cursed_heart":1,"minecraft:iron_helmet":1,"mowziesmobs:umvuthana_mask_fear":1,"minecraft:acacia_log":6,"minecraft:lava_bucket":1,"biomesoplenty:orange_sand":243,"minecraft:ink_sac":3,"minecraft:rose_bush":1,"minecraft:dead_bush":8,"minecraft:iron_leggings":1,"minecraft:iron_axe":1,"create:mechanical_drill":1,"minecraft:string":3,"minecraft:bucket":2,"epicfight:stray_pants":1,"iceandfire:dragon_skull_fire":3,"iceandfire:dragonbone":2,"biomesoplenty:dried_salt":30,"create:shaft":3,"biomesoplenty:dead_slab":4,"iceandfire:witherbone":1,"minecraft:wither_skeleton_skull":1,"minecraft:clay_ball":2,"minecraft:iron_boots":2,"villagertools:lure":9,"biomesoplenty:cut_orange_sandstone":12,"minecraft:acacia_leaves":3,"gamma_beasts:green_apple":1,"alexsmobs:cooked_kangaroo_meat":4,"minecraft:lily_of_the_valley":1,"minecraft:diamond_sword":1,"minecraft:shield":1,"minecraft:spruce_planks":9,"minecraft:diamond_pickaxe":1,"minecraft:iron_chestplate":1,"minecraft:mossy_stone_bricks":2,"minecraft:golden_leggings":1,"minecraft:stone_bricks":18,"biomesoplenty:orange_sandstone":75,"minecraft:bow":5,"scalinghealth:enchanted_heart":1,"iceandfire:dragon_skull_lightning":6,"epicfight:skillbook":5},"minecraft:used":{"morevillagers:woodworking_table":2,"iceandfire:ghost_sword":18,"create:scorchia":26,"minecraft:ladder":3,"minecraft:shield":6,"minecraft:iron_sword":5,"minecraft:red_nether_brick_stairs":1,"minecraft:rotten_flesh":113,"minecraft:soul_sand":13,"create:cogwheel":11,"minecraft:nether_bricks":2,"minecraft:jungle_planks":16,"minecraft:carrot":2,"minecraft:acacia_sapling":3,"minecraft:obsidian":24,"minecraft:glass":1,"apotheosis:draconic_endshelf":2,"minecraft:lava_bucket":1,"apotheosis:sightshelf_t2":9,"create:scoria":11,"iceandfire:dragonsteel_fire_sword":84,"minecraft:stone_bricks":15,"biomesoplenty:mahogany_sapling":4,"minecraft:deepslate_diamond_ore":2,"minecraft:magma_block":5,"minecraft:hay_block":4,"minecraft:bow":312,"minecraft:scaffolding":13,"create:mechanical_drill":1,"minecraft:furnace":1,"morevillagers:oceanography_table":1,"minecraft:skeleton_skull":1,"minecraft:potato":19,"apotheosis:simple_reforging_table":2,"minecraft:mossy_stone_bricks":6,"minecraft:diorite":6,"minecraft:wither_skeleton_skull":10,"epicfight:skillbook":16,"minecraft:acacia_trapdoor":2,"minecraft:blackstone":11,"minecraft:ender_pearl":7,"minecraft:sandstone":7,"epicfight:iron_longsword":258,"minecraft:diamond_axe":30,"minecraft:golden_apple":1,"apotheosis:pearl_endshelf":18,"minecraft:sand":1,"minecraft:blast_furnace":1,"biomesoplenty:dead_planks":100,"minecraft:shears":9,"minecraft:lever":10,"minecraft:crying_obsidian":1,"minecraft:chiseled_sandstone":206,"scalinghealth:enchanted_heart":2,"minecraft:string":33,"minecraft:bread":126,"minecraft:iron_door":2,"create:andesite_casing":1,"minecraft:lectern":5,"biomesoplenty:dried_salt":1,"minecraft:diamond_sword":1011,"apotheosis:echoing_deepshelf":1,"minecraft:smooth_stone_slab":1,"minecraft:grindstone":2,"minecraft:smithing_table":5,"gamma_beasts:green_apple_bush":4,"minecraft:andesite":11,"minecraft:netherite_sword":10,"create:large_cogwheel":23,"biomesoplenty:cut_orange_sandstone":85,"biomesoplenty:mahogany_planks":12,"minecraft:bone_meal":9,"minecraft:oak_trapdoor":6,"minecraft:enchanting_table":1,"minecraft:trident":147,"minecraft:flint_and_steel":1,"minecraft:redstone":10,"twilightforest:glass_sword":20,"gamma_beasts:green_apple":30,"minecraft:wooden_shovel":46,"minecraft:cooked_chicken":3,"minecraft:sandstone_wall":6,"minecraft:netherrack":383,"minecraft:torch":120,"minecraft:dirt":50,"minecraft:anvil":2,"scalinghealth:heart_crystal":17,"minecraft:chainmail_chestplate":1,"alexsmobs:cooked_kangaroo_meat":15,"minecraft:diamond_helmet":1,"minecraft:nether_brick_stairs":3,"apotheosis:ender_library":2,"minecraft:stone_brick_slab":8,"twilightforest:hydra_spawn_egg":1,"minecraft:bookshelf":17,"minecraft:acacia_slab":24,"minecraft:iron_axe":266,"biomesoplenty:orange_sandstone_slab":91,"minecraft:smooth_sandstone":116,"biomesoplenty:orange_sand":97,"apotheosis:gem_cutting_table":1,"minecraft:crimson_planks":5,"minecraft:barrel":5,"minecraft:smooth_basalt":1,"biomesoplenty:orange_sandstone":7,"minecraft:basalt":287,"minecraft:tripwire_hook":2,"minecraft:soul_soil":1,"minecraft:trapped_chest":5,"biomesoplenty:dead_log":2,"minecraft:cooked_beef":20,"minecraft:cobbled_deepslate":39,"minecraft:acacia_planks":2,"minecraft:iron_leggings":1,"minecraft:water_bucket":11,"minecraft:acacia_boat":2,"iceandfire:fire_dragon_flesh":3,"minecraft:red_nether_bricks":39,"minecraft:fletching_table":7,"minecraft:stonecutter":1,"minecraft:cobblestone_slab":70,"minecraft:crafting_table":8,"minecraft:red_bed":1,"minecraft:infested_stone_bricks":2,"minecraft:ender_eye":5,"minecraft:piston":6,"minecraft:flower_pot":1,"minecraft:diamond_pickaxe":2033,"apotheosis:hellshelf":39,"minecraft:iron_pickaxe":351,"create:water_wheel":1,"iceandfire:ash":6,"create:large_water_wheel":7,"minecraft:cobblestone":142,"minecraft:potion":2,"iceandfire:dragonsteel_lightning_sword":6,"minecraft:turtle_helmet":1,"biomesoplenty:dead_trapdoor":6,"minecraft:bucket":12,"minecraft:glass_pane":3,"apotheosis:soul_touched_sculkshelf":20,"alexsmobs:animal_dictionary":1,"minecraft:splash_potion":4},"minecraft:broken":{"minecraft:iron_boots":1,"minecraft:iron_leggings":1,"minecraft:iron_helmet":1,"epicfight:iron_longsword":1},"minecraft:picked_up":{"minecraft:wooden_axe":1,"minecraft:iron_chestplate":2,"minecraft:chainmail_boots":3,"minecraft:flower_pot":1,"minecraft:diamond_sword":1,"minecraft:wither_rose":2,"minecraft:enchanted_book":1,"minecraft:gilded_blackstone":1,"minecraft:stone_brick_stairs":3,"minecraft:string":51,"minecraft:soul_soil":1,"minecraft:red_nether_bricks":39,"minecraft:iron_leggings":3,"biomesoplenty:dead_trapdoor":8,"biomesoplenty:brimstone":45,"create:water_wheel":1,"biomesoplenty:dead_sapling":4,"minecraft:gold_nugget":186,"minecraft:cobbled_deepslate":61,"minecraft:bucket":1,"minecraft:spruce_planks":9,"minecraft:ender_eye":1,"minecraft:rose_bush":4,"minecraft:iron_pickaxe":2,"iceandfire:dragonscales_red":8,"minecraft:iron_boots":4,"minecraft:golden_helmet":1,"minecraft:stick":27,"apotheosis:gem":28,"mowziesmobs:sol_visage":1,"minecraft:torch":12,"minecraft:acacia_log":65,"create:andesite_casing":3,"epicfight:skillbook":8,"minecraft:sandstone_wall":6,"iceandfire:lightning_dragon_flesh":2,"minecraft:golden_axe":1,"iceandfire:crackled_gravel":1,"minecraft:pointed_dripstone":18,"minecraft:diorite":40,"morevillagers:hunting_post":2,"minecraft:golden_chestplate":1,"create:large_cogwheel":3,"minecraft:stone_sword":3,"minecraft:cactus":1,"minecraft:rotten_flesh":180,"biomesoplenty:rose_quartz_chunk":2,"create:scoria":11,"biomesoplenty:palm_log":10,"biomesoplenty:mahogany_sapling":17,"minecraft:polished_basalt":1,"iceandfire:fire_dragon_heart":2,"alexsmobs:emu_egg":3,"gamma_beasts:coal_nugget":6,"minecraft:blaze_rod":5,"biomesoplenty:orange_sandstone_slab":4,"minecraft:obsidian":21,"minecraft:cobblestone":204,"minecraft:magma_block":6,"minecraft:leather_chestplate":2,"minecraft:andesite":21,"minecraft:feather":12,"minecraft:cooked_beef":20,"minecraft:magma_cream":16,"minecraft:birch_slab":1,"biomesoplenty:dried_salt":69,"minecraft:jungle_log":1,"minecraft:acacia_leaves":3,"minecraft:golden_leggings":1,"minecraft:jungle_wood":5,"minecraft:potato":47,"gamma_beasts:prehnite":5,"biomesoplenty:dead_log":60,"biomesoplenty:fir_sapling":1,"minecraft:flint":1,"alexsmobs:cooked_kangaroo_meat":19,"minecraft:wither_skeleton_skull":1,"minecraft:acacia_boat":2,"minecraft:lapis_lazuli":122,"minecraft:dirt":49,"iceandfire:dragonscales_bronze":16,"minecraft:leather_boots":2,"minecraft:bone":111,"morevillagers:oceanography_table":1,"minecraft:bow":10,"minecraft:wheat_seeds":18,"minecraft:mossy_stone_bricks":1,"minecraft:fletching_table":2,"minecraft:glowstone_dust":23,"minecraft:oak_planks":4,"minecraft:ghast_tear":1,"minecraft:poisonous_potato":1,"iceandfire:dragon_skull_fire":3,"minecraft:sand":1,"minecraft:lily_of_the_valley":1,"minecraft:nether_brick_stairs":6,"minecraft:ink_sac":3,"iceandfire:lightning_dragon_heart":3,"minecraft:spectral_arrow":1,"minecraft:dark_oak_log":2,"minecraft:barrel":4,"alexsmobs:kangaroo_hide":18,"minecraft:diamond":8,"minecraft:lever":3,"minecraft:cracked_polished_blackstone_bricks":21,"minecraft:crossbow":1,"minecraft:granite":1,"scalinghealth:cursed_heart":3,"minecraft:bread":22,"alexsmobs:maggot":6,"minecraft:oak_sapling":2,"minecraft:netherrack":841,"minecraft:diamond_pickaxe":1,"sophisticatedbackpacks:gold_backpack":1,"iceandfire:dragon_skull_lightning":6,"minecraft:crafting_table":2,"minecraft:chicken":1,"iceandfire:witherbone":9,"minecraft:ladder":4,"minecraft:clay_ball":1,"minecraft:turtle_helmet":1,"minecraft:golden_pickaxe":1,"minecraft:leather_leggings":2,"biomesoplenty:cut_orange_sandstone":14,"morevillagers:woodworking_table":2,"minecraft:shield":2,"epicfight:stray_pants":1,"minecraft:cornflower":1,"minecraft:oak_trapdoor":3,"minecraft:red_bed":1,"minecraft:iron_axe":3,"create:scorchia":26,"minecraft:iron_shovel":2,"minecraft:birch_fence":2,"minecraft:blackstone":82,"iceandfire:ghost_ingot":1,"iceandfire:graveyard_soil":13,"morevillagers:gardening_table":1,"minecraft:poppy":123,"minecraft:lectern":4,"biomesoplenty:wildflower":4,"minecraft:sugar_cane":50,"iceandfire:dragonscales_electric":12,"minecraft:phantom_membrane":1,"minecraft:raw_iron":60,"minecraft:sandstone":8,"iceandfire:dragonbone":68,"iceandfire:deathworm_chitin_red":3,"minecraft:copper_ingot":1,"biomesoplenty:wilted_lily":2,"minecraft:polished_blackstone_bricks":29,"minecraft:trident":4,"minecraft:carrot":46,"minecraft:smooth_sandstone_slab":1,"mowziesmobs:umvuthana_mask_faith":10,"minecraft:arrow":54,"minecraft:stone_shovel":1,"minecraft:nether_bricks":50,"biomesoplenty:orange_sandstone":79,"minecraft:diamond_boots":1,"minecraft:hay_block":10,"minecraft:saddle":1,"minecraft:skeleton_skull":1,"biomesoplenty:orange_sand":281,"minecraft:air":0,"minecraft:basalt":456,"minecraft:tripwire_hook":2,"minecraft:leather":9,"minecraft:oak_log":1,"gamma_beasts:green_apple":9,"minecraft:chainmail_chestplate":1,"scalinghealth:bandages":4,"minecraft:ancient_debris":1,"iceandfire:ectoplasm":13,"minecraft:golden_boots":2,"minecraft:gunpowder":19,"mowziesmobs:wrought_axe":1,"scalinghealth:heart_crystal":16,"scalinghealth:medkit":1,"minecraft:white_banner":6,"apotheosis:warden_tendril":1,"minecraft:red_nether_brick_stairs":3,"minecraft:stone_bricks":17,"mowziesmobs:umvuthana_mask_rage":1,"mowziesmobs:foliaath_seed":2,"minecraft:iron_ingot":10,"minecraft:cooked_chicken":3,"scalinghealth:power_crystal_shard":8,"minecraft:iron_sword":1,"iceandfire:fire_dragon_flesh":6,"minecraft:acacia_sapling":6,"minecraft:soul_sand":13,"minecraft:book":38,"minecraft:sculk_catalyst":1,"minecraft:scaffolding":36,"scalinghealth:heart_crystal_shard":16,"iceandfire:copper_nugget":12,"minecraft:smooth_basalt":1,"create:large_water_wheel":6,"iceandfire:ash":6,"minecraft:quartz":25,"minecraft:cracked_nether_bricks":9,"minecraft:gravel":18,"minecraft:lava_bucket":1,"biomesoplenty:dead_planks":42,"mowziesmobs:wrought_helmet":1,"minecraft:nether_brick_slab":1,"minecraft:crying_obsidian":2,"minecraft:spider_eye":8,"iceandfire:dragonscales_copper":28,"biomesoplenty:mahogany_log":126,"minecraft:stone_axe":1,"minecraft:chainmail_leggings":1,"minecraft:iron_helmet":3,"mowziesmobs:umvuthana_mask_fear":2,"minecraft:acacia_slab":9,"minecraft:coal":70,"minecraft:ender_pearl":6},"minecraft:killed":{"minecraft:zombified_piglin":4,"minecraft:witch":2,"mowziesmobs:umvuthi":1,"minecraft:spider":21,"minecraft:skeleton":49,"minecraft:chicken":2,"mowziesmobs:umvuthana_crane":5,"minecraft:silverfish":2,"alexsmobs:straddler":7,"minecraft:piglin_brute":6,"minecraft:skeleton_horse":1,"alexsmobs:kangaroo":6,"minecraft:magma_cube":61,"minecraft:piglin":20,"minecraft:zombie_villager":23,"minecraft:iron_golem":1,"alexsmobs:stradpole":5,"twilightforest:hydra":1,"minecraft:creeper":11,"minecraft:pillager":23,"minecraft:zombie":59,"alexsmobs:terrapin":1,"minecraft:stray":3,"minecraft:ghast":6,"alexsmobs:fly":2,"iceandfire:lightning_dragon":2,"minecraft:cow":4,"minecraft:blaze":15,"alexsmobs:dropbear":2,"minecraft:vindicator":4,"minecraft:zoglin":3,"minecraft:phantom":1,"mowziesmobs:ferrous_wroughtnaut":1,"iceandfire:fire_dragon":2,"minecraft:drowned":19,"minecraft:warden":2,"mowziesmobs:umvuthana":2,"cataclysm:deepling_angler":1,"minecraft:husk":32,"minecraft:ravager":3,"alexsmobs:crocodile":1,"alexsmobs:elephant":2,"iceandfire:ghost":15,"minecraft:wither_skeleton":23,"minecraft:villager":2,"minecraft:enderman":3},"minecraft:crafted":{"minecraft:barrel":1,"iceandfire:ghost_sword":1,"minecraft:stone":3,"minecraft:bookshelf":24,"minecraft:nether_brick":46,"minecraft:glass":13,"minecraft:diamond_helmet":1,"minecraft:bow":5,"minecraft:diamond_leggings":2,"minecraft:chest":2,"minecraft:glass_bottle":3,"minecraft:wooden_shovel":1,"minecraft:emerald":189,"minecraft:crimson_stem":30,"minecraft:diamond_axe":1,"minecraft:crafting_table":8,"minecraft:iron_helmet":1,"minecraft:fletching_table":1,"epicfight:iron_longsword":1,"minecraft:iron_chestplate":1,"minecraft:diamond_pickaxe":4,"create:water_wheel":4,"minecraft:stick":1496,"minecraft:iron_ingot":70,"minecraft:iron_block":3,"create:large_cogwheel":1,"villagertools:knowledge":12,"minecraft:shears":1,"biomesoplenty:palm_planks":40,"biomesoplenty:dead_trapdoor":2,"minecraft:iron_nugget":27,"biomesoplenty:mahogany_planks":504,"minecraft:furnace":1,"minecraft:bone_meal":39,"minecraft:glass_pane":16,"minecraft:flint_and_steel":2,"minecraft:iron_axe":2,"minecraft:diamond_boots":1,"villagertools:restock":20,"minecraft:dark_oak_planks":8,"minecraft:wheat":9,"iceandfire:dragonbone_sword":1,"biomesoplenty:dead_planks":232,"minecraft:crimson_planks":120,"create:andesite_alloy":4,"minecraft:diamond_sword":6,"minecraft:iron_sword":1,"minecraft:acacia_trapdoor":2,"create:large_water_wheel":4,"minecraft:nether_bricks":15,"scalinghealth:heart_crystal":1,"minecraft:bucket":1,"minecraft:enchanted_book":8,"minecraft:jungle_planks":24,"minecraft:acacia_boat":1,"minecraft:bread":3,"minecraft:air":0,"minecraft:heart_of_the_sea":3,"biomesoplenty:dead_slab":6,"minecraft:stonecutter":1,"minecraft:anvil":1,"create:shaft":8,"minecraft:andesite":16,"minecraft:acacia_planks":236,"minecraft:torch":100,"minecraft:diamond_chestplate":1}},"DataVersion":3465}