{"stats":{"minecraft:crafted":{"minecraft:oak_planks":60,"minecraft:crafting_table":1,"minecraft:wooden_pickaxe":1,"minecraft:furnace":1,"minecraft:birch_planks":76,"minecraft:air":0,"minecraft:charcoal":1,"minecraft:stick":8,"minecraft:stone_pickaxe":1,"minecraft:wooden_axe":1,"minecraft:stone_sword":1,"minecraft:torch":4},"minecraft:custom":{"minecraft:interact_with_furnace":2,"minecraft:mob_kills":20,"minecraft:interact_with_crafting_table":8,"minecraft:damage_dealt_resisted":0,"minecraft:leave_game":2,"minecraft:time_since_death":1657,"minecraft:time_since_rest":1686,"minecraft:sprint_one_cm":190779,"minecraft:damage_taken":1286,"minecraft:walk_one_cm":294430,"minecraft:drop":13,"minecraft:damage_dealt":3942,"minecraft:swim_one_cm":532,"minecraft:damage_dealt_absorbed":40,"minecraft:talked_to_villager":1,"minecraft:fly_one_cm":101982,"minecraft:crouch_one_cm":4044,"minecraft:play_time":62457,"minecraft:deaths":2,"minecraft:sneak_time":631,"minecraft:walk_under_water_one_cm":820,"minecraft:jump":485,"minecraft:walk_on_water_one_cm":1292,"minecraft:total_world_time":62457,"minecraft:fall_one_cm":13658},"minecraft:used":{"minecraft:stone_sword":100,"minecraft:birch_planks":11,"minecraft:stone_pickaxe":9,"minecraft:oak_planks":55,"minecraft:wooden_pickaxe":43,"minecraft:rotten_flesh":8,"minecraft:torch":5,"minecraft:dirt":24,"minecraft:mutton":4,"scalinghealth:heart_crystal":2,"minecraft:crafting_table":1,"minecraft:wooden_axe":45,"minecraft:cobblestone":2,"minecraft:furnace":1},"minecraft:mined":{"minecraft:crafting_table":1,"minecraft:torch":1,"minecraft:granite":7,"minecraft:grass_block":3,"minecraft:lapis_ore":4,"minecraft:oak_planks":1,"minecraft:birch_planks":4,"minecraft:furnace":1,"minecraft:birch_log":24,"minecraft:birch_leaves":3,"minecraft:grass":2,"minecraft:oak_log":21,"minecraft:dirt":11,"minecraft:stone":39,"minecraft:oak_leaves":4},"minecraft:killed_by":{"minecraft:player":1},"minecraft:killed":{"minecraft:wolf":1,"minecraft:spider":1,"minecraft:creeper":1,"minecraft:sheep":2,"minecraft:skeleton":1,"minecraft:trader_llama":2,"minecraft:zombie":11},"minecraft:dropped":{"minecraft:wheat_seeds":1,"minecraft:stone_sword":1,"alexsmobs:animal_dictionary":1,"minecraft:rotten_flesh":9,"minecraft:oak_sapling":1},"minecraft:picked_up":{"minecraft:birch_log":24,"minecraft:crafting_table":1,"minecraft:leather":3,"minecraft:lead":2,"minecraft:birch_planks":4,"minecraft:oak_log":26,"minecraft:gunpowder":1,"scalinghealth:heart_crystal":2,"minecraft:lapis_lazuli":21,"minecraft:dirt":25,"minecraft:wheat_seeds":1,"mysticalagriculture:inferium_essence":5,"minecraft:furnace":1,"minecraft:stick":3,"minecraft:torch":2,"alexsmobs:animal_dictionary":1,"minecraft:stone_sword":1,"minecraft:rotten_flesh":24,"minecraft:iron_helmet":2,"minecraft:granite":4,"minecraft:oak_sapling":4,"minecraft:mutton":4,"minecraft:white_wool":2,"minecraft:cobblestone":39}},"DataVersion":3465}