{"stats":{"minecraft:killed":{"iceandfire:hippocampus":2,"alexsmobs:hummingbird":1,"minecraft:pig":1,"alexsmobs:anteater":1,"minecraft:zoglin":1,"minecraft:ghast":2,"minecraft:wither_skeleton":3,"minecraft:tropical_fish":6,"alexsmobs:komodo_dragon":1,"alexsmobs:flying_fish":1,"minecraft:cow":1},"minecraft:picked_up":{"minecraft:crafting_table":1,"minecraft:air":0,"minecraft:cooked_beef":3,"iceandfire:witherbone":1,"minecraft:jungle_log":19,"minecraft:leather":1,"minecraft:gunpowder":2,"minecraft:dirt":5,"minecraft:bone":2,"minecraft:kelp":40,"minecraft:beef":3,"minecraft:jungle_sapling":1,"gamma_beasts:lemon":10,"minecraft:ghast_tear":1,"minecraft:raw_iron":6,"gamma_beasts:jungle_leaf":11,"minecraft:torch":1,"minecraft:porkchop":1,"iceandfire:shiny_scales":5,"minecraft:sand":7,"gamma_beasts:thin_jungle_log":4,"minecraft:rotten_flesh":3,"minecraft:tropical_fish":5,"alexsmobs:maggot":2,"minecraft:coal":2,"alexsmobs:flying_fish":1,"minecraft:cobblestone":63},"minecraft:used":{"minecraft:stone_sword":20,"minecraft:stone_pickaxe":49,"minecraft:chest":1,"minecraft:wooden_pickaxe":21,"minecraft:iron_sword":1,"minecraft:rotten_flesh":3,"minecraft:torch":1,"minecraft:dirt":2,"minecraft:crafting_table":2,"alexsmobs:maggot":2,"minecraft:stone_axe":8,"minecraft:wooden_sword":59,"minecraft:beef":3,"minecraft:furnace":1,"minecraft:porkchop":1,"minecraft:cooked_beef":3,"gamma_beasts:lemon":10},"minecraft:crafted":{"minecraft:wooden_sword":1,"minecraft:crafting_table":1,"minecraft:jungle_boat":1,"minecraft:wooden_pickaxe":1,"minecraft:iron_sword":1,"minecraft:furnace":1,"minecraft:stone_axe":1,"minecraft:air":0,"minecraft:jungle_planks":32,"minecraft:charcoal":1,"minecraft:stick":16,"minecraft:iron_ingot":6,"minecraft:iron_pickaxe":1,"minecraft:stone_pickaxe":1,"minecraft:stone_sword":1,"minecraft:chest":1,"minecraft:torch":4},"minecraft:killed_by":{"minecraft:wither_skeleton":2,"alexsmobs:komodo_dragon":1},"minecraft:broken":{"minecraft:wooden_sword":1},"minecraft:dropped":{"minecraft:kelp":5},"minecraft:mined":{"gamma_beasts:jungla_hoja":1,"minecraft:kelp_plant":6,"minecraft:jungle_leaves":2,"minecraft:crafting_table":1,"minecraft:torch":1,"minecraft:grass_block":2,"minecraft:jungle_log":19,"minecraft:kelp":2,"gamma_beasts:thin_jungle_log":4,"minecraft:seagrass":1,"minecraft:tall_seagrass":4,"minecraft:iron_ore":6,"minecraft:grass":8,"minecraft:vine":4,"minecraft:sand":5,"minecraft:dirt":3,"minecraft:stone":63,"minecraft:fern":1},"minecraft:custom":{"minecraft:interact_with_furnace":10,"minecraft:mob_kills":20,"minecraft:interact_with_crafting_table":14,"minecraft:time_since_death":12117,"minecraft:climb_one_cm":5798,"minecraft:time_since_rest":12141,"minecraft:sprint_one_cm":259944,"minecraft:damage_taken":2070,"minecraft:walk_one_cm":162634,"minecraft:drop":5,"minecraft:damage_dealt":3086,"minecraft:damage_dealt_absorbed":32,"minecraft:swim_one_cm":103216,"minecraft:fly_one_cm":231820,"minecraft:open_chest":1,"minecraft:crouch_one_cm":788,"minecraft:play_time":53395,"minecraft:deaths":3,"minecraft:sneak_time":366,"minecraft:walk_under_water_one_cm":14700,"minecraft:jump":634,"minecraft:walk_on_water_one_cm":33441,"minecraft:total_world_time":53395,"minecraft:fall_one_cm":13171}},"DataVersion":3465}