{"stats":{"minecraft:crafted":{"minecraft:barrel":1,"biomesoplenty:dead_trapdoor":2,"minecraft:iron_nugget":9,"biomesoplenty:mahogany_planks":232,"minecraft:stone":3,"minecraft:iron_axe":1,"minecraft:chest":2,"biomesoplenty:dead_planks":204,"create:andesite_alloy":4,"minecraft:emerald":30,"minecraft:crafting_table":5,"minecraft:iron_sword":1,"minecraft:acacia_trapdoor":2,"create:large_water_wheel":4,"epicfight:iron_longsword":1,"minecraft:bucket":1,"minecraft:air":0,"minecraft:jungle_planks":20,"biomesoplenty:dead_slab":6,"create:water_wheel":4,"minecraft:stick":1048,"minecraft:stonecutter":1,"create:large_cogwheel":1,"create:shaft":8,"minecraft:andesite":16,"minecraft:acacia_planks":224,"minecraft:shears":1,"biomesoplenty:palm_planks":40},"minecraft:picked_up":{"minecraft:flower_pot":1,"minecraft:ladder":1,"minecraft:clay_ball":1,"minecraft:turtle_helmet":1,"morevillagers:woodworking_table":2,"minecraft:string":35,"minecraft:red_bed":1,"biomesoplenty:dead_trapdoor":8,"create:water_wheel":1,"morevillagers:gardening_table":1,"biomesoplenty:dead_sapling":4,"minecraft:bucket":1,"minecraft:rose_bush":3,"minecraft:poppy":121,"minecraft:iron_pickaxe":1,"minecraft:lectern":3,"biomesoplenty:wildflower":2,"minecraft:sugar_cane":34,"minecraft:stick":9,"minecraft:sandstone":7,"apotheosis:gem":11,"minecraft:copper_ingot":1,"minecraft:acacia_log":62,"create:andesite_casing":3,"biomesoplenty:wilted_lily":2,"epicfight:skillbook":1,"minecraft:sandstone_wall":6,"minecraft:diorite":20,"minecraft:trident":3,"morevillagers:hunting_post":1,"create:large_cogwheel":1,"minecraft:arrow":3,"minecraft:cactus":1,"minecraft:rotten_flesh":55,"biomesoplenty:palm_log":10,"biomesoplenty:mahogany_sapling":8,"biomesoplenty:orange_sandstone":4,"minecraft:hay_block":3,"alexsmobs:emu_egg":3,"minecraft:skeleton_skull":1,"biomesoplenty:orange_sand":28,"minecraft:cobblestone":9,"minecraft:feather":2,"minecraft:birch_slab":1,"minecraft:tripwire_hook":2,"biomesoplenty:dried_salt":30,"minecraft:acacia_leaves":3,"minecraft:jungle_wood":5,"biomesoplenty:dead_log":53,"minecraft:oak_log":1,"minecraft:chainmail_chestplate":1,"iceandfire:ectoplasm":4,"alexsmobs:cooked_kangaroo_meat":6,"minecraft:gunpowder":2,"scalinghealth:heart_crystal":1,"minecraft:leather_boots":1,"minecraft:bone":4,"morevillagers:oceanography_table":1,"minecraft:wheat_seeds":5,"minecraft:iron_ingot":6,"minecraft:cooked_chicken":3,"minecraft:fletching_table":2,"minecraft:acacia_sapling":5,"minecraft:book":15,"create:large_water_wheel":3,"minecraft:lava_bucket":1,"minecraft:sand":1,"biomesoplenty:dead_planks":42,"minecraft:barrel":4,"biomesoplenty:mahogany_log":58,"alexsmobs:kangaroo_hide":3,"minecraft:stone_axe":1,"minecraft:lever":3,"minecraft:iron_helmet":1,"alexsmobs:maggot":4,"minecraft:oak_sapling":2,"minecraft:ender_pearl":2},"minecraft:dropped":{"morevillagers:hunting_post":1,"minecraft:acacia_log":6,"minecraft:birch_slab":1,"minecraft:lava_bucket":1,"biomesoplenty:orange_sand":20,"minecraft:rose_bush":1,"minecraft:dead_bush":8,"biomesoplenty:dead_trapdoor":4,"create:large_cogwheel":1,"minecraft:string":3,"minecraft:bucket":2,"minecraft:bone":4,"biomesoplenty:dried_salt":30,"minecraft:stone_axe":1,"minecraft:iron_nugget":1,"create:shaft":3,"alexsmobs:animal_dictionary":1,"biomesoplenty:dead_slab":4,"minecraft:clay_ball":2,"minecraft:acacia_leaves":3,"patchouli:guide_book":1,"minecraft:poppy":1,"minecraft:turtle_helmet":1,"minecraft:shield":1,"minecraft:trident":2,"minecraft:gunpowder":2,"biomesoplenty:wildflower":2,"minecraft:leather_boots":1,"apotheosis:gem":2,"minecraft:acacia_sapling":2,"biomesoplenty:orange_sandstone":1,"epicfight:skillbook":5},"minecraft:killed":{"minecraft:spider":3,"minecraft:skeleton":3,"minecraft:chicken":1,"minecraft:drowned":12,"alexsmobs:kangaroo":1,"minecraft:husk":3,"minecraft:creeper":1,"minecraft:zombie":17,"iceandfire:ghost":7,"alexsmobs:terrapin":1,"minecraft:stray":1,"alexsmobs:fly":1,"minecraft:enderman":1},"minecraft:mined":{"iceandfire:graveyard_soil":1,"create:andesite_casing":3,"minecraft:jungle_leaves":2,"biomesoplenty:desert_grass":15,"minecraft:potted_cactus":1,"minecraft:ladder":2,"minecraft:lever":3,"minecraft:acacia_log":2,"morevillagers:gardening_table":1,"create:large_cogwheel":1,"biomesoplenty:wilted_lily":2,"minecraft:birch_slab":1,"biomesoplenty:dead_grass":4,"biomesoplenty:orange_sandstone":4,"minecraft:sandstone":7,"biomesoplenty:dune_grass":2,"morevillagers:woodworking_table":2,"minecraft:large_fern":1,"minecraft:hay_block":3,"minecraft:barrel":4,"treechop:chopped_log":10,"minecraft:fletching_table":1,"morevillagers:hunting_post":1,"minecraft:stone":9,"minecraft:tripwire":15,"minecraft:acacia_leaves":8,"minecraft:red_bed":1,"biomesoplenty:orange_sand":13,"biomesoplenty:wildflower":1,"minecraft:poppy":138,"morevillagers:oceanography_table":1,"iceandfire:ghost_chest":1,"minecraft:rose_bush":4,"minecraft:dead_bush":4,"minecraft:lectern":3,"create:water_wheel":1,"biomesoplenty:sprout":10,"minecraft:sugar_cane":6,"minecraft:diorite":20,"create:large_water_wheel":3,"minecraft:skeleton_skull":1,"minecraft:jungle_wood":1,"biomesoplenty:dead_trapdoor":6,"minecraft:grass":37,"minecraft:oak_log":6,"minecraft:sand":2,"minecraft:sandstone_wall":6,"biomesoplenty:dead_planks":42,"minecraft:tripwire_hook":2,"minecraft:oak_leaves":32,"minecraft:fern":15},"minecraft:custom":{"minecraft:interact_with_anvil":1,"minecraft:mob_kills":64,"minecraft:interact_with_crafting_table":21,"minecraft:open_barrel":3,"minecraft:damage_dealt_resisted":0,"minecraft:time_since_death":160608,"minecraft:climb_one_cm":12877,"minecraft:damage_resisted":0,"minecraft:sprint_one_cm":1043902,"minecraft:walk_one_cm":896091,"minecraft:damage_blocked_by_shield":9,"minecraft:drop":58,"minecraft:damage_dealt_absorbed":30,"minecraft:talked_to_villager":79,"minecraft:play_time":160608,"minecraft:sneak_time":1413,"minecraft:walk_under_water_one_cm":30660,"minecraft:jump":1248,"minecraft:walk_on_water_one_cm":79731,"minecraft:total_world_time":160608,"minecraft:interact_with_furnace":5,"minecraft:traded_with_villager":30,"minecraft:interact_with_stonecutter":1,"minecraft:sleep_in_bed":2,"minecraft:time_since_rest":108116,"minecraft:damage_taken":3139,"minecraft:trigger_trapped_chest":4,"minecraft:damage_dealt":13676,"minecraft:swim_one_cm":37792,"minecraft:fly_one_cm":577765,"minecraft:open_chest":78,"minecraft:crouch_one_cm":4301,"minecraft:fall_one_cm":51057,"minecraft:horse_one_cm":108},"minecraft:used":{"morevillagers:woodworking_table":2,"minecraft:trident":8,"minecraft:shield":1,"minecraft:sandstone_wall":6,"minecraft:cooked_chicken":3,"scalinghealth:heart_crystal":1,"minecraft:jungle_planks":12,"minecraft:chainmail_chestplate":1,"minecraft:acacia_sapling":3,"minecraft:lava_bucket":1,"minecraft:iron_axe":222,"biomesoplenty:orange_sand":1,"minecraft:barrel":5,"minecraft:tripwire_hook":2,"minecraft:hay_block":2,"morevillagers:oceanography_table":1,"minecraft:acacia_planks":2,"biomesoplenty:dead_log":2,"minecraft:iron_leggings":1,"minecraft:water_bucket":11,"epicfight:skillbook":8,"minecraft:diorite":6,"minecraft:acacia_trapdoor":2,"minecraft:ender_pearl":2,"minecraft:sandstone":7,"epicfight:iron_longsword":243,"minecraft:fletching_table":2,"minecraft:stonecutter":1,"minecraft:sand":1,"minecraft:crafting_table":5,"biomesoplenty:dead_planks":100,"minecraft:shears":9,"minecraft:lever":3,"minecraft:flower_pot":1,"minecraft:string":32,"minecraft:iron_pickaxe":59,"minecraft:bread":45,"create:water_wheel":1,"minecraft:lectern":3,"create:andesite_casing":1,"create:large_water_wheel":7,"biomesoplenty:dead_trapdoor":6,"minecraft:turtle_helmet":1,"minecraft:bucket":12,"alexsmobs:animal_dictionary":1,"create:large_cogwheel":1}},"DataVersion":3465}