{"stats":{"minecraft:dropped":{"morevillagers:hunting_post":1,"minecraft:acacia_log":6,"minecraft:lava_bucket":1,"biomesoplenty:orange_sand":6,"minecraft:dead_bush":8,"biomesoplenty:dead_trapdoor":4,"create:large_cogwheel":1,"minecraft:string":3,"minecraft:bucket":2,"minecraft:bone":3,"biomesoplenty:dried_salt":30,"create:shaft":3,"alexsmobs:animal_dictionary":1,"biomesoplenty:dead_slab":4,"minecraft:clay_ball":2,"minecraft:acacia_leaves":3,"patchouli:guide_book":1,"minecraft:turtle_helmet":1,"minecraft:shield":1,"minecraft:trident":2,"minecraft:gunpowder":2,"biomesoplenty:wildflower":2,"minecraft:leather_boots":1,"apotheosis:gem":1,"biomesoplenty:orange_sandstone":1,"epicfight:skillbook":5},"minecraft:used":{"minecraft:trident":8,"morevillagers:woodworking_table":2,"minecraft:shield":1,"minecraft:sandstone_wall":2,"scalinghealth:heart_crystal":1,"minecraft:jungle_planks":12,"minecraft:acacia_sapling":3,"minecraft:lava_bucket":1,"minecraft:iron_axe":143,"minecraft:barrel":5,"minecraft:tripwire_hook":2,"minecraft:hay_block":2,"morevillagers:oceanography_table":1,"minecraft:acacia_planks":2,"biomesoplenty:dead_log":2,"minecraft:iron_leggings":1,"epicfight:skillbook":8,"minecraft:water_bucket":11,"minecraft:acacia_trapdoor":2,"epicfight:iron_longsword":203,"minecraft:fletching_table":1,"minecraft:crafting_table":5,"biomesoplenty:dead_planks":100,"minecraft:shears":9,"minecraft:lever":3,"minecraft:flower_pot":1,"minecraft:bread":33,"minecraft:string":32,"minecraft:iron_pickaxe":47,"minecraft:lectern":3,"create:water_wheel":1,"create:andesite_casing":1,"create:large_water_wheel":7,"minecraft:turtle_helmet":1,"biomesoplenty:dead_trapdoor":6,"minecraft:bucket":12,"alexsmobs:animal_dictionary":1,"create:large_cogwheel":1},"minecraft:killed":{"minecraft:spider":3,"minecraft:skeleton":2,"minecraft:drowned":12,"alexsmobs:kangaroo":1,"minecraft:husk":3,"minecraft:creeper":1,"minecraft:zombie":15,"iceandfire:ghost":5,"alexsmobs:terrapin":1,"minecraft:stray":1,"alexsmobs:fly":1},"minecraft:crafted":{"minecraft:barrel":1,"biomesoplenty:dead_trapdoor":2,"minecraft:iron_nugget":9,"minecraft:iron_axe":1,"minecraft:chest":2,"biomesoplenty:dead_planks":204,"create:andesite_alloy":4,"minecraft:emerald":12,"minecraft:crafting_table":5,"minecraft:iron_sword":1,"minecraft:acacia_trapdoor":2,"create:large_water_wheel":4,"epicfight:iron_longsword":1,"minecraft:bucket":1,"minecraft:air":0,"minecraft:jungle_planks":20,"biomesoplenty:dead_slab":6,"create:water_wheel":4,"minecraft:stick":384,"create:large_cogwheel":1,"create:shaft":8,"minecraft:andesite":16,"minecraft:acacia_planks":164,"minecraft:shears":1,"biomesoplenty:palm_planks":40},"minecraft:picked_up":{"minecraft:clay_ball":1,"minecraft:flower_pot":1,"minecraft:turtle_helmet":1,"morevillagers:woodworking_table":2,"minecraft:string":35,"minecraft:red_bed":1,"biomesoplenty:dead_trapdoor":8,"create:water_wheel":1,"morevillagers:gardening_table":1,"biomesoplenty:dead_sapling":4,"minecraft:bucket":1,"minecraft:iron_pickaxe":1,"minecraft:lectern":3,"biomesoplenty:wildflower":2,"minecraft:sugar_cane":25,"minecraft:stick":6,"apotheosis:gem":10,"minecraft:copper_ingot":1,"minecraft:acacia_log":62,"create:andesite_casing":3,"epicfight:skillbook":1,"minecraft:sandstone_wall":2,"minecraft:diorite":20,"morevillagers:hunting_post":1,"minecraft:trident":3,"create:large_cogwheel":1,"minecraft:cactus":1,"minecraft:arrow":3,"minecraft:rotten_flesh":51,"biomesoplenty:palm_log":10,"biomesoplenty:orange_sandstone":4,"minecraft:hay_block":3,"alexsmobs:emu_egg":3,"biomesoplenty:orange_sand":7,"minecraft:cobblestone":9,"minecraft:feather":1,"minecraft:tripwire_hook":2,"biomesoplenty:dried_salt":30,"minecraft:acacia_leaves":3,"minecraft:jungle_wood":5,"biomesoplenty:dead_log":53,"iceandfire:ectoplasm":2,"alexsmobs:cooked_kangaroo_meat":6,"minecraft:gunpowder":2,"scalinghealth:heart_crystal":1,"minecraft:leather_boots":1,"minecraft:bone":3,"morevillagers:oceanography_table":1,"minecraft:iron_ingot":1,"minecraft:fletching_table":1,"minecraft:acacia_sapling":5,"create:large_water_wheel":3,"minecraft:lava_bucket":1,"biomesoplenty:dead_planks":42,"minecraft:barrel":4,"alexsmobs:kangaroo_hide":3,"minecraft:lever":3,"minecraft:iron_helmet":1,"alexsmobs:maggot":4},"minecraft:custom":{"minecraft:mob_kills":55,"minecraft:interact_with_anvil":1,"minecraft:interact_with_crafting_table":19,"minecraft:open_barrel":1,"minecraft:damage_dealt_resisted":0,"minecraft:time_since_death":131029,"minecraft:climb_one_cm":8561,"minecraft:damage_resisted":0,"minecraft:sprint_one_cm":702262,"minecraft:walk_one_cm":711394,"minecraft:damage_blocked_by_shield":9,"minecraft:drop":35,"minecraft:damage_dealt_absorbed":30,"minecraft:talked_to_villager":59,"minecraft:play_time":131029,"minecraft:sneak_time":1410,"minecraft:walk_under_water_one_cm":30556,"minecraft:jump":886,"minecraft:walk_on_water_one_cm":69834,"minecraft:total_world_time":131029,"minecraft:interact_with_furnace":2,"minecraft:traded_with_villager":12,"minecraft:sleep_in_bed":2,"minecraft:time_since_rest":78537,"minecraft:damage_taken":1955,"minecraft:trigger_trapped_chest":2,"minecraft:damage_dealt":11836,"minecraft:swim_one_cm":36300,"minecraft:fly_one_cm":379670,"minecraft:open_chest":72,"minecraft:crouch_one_cm":4301,"minecraft:fall_one_cm":27898,"minecraft:horse_one_cm":108},"minecraft:mined":{"create:andesite_casing":3,"biomesoplenty:desert_grass":14,"minecraft:potted_cactus":1,"minecraft:lever":3,"minecraft:acacia_log":2,"morevillagers:gardening_table":1,"create:large_cogwheel":1,"biomesoplenty:orange_sandstone":4,"biomesoplenty:dune_grass":2,"morevillagers:woodworking_table":2,"minecraft:hay_block":3,"minecraft:barrel":4,"treechop:chopped_log":7,"morevillagers:hunting_post":1,"minecraft:stone":9,"minecraft:tripwire":15,"minecraft:acacia_leaves":8,"minecraft:red_bed":1,"biomesoplenty:orange_sand":6,"biomesoplenty:wildflower":1,"morevillagers:oceanography_table":1,"iceandfire:ghost_chest":1,"minecraft:dead_bush":4,"minecraft:lectern":3,"create:water_wheel":1,"biomesoplenty:sprout":1,"minecraft:sugar_cane":4,"minecraft:diorite":20,"create:large_water_wheel":3,"minecraft:jungle_wood":1,"biomesoplenty:dead_trapdoor":6,"minecraft:sandstone_wall":2,"biomesoplenty:dead_planks":42,"minecraft:tripwire_hook":2,"minecraft:oak_leaves":3}},"DataVersion":3465}