{"stats":{"minecraft:killed":{"minecraft:pig":1,"alexsmobs:anteater":1,"minecraft:ghast":2,"alexsmobs:komodo_dragon":1,"minecraft:zoglin":1,"minecraft:cow":1},"minecraft:picked_up":{"minecraft:ghast_tear":1,"minecraft:crafting_table":1,"gamma_beasts:jungle_leaf":11,"minecraft:cooked_beef":3,"minecraft:jungle_log":12,"minecraft:leather":1,"minecraft:porkchop":1,"minecraft:gunpowder":2,"minecraft:dirt":3,"gamma_beasts:thin_jungle_log":4,"minecraft:rotten_flesh":3,"minecraft:kelp":40,"minecraft:beef":3,"minecraft:jungle_sapling":1,"gamma_beasts:lemon":10},"minecraft:used":{"minecraft:wooden_sword":29,"minecraft:dirt":2,"minecraft:beef":3,"minecraft:crafting_table":1,"minecraft:cooked_beef":3},"minecraft:crafted":{"minecraft:wooden_sword":1,"minecraft:crafting_table":1,"minecraft:stick":4,"minecraft:jungle_planks":32},"minecraft:killed_by":{"alexsmobs:komodo_dragon":1,"minecraft:wither_skeleton":1},"minecraft:mined":{"gamma_beasts:thin_jungle_log":4,"minecraft:seagrass":1,"minecraft:tall_seagrass":4,"gamma_beasts:jungla_hoja":1,"minecraft:kelp_plant":6,"minecraft:jungle_leaves":2,"minecraft:crafting_table":1,"minecraft:grass":7,"minecraft:grass_block":2,"minecraft:vine":3,"minecraft:jungle_log":12,"minecraft:dirt":1,"minecraft:kelp":2,"minecraft:fern":1},"minecraft:custom":{"minecraft:time_since_rest":10840,"minecraft:sprint_one_cm":152568,"minecraft:damage_taken":1165,"minecraft:walk_one_cm":64237,"minecraft:mob_kills":7,"minecraft:damage_dealt":1054,"minecraft:swim_one_cm":10619,"minecraft:damage_dealt_absorbed":16,"minecraft:fly_one_cm":129577,"minecraft:interact_with_crafting_table":2,"minecraft:crouch_one_cm":550,"minecraft:play_time":29395,"minecraft:deaths":2,"minecraft:sneak_time":200,"minecraft:walk_under_water_one_cm":2008,"minecraft:jump":377,"minecraft:walk_on_water_one_cm":7248,"minecraft:time_since_death":10815,"minecraft:climb_one_cm":5756,"minecraft:total_world_time":29395,"minecraft:fall_one_cm":9976}},"DataVersion":3465}