{"stats":{"minecraft:dropped":{"minecraft:acacia_log":6,"minecraft:lava_bucket":1,"minecraft:clay_ball":2,"minecraft:turtle_helmet":1,"minecraft:trident":2,"apotheosis:gem":1,"epicfight:skillbook":5},"minecraft:used":{"minecraft:trident":8,"morevillagers:woodworking_table":2,"minecraft:sandstone_wall":2,"scalinghealth:heart_crystal":1,"minecraft:jungle_planks":12,"minecraft:acacia_sapling":3,"minecraft:lava_bucket":1,"minecraft:iron_axe":119,"minecraft:barrel":5,"minecraft:tripwire_hook":2,"minecraft:hay_block":2,"morevillagers:oceanography_table":1,"biomesoplenty:dead_log":2,"minecraft:iron_leggings":1,"epicfight:skillbook":8,"minecraft:water_bucket":7,"epicfight:iron_longsword":160,"minecraft:fletching_table":1,"minecraft:crafting_table":5,"biomesoplenty:dead_planks":97,"minecraft:shears":2,"minecraft:lever":1,"minecraft:flower_pot":1,"minecraft:bread":26,"minecraft:string":7,"minecraft:iron_pickaxe":47,"minecraft:lectern":3,"create:water_wheel":1,"create:andesite_casing":1,"create:large_water_wheel":7,"minecraft:turtle_helmet":1,"biomesoplenty:dead_trapdoor":6,"minecraft:bucket":8,"alexsmobs:animal_dictionary":1,"create:large_cogwheel":1},"minecraft:killed":{"minecraft:spider":3,"minecraft:skeleton":2,"minecraft:drowned":11,"alexsmobs:kangaroo":1,"minecraft:husk":2,"minecraft:zombie":10,"iceandfire:ghost":5,"minecraft:stray":1,"alexsmobs:fly":1},"minecraft:crafted":{"minecraft:barrel":1,"biomesoplenty:dead_trapdoor":2,"minecraft:iron_nugget":9,"minecraft:iron_axe":1,"biomesoplenty:dead_planks":204,"create:andesite_alloy":4,"minecraft:emerald":12,"minecraft:crafting_table":5,"minecraft:iron_sword":1,"create:large_water_wheel":4,"epicfight:iron_longsword":1,"minecraft:bucket":1,"minecraft:air":0,"minecraft:jungle_planks":20,"biomesoplenty:dead_slab":6,"create:water_wheel":4,"minecraft:stick":384,"create:large_cogwheel":1,"create:shaft":8,"minecraft:andesite":16,"minecraft:acacia_planks":156,"minecraft:shears":1,"biomesoplenty:palm_planks":40},"minecraft:picked_up":{"minecraft:clay_ball":1,"minecraft:flower_pot":1,"minecraft:turtle_helmet":1,"morevillagers:woodworking_table":2,"minecraft:string":10,"minecraft:red_bed":1,"biomesoplenty:dead_trapdoor":4,"create:water_wheel":1,"morevillagers:gardening_table":1,"biomesoplenty:dead_sapling":4,"minecraft:iron_pickaxe":1,"minecraft:lectern":3,"biomesoplenty:wildflower":1,"minecraft:sugar_cane":1,"minecraft:stick":4,"apotheosis:gem":9,"minecraft:copper_ingot":1,"minecraft:acacia_log":45,"create:andesite_casing":3,"epicfight:skillbook":1,"minecraft:sandstone_wall":2,"minecraft:diorite":20,"morevillagers:hunting_post":1,"minecraft:trident":3,"create:large_cogwheel":1,"minecraft:cactus":1,"minecraft:arrow":3,"minecraft:rotten_flesh":33,"biomesoplenty:palm_log":10,"biomesoplenty:orange_sandstone":4,"minecraft:hay_block":3,"alexsmobs:emu_egg":3,"biomesoplenty:orange_sand":7,"minecraft:cobblestone":9,"minecraft:feather":1,"minecraft:tripwire_hook":2,"biomesoplenty:dried_salt":30,"minecraft:jungle_wood":5,"biomesoplenty:dead_log":53,"iceandfire:ectoplasm":2,"alexsmobs:cooked_kangaroo_meat":6,"minecraft:gunpowder":2,"scalinghealth:heart_crystal":1,"minecraft:leather_boots":1,"minecraft:bone":2,"morevillagers:oceanography_table":1,"minecraft:iron_ingot":1,"minecraft:fletching_table":1,"minecraft:acacia_sapling":3,"create:large_water_wheel":3,"minecraft:lava_bucket":1,"biomesoplenty:dead_planks":40,"minecraft:barrel":4,"alexsmobs:kangaroo_hide":3,"minecraft:lever":1,"alexsmobs:maggot":4},"minecraft:custom":{"minecraft:mob_kills":42,"minecraft:interact_with_anvil":1,"minecraft:interact_with_crafting_table":17,"minecraft:open_barrel":1,"minecraft:damage_dealt_resisted":0,"minecraft:time_since_death":107029,"minecraft:climb_one_cm":8561,"minecraft:damage_resisted":0,"minecraft:sprint_one_cm":582942,"minecraft:walk_one_cm":628012,"minecraft:drop":13,"minecraft:damage_dealt_absorbed":30,"minecraft:talked_to_villager":59,"minecraft:play_time":107029,"minecraft:sneak_time":812,"minecraft:walk_under_water_one_cm":29575,"minecraft:jump":692,"minecraft:walk_on_water_one_cm":45477,"minecraft:total_world_time":107029,"minecraft:interact_with_furnace":2,"minecraft:traded_with_villager":12,"minecraft:sleep_in_bed":2,"minecraft:time_since_rest":54537,"minecraft:damage_taken":1716,"minecraft:trigger_trapped_chest":2,"minecraft:damage_dealt":9534,"minecraft:swim_one_cm":36300,"minecraft:fly_one_cm":296093,"minecraft:open_chest":65,"minecraft:crouch_one_cm":3383,"minecraft:fall_one_cm":21954,"minecraft:horse_one_cm":108},"minecraft:mined":{"create:andesite_casing":3,"biomesoplenty:desert_grass":14,"minecraft:potted_cactus":1,"minecraft:lever":1,"morevillagers:gardening_table":1,"create:large_cogwheel":1,"biomesoplenty:orange_sandstone":4,"biomesoplenty:dune_grass":2,"morevillagers:woodworking_table":2,"minecraft:hay_block":3,"minecraft:barrel":4,"treechop:chopped_log":5,"morevillagers:hunting_post":1,"minecraft:stone":9,"minecraft:tripwire":4,"minecraft:acacia_leaves":4,"minecraft:red_bed":1,"biomesoplenty:orange_sand":6,"biomesoplenty:wildflower":1,"morevillagers:oceanography_table":1,"iceandfire:ghost_chest":1,"minecraft:dead_bush":4,"minecraft:lectern":3,"create:water_wheel":1,"biomesoplenty:sprout":1,"minecraft:diorite":20,"create:large_water_wheel":3,"minecraft:jungle_wood":1,"biomesoplenty:dead_trapdoor":4,"minecraft:sandstone_wall":2,"biomesoplenty:dead_planks":40,"minecraft:tripwire_hook":2,"minecraft:oak_leaves":3}},"DataVersion":3465}