{"stats":{"minecraft:broken":{"minecraft:iron_boots":1,"minecraft:iron_leggings":1,"minecraft:iron_helmet":1,"epicfight:iron_longsword":1},"minecraft:mined":{"create:andesite_casing":3,"minecraft:jungle_leaves":2,"minecraft:red_nether_bricks":41,"biomesoplenty:brimstone":52,"minecraft:obsidian":19,"apotheosis:hellshelf":18,"minecraft:granite":1,"minecraft:acacia_log":2,"biomesoplenty:dried_salt":3,"biomesoplenty:wilted_lily":2,"biomesoplenty:orange_sandstone":8,"apotheosis:simple_reforging_table":1,"minecraft:polished_blackstone_bricks":33,"minecraft:magma_block":52,"minecraft:fire":16,"minecraft:barrel":4,"minecraft:fletching_table":1,"minecraft:nether_brick_stairs":7,"minecraft:enchanting_table":1,"minecraft:sculk_shrieker":1,"iceandfire:gold_pile":13,"minecraft:tripwire":15,"biomesoplenty:orange_sandstone_slab":1,"minecraft:sandstone_slab":1,"minecraft:cut_sandstone":1,"minecraft:brown_mushroom":1,"minecraft:red_bed":1,"minecraft:torch":7,"create:scoria":11,"minecraft:dead_bush":6,"minecraft:nether_brick_slab":1,"minecraft:sugar_cane":7,"minecraft:smooth_sandstone_slab":1,"minecraft:skeleton_skull":1,"minecraft:jungle_wood":1,"minecraft:wither_rose":2,"minecraft:grass":86,"minecraft:sandstone_wall":6,"minecraft:smooth_basalt":2,"minecraft:deepslate":58,"biomesoplenty:desert_grass":32,"minecraft:dark_oak_log":2,"minecraft:nether_bricks":56,"apotheosis:infused_hellshelf":8,"biomesoplenty:dead_grass":4,"biomesoplenty:dune_grass":3,"minecraft:andesite":17,"morevillagers:hunting_post":2,"minecraft:potatoes":13,"minecraft:vine":9,"minecraft:soul_sand":21,"minecraft:smooth_sandstone":5,"create:water_wheel":1,"minecraft:tall_grass":10,"minecraft:diorite":40,"biomesoplenty:dead_trapdoor":6,"minecraft:gravel":128,"biomesoplenty:dead_planks":42,"minecraft:fern":21,"iceandfire:graveyard_soil":14,"minecraft:sculk_vein":3,"minecraft:potted_cactus":1,"minecraft:grass_block":8,"minecraft:infested_cobblestone":2,"minecraft:cracked_polished_blackstone_bricks":23,"minecraft:soul_soil":1,"minecraft:gilded_blackstone":1,"minecraft:glowstone":7,"minecraft:red_nether_brick_stairs":3,"minecraft:iron_ore":60,"minecraft:blackstone":193,"biomesoplenty:wildflower":10,"minecraft:poppy":138,"iceandfire:ghost_chest":1,"minecraft:nether_quartz_ore":56,"minecraft:cobblestone":11,"minecraft:wall_torch":6,"create:large_water_wheel":7,"minecraft:oak_log":6,"minecraft:sand":4,"minecraft:dirt":14,"minecraft:tripwire_hook":2,"minecraft:netherrack":4329,"minecraft:ancient_debris":13,"minecraft:oak_leaves":35,"gamma_beasts:green_apple_bush_2":1,"minecraft:nether_gold_ore":25,"minecraft:crying_obsidian":2,"minecraft:deepslate_diamond_ore":2,"minecraft:lever":3,"minecraft:ladder":2,"morevillagers:gardening_table":1,"create:large_cogwheel":1,"minecraft:birch_slab":1,"biomesoplenty:mahogany_sapling":1,"minecraft:acacia_slab":2,"minecraft:cracked_nether_bricks":9,"minecraft:sandstone":8,"morevillagers:woodworking_table":2,"minecraft:large_fern":1,"minecraft:hay_block":10,"minecraft:carrots":11,"minecraft:polished_basalt":1,"gamma_beasts:prehnite_ore":6,"create:scorchia":26,"treechop:chopped_log":17,"minecraft:bookshelf":4,"minecraft:stone":165,"minecraft:acacia_leaves":8,"minecraft:scaffolding":27,"biomesoplenty:orange_sand":16,"minecraft:basalt":640,"morevillagers:oceanography_table":1,"minecraft:rose_bush":5,"minecraft:lectern":4,"biomesoplenty:sprout":11,"minecraft:lapis_ore":19,"minecraft:sculk":12,"minecraft:coal_ore":15,"minecraft:birch_fence":2},"minecraft:used":{"minecraft:ladder":3,"minecraft:red_nether_brick_stairs":1,"minecraft:rotten_flesh":153,"minecraft:soul_sand":13,"minecraft:acacia_sapling":3,"minecraft:lava_bucket":1,"apotheosis:sightshelf_t2":9,"biomesoplenty:mahogany_sapling":4,"minecraft:bow":411,"minecraft:furnace":1,"minecraft:potato":19,"minecraft:mossy_stone_bricks":6,"minecraft:diorite":6,"minecraft:acacia_trapdoor":2,"minecraft:blackstone":14,"epicfight:iron_longsword":258,"minecraft:golden_apple":1,"apotheosis:pearl_endshelf":18,"minecraft:sand":1,"minecraft:blast_furnace":1,"minecraft:chiseled_sandstone":206,"minecraft:crying_obsidian":1,"scalinghealth:enchanted_heart":2,"minecraft:lectern":5,"minecraft:diamond_sword":1321,"minecraft:smithing_table":6,"minecraft:oak_trapdoor":6,"minecraft:enchanting_table":2,"minecraft:sandstone_wall":6,"minecraft:netherrack":466,"minecraft:torch":144,"minecraft:anvil":2,"minecraft:chainmail_chestplate":1,"minecraft:nether_brick_stairs":3,"apotheosis:ender_library":2,"minecraft:iron_axe":266,"apotheosis:gem_cutting_table":2,"minecraft:barrel":5,"minecraft:smooth_basalt":1,"minecraft:basalt":328,"minecraft:tripwire_hook":2,"minecraft:trapped_chest":5,"minecraft:acacia_planks":2,"minecraft:cobbled_deepslate":39,"minecraft:water_bucket":11,"minecraft:fletching_table":7,"minecraft:crafting_table":8,"minecraft:red_bed":1,"minecraft:ender_eye":5,"minecraft:diamond_pickaxe":5932,"apotheosis:hellshelf":40,"minecraft:iron_pickaxe":351,"create:water_wheel":1,"minecraft:cobblestone":387,"minecraft:potion":2,"iceandfire:dragonsteel_lightning_sword":6,"biomesoplenty:dead_trapdoor":6,"minecraft:glass_pane":3,"morevillagers:woodworking_table":2,"iceandfire:ghost_sword":686,"create:scorchia":26,"minecraft:diamond_hoe":1,"minecraft:shield":6,"minecraft:iron_sword":5,"iceandfire:armor_copper_chestplate":2,"create:cogwheel":11,"minecraft:jungle_planks":16,"minecraft:nether_bricks":2,"minecraft:carrot":4,"minecraft:obsidian":24,"minecraft:glass":1,"apotheosis:draconic_endshelf":2,"create:scoria":11,"iceandfire:dragonsteel_fire_sword":84,"minecraft:stone_bricks":15,"minecraft:deepslate_diamond_ore":2,"minecraft:magma_block":5,"minecraft:hay_block":4,"minecraft:scaffolding":13,"create:mechanical_drill":1,"morevillagers:oceanography_table":1,"minecraft:skeleton_skull":1,"apotheosis:salvaging_table":1,"epicfight:skillbook":21,"minecraft:wither_skeleton_skull":10,"apotheosis:simple_reforging_table":2,"minecraft:ender_pearl":7,"minecraft:sandstone":7,"minecraft:diamond_axe":36,"iceandfire:dragonbone_sword_lightning":23,"biomesoplenty:dead_planks":100,"minecraft:shears":9,"minecraft:lever":10,"minecraft:bread":126,"minecraft:string":33,"minecraft:iron_door":2,"create:andesite_casing":1,"apotheosis:reforging_table":2,"biomesoplenty:dried_salt":1,"apotheosis:echoing_deepshelf":1,"minecraft:grindstone":2,"minecraft:andesite":11,"minecraft:smooth_stone_slab":1,"minecraft:bone_meal":9,"create:large_cogwheel":23,"gamma_beasts:green_apple_bush":4,"biomesoplenty:mahogany_planks":12,"biomesoplenty:cut_orange_sandstone":85,"minecraft:trident":147,"minecraft:netherite_sword":12,"minecraft:flint_and_steel":1,"minecraft:redstone":10,"twilightforest:glass_sword":20,"gamma_beasts:green_apple":95,"minecraft:wooden_shovel":46,"minecraft:cooked_chicken":3,"minecraft:dirt":63,"scalinghealth:heart_crystal":23,"alexsmobs:cooked_kangaroo_meat":15,"minecraft:diamond_helmet":1,"minecraft:stone_brick_slab":8,"twilightforest:hydra_spawn_egg":1,"minecraft:bookshelf":17,"minecraft:acacia_slab":26,"biomesoplenty:orange_sandstone_slab":92,"minecraft:smooth_sandstone":116,"biomesoplenty:orange_sand":102,"minecraft:crimson_planks":10,"biomesoplenty:orange_sandstone":9,"minecraft:golden_carrot":5,"minecraft:soul_soil":1,"scalinghealth:bandages":1,"minecraft:cooked_beef":20,"biomesoplenty:dead_log":2,"minecraft:iron_leggings":1,"minecraft:acacia_boat":2,"iceandfire:fire_dragon_flesh":3,"minecraft:red_nether_bricks":39,"minecraft:stonecutter":1,"minecraft:cobblestone_slab":70,"minecraft:infested_stone_bricks":2,"minecraft:piston":6,"minecraft:flower_pot":1,"iceandfire:ash":6,"create:large_water_wheel":7,"minecraft:turtle_helmet":1,"minecraft:bucket":12,"apotheosis:soul_touched_sculkshelf":20,"alexsmobs:animal_dictionary":1,"apotheosis:infused_hellshelf":23,"minecraft:splash_potion":4},"minecraft:killed":{"minecraft:skeleton":94,"minecraft:chicken":2,"mowziesmobs:umvuthana_crane":5,"alexsmobs:straddler":9,"minecraft:skeleton_horse":4,"minecraft:magma_cube":61,"minecraft:iron_golem":1,"minecraft:pillager":23,"minecraft:zombie":103,"iceandfire:lightning_dragon":2,"minecraft:cow":4,"minecraft:vindicator":5,"minecraft:zoglin":4,"mowziesmobs:ferrous_wroughtnaut":1,"minecraft:warden":2,"cataclysm:deepling_angler":1,"minecraft:husk":62,"minecraft:ravager":3,"alexsmobs:crocodile":1,"alexsmobs:elephant":2,"iceandfire:ghost":15,"minecraft:enderman":8,"minecraft:zombified_piglin":248,"minecraft:witch":3,"mowziesmobs:umvuthi":1,"minecraft:spider":41,"minecraft:bee":2,"minecraft:silverfish":2,"minecraft:piglin_brute":9,"alexsmobs:kangaroo":6,"minecraft:piglin":40,"minecraft:zombie_villager":23,"alexsmobs:stradpole":5,"twilightforest:hydra":1,"minecraft:creeper":36,"alexsmobs:terrapin":1,"minecraft:stray":5,"minecraft:ghast":7,"alexsmobs:fly":2,"minecraft:blaze":19,"alexsmobs:dropbear":5,"minecraft:phantom":1,"iceandfire:fire_dragon":2,"minecraft:drowned":24,"mowziesmobs:umvuthana":2,"minecraft:squid":4,"minecraft:wither_skeleton":24,"minecraft:villager":2},"minecraft:picked_up":{"minecraft:wooden_axe":1,"minecraft:iron_chestplate":3,"minecraft:chainmail_boots":3,"minecraft:flower_pot":1,"minecraft:diamond_sword":2,"minecraft:wither_rose":2,"minecraft:enchanted_book":1,"minecraft:golden_sword":20,"minecraft:string":55,"minecraft:soul_soil":1,"minecraft:red_nether_bricks":39,"create:water_wheel":1,"minecraft:gold_nugget":397,"minecraft:cobbled_deepslate":61,"minecraft:spruce_planks":9,"minecraft:golden_helmet":4,"create:andesite_casing":3,"minecraft:acacia_log":65,"minecraft:sandstone_wall":6,"iceandfire:lightning_dragon_flesh":2,"minecraft:golden_axe":1,"morevillagers:hunting_post":2,"minecraft:golden_chestplate":2,"minecraft:stone_sword":4,"biomesoplenty:rose_quartz_chunk":2,"biomesoplenty:palm_log":10,"create:scoria":11,"minecraft:polished_basalt":1,"iceandfire:fire_dragon_heart":2,"gamma_beasts:coal_nugget":6,"minecraft:blaze_rod":5,"epicfight:stray_robe":1,"biomesoplenty:orange_sandstone_slab":5,"minecraft:cooked_beef":20,"minecraft:magma_block":45,"minecraft:feather":12,"biomesoplenty:dried_salt":95,"minecraft:birch_slab":1,"minecraft:jungle_log":1,"minecraft:acacia_leaves":3,"minecraft:jungle_wood":10,"biomesoplenty:dead_log":60,"biomesoplenty:fir_sapling":1,"minecraft:flint":59,"alexsmobs:cooked_kangaroo_meat":19,"morevillagers:oceanography_table":1,"minecraft:diamond_helmet":2,"minecraft:glowstone_dust":23,"iceandfire:dragon_skull_fire":3,"minecraft:ink_sac":3,"iceandfire:lightning_dragon_heart":3,"minecraft:dark_oak_log":2,"minecraft:barrel":4,"alexsmobs:kangaroo_hide":18,"minecraft:lever":3,"minecraft:granite":1,"minecraft:bread":22,"alexsmobs:maggot":6,"minecraft:diamond_pickaxe":1,"iceandfire:dragon_skull_lightning":6,"sophisticatedbackpacks:gold_backpack":1,"minecraft:crafting_table":2,"iceandfire:witherbone":10,"minecraft:clay_ball":1,"minecraft:leather_leggings":2,"minecraft:golden_pickaxe":1,"biomesoplenty:cut_orange_sandstone":14,"morevillagers:woodworking_table":2,"epicfight:stray_pants":1,"minecraft:cornflower":1,"apotheosis:simple_reforging_table":1,"minecraft:red_bed":1,"epicfight:stray_hat":1,"create:scorchia":26,"minecraft:iron_shovel":2,"iceandfire:ghost_ingot":1,"iceandfire:graveyard_soil":13,"morevillagers:gardening_table":1,"minecraft:poppy":123,"iceandfire:dragonscales_electric":12,"minecraft:sandstone":8,"alexsmobs:straddlite":1,"sophisticatedbackpacks:backpack":1,"minecraft:carrot":47,"mowziesmobs:umvuthana_mask_faith":10,"minecraft:stone_shovel":1,"minecraft:diamond_boots":4,"minecraft:hay_block":10,"minecraft:gold_ingot":4,"biomesoplenty:orange_sand":286,"apotheosis:hellshelf":18,"minecraft:tripwire_hook":2,"minecraft:oak_log":1,"scalinghealth:bandages":9,"minecraft:ancient_debris":12,"minecraft:golden_boots":3,"mowziesmobs:wrought_axe":1,"scalinghealth:medkit":1,"minecraft:white_banner":6,"minecraft:stone_bricks":17,"mowziesmobs:umvuthana_mask_rage":1,"mowziesmobs:foliaath_seed":2,"scalinghealth:power_crystal_shard":8,"minecraft:iron_sword":1,"iceandfire:copper_nugget":12,"minecraft:smooth_basalt":2,"minecraft:cracked_nether_bricks":9,"minecraft:gravel":18,"minecraft:crying_obsidian":2,"iceandfire:dragonscales_copper":28,"biomesoplenty:mahogany_log":126,"minecraft:stone_axe":1,"mowziesmobs:umvuthana_mask_fear":2,"minecraft:ender_pearl":6,"minecraft:gilded_blackstone":1,"minecraft:stone_brick_stairs":3,"minecraft:iron_leggings":5,"biomesoplenty:dead_trapdoor":8,"alexsmobs:dropbear_claw":6,"biomesoplenty:brimstone":51,"biomesoplenty:dead_sapling":4,"minecraft:bucket":1,"minecraft:rose_bush":4,"minecraft:ender_eye":1,"minecraft:iron_pickaxe":3,"iceandfire:dragonscales_red":8,"minecraft:iron_boots":11,"minecraft:tipped_arrow":1,"minecraft:stick":28,"apotheosis:gem":42,"mowziesmobs:sol_visage":1,"minecraft:torch":20,"epicfight:skillbook":17,"iceandfire:crackled_gravel":1,"minecraft:pointed_dripstone":18,"minecraft:diorite":40,"create:large_cogwheel":3,"minecraft:cactus":1,"minecraft:rotten_flesh":377,"biomesoplenty:mahogany_sapling":17,"alexsmobs:emu_egg":3,"minecraft:obsidian":21,"minecraft:cobblestone":209,"minecraft:enchanting_table":1,"minecraft:leather_chestplate":2,"minecraft:magma_cream":16,"minecraft:andesite":21,"minecraft:golden_leggings":4,"gamma_beasts:prehnite":5,"minecraft:potato":47,"minecraft:acacia_boat":2,"minecraft:wither_skeleton_skull":1,"minecraft:lapis_lazuli":181,"minecraft:dirt":62,"iceandfire:dragonscales_bronze":16,"minecraft:leather_boots":2,"minecraft:bone":130,"minecraft:bow":13,"minecraft:wheat_seeds":26,"minecraft:mossy_stone_bricks":1,"minecraft:fletching_table":2,"minecraft:oak_planks":4,"minecraft:ghast_tear":1,"minecraft:poisonous_potato":1,"minecraft:sand":1,"minecraft:nether_brick_stairs":6,"minecraft:grass_block":1,"minecraft:lily_of_the_valley":1,"minecraft:spectral_arrow":1,"minecraft:diamond":8,"minecraft:cracked_polished_blackstone_bricks":21,"minecraft:crossbow":1,"scalinghealth:cursed_heart":4,"minecraft:oak_sapling":2,"minecraft:netherrack":2767,"minecraft:chicken":1,"minecraft:ladder":4,"minecraft:turtle_helmet":1,"minecraft:shield":4,"minecraft:oak_trapdoor":3,"minecraft:iron_axe":4,"minecraft:birch_fence":2,"minecraft:blackstone":126,"minecraft:lectern":4,"minecraft:sugar_cane":50,"biomesoplenty:wildflower":13,"minecraft:phantom_membrane":1,"minecraft:raw_iron":60,"iceandfire:dragonbone":68,"iceandfire:deathworm_chitin_red":3,"minecraft:copper_ingot":1,"biomesoplenty:wilted_lily":2,"minecraft:polished_blackstone_bricks":29,"minecraft:trident":4,"minecraft:smooth_sandstone_slab":1,"minecraft:arrow":72,"minecraft:nether_bricks":50,"biomesoplenty:orange_sandstone":93,"minecraft:saddle":1,"minecraft:skeleton_skull":1,"apotheosis:infused_hellshelf":7,"minecraft:air":0,"minecraft:basalt":607,"minecraft:leather":9,"gamma_beasts:green_apple":79,"minecraft:chainmail_chestplate":3,"iceandfire:ectoplasm":13,"minecraft:gunpowder":23,"scalinghealth:heart_crystal":21,"apotheosis:warden_tendril":1,"minecraft:red_nether_brick_stairs":3,"minecraft:iron_ingot":10,"minecraft:cooked_chicken":3,"iceandfire:fire_dragon_flesh":6,"minecraft:acacia_sapling":6,"minecraft:soul_sand":17,"minecraft:book":41,"minecraft:sculk_catalyst":1,"minecraft:scaffolding":36,"artifacts:obsidian_skull":1,"scalinghealth:heart_crystal_shard":30,"create:large_water_wheel":6,"iceandfire:ash":6,"minecraft:quartz":88,"minecraft:lava_bucket":1,"biomesoplenty:dead_planks":42,"mowziesmobs:wrought_helmet":1,"minecraft:nether_brick_slab":1,"minecraft:spider_eye":11,"minecraft:chainmail_leggings":1,"minecraft:iron_helmet":4,"minecraft:acacia_slab":10,"minecraft:coal":73},"minecraft:dropped":{"create:cogwheel":1,"epicfight:stray_hat":1,"sophisticatedbackpacks:gold_backpack":2,"minecraft:birch_fence":2,"minecraft:gold_nugget":52,"minecraft:iron_pickaxe":1,"minecraft:bone":30,"minecraft:stone_axe":1,"minecraft:iron_nugget":1,"alexsmobs:animal_dictionary":1,"minecraft:obsidian":1,"minecraft:rotten_flesh":50,"minecraft:grindstone":1,"iceandfire:crackled_gravel":1,"minecraft:tipped_arrow":17,"biomesoplenty:wildflower":12,"create:wrench":1,"minecraft:leather_boots":2,"apotheosis:gem":3,"minecraft:acacia_sapling":2,"minecraft:leather_leggings":1,"biomesoplenty:mahogany_sapling":1,"minecraft:ghast_tear":1,"minecraft:stone_brick_stairs":3,"minecraft:iron_ingot":3,"minecraft:golden_boots":2,"morevillagers:hunting_post":1,"minecraft:wheat_seeds":20,"minecraft:iron_helmet":1,"minecraft:cobblestone":2,"mowziesmobs:umvuthana_mask_fear":1,"minecraft:coal":31,"minecraft:lava_bucket":1,"minecraft:ink_sac":3,"iceandfire:copper_nugget":12,"minecraft:rose_bush":2,"minecraft:dead_bush":8,"minecraft:chainmail_leggings":1,"create:mechanical_drill":1,"minecraft:string":9,"iceandfire:dragon_skull_fire":3,"biomesoplenty:dried_salt":56,"minecraft:clay_ball":2,"minecraft:iron_boots":2,"minecraft:nether_bricks":14,"alexsmobs:cooked_kangaroo_meat":4,"minecraft:lily_of_the_valley":1,"minecraft:diamond_sword":1,"minecraft:spruce_planks":9,"minecraft:diamond_pickaxe":1,"minecraft:stone_bricks":18,"minecraft:spider_eye":5,"biomesoplenty:orange_sandstone":87,"minecraft:bow":7,"minecraft:magma_block":35,"scalinghealth:bandages":4,"iceandfire:dragon_skull_lightning":6,"epicfight:skillbook":10,"create:belt_connector":1,"alexsmobs:straddlite":1,"minecraft:soul_sand":3,"gamma_beasts:green_apple_bush":1,"minecraft:leather":9,"biomesoplenty:rose_quartz_chunk":2,"minecraft:birch_slab":1,"biomesoplenty:fir_sapling":1,"minecraft:flint":1,"minecraft:cracked_polished_blackstone_bricks":21,"minecraft:cornflower":1,"biomesoplenty:dead_trapdoor":4,"minecraft:polished_blackstone_bricks":29,"create:large_cogwheel":4,"epicfight:stray_robe":1,"minecraft:blackstone":87,"minecraft:pointed_dripstone":18,"minecraft:carrot":1,"patchouli:guide_book":1,"minecraft:chainmail_chestplate":2,"minecraft:poppy":1,"minecraft:leather_chestplate":2,"minecraft:turtle_helmet":1,"minecraft:trident":2,"minecraft:gunpowder":6,"apotheosis:inert_trident":1,"minecraft:chainmail_boots":1,"minecraft:basalt":162,"minecraft:arrow":55,"minecraft:netherrack":884,"minecraft:bread":8,"iceandfire:lightning_dragon_blood":1,"minecraft:golden_helmet":3,"scalinghealth:cursed_heart":2,"minecraft:acacia_log":6,"minecraft:grass_block":1,"minecraft:stick":5,"biomesoplenty:orange_sand":243,"alexsmobs:dropbear_claw":1,"minecraft:iron_leggings":1,"minecraft:iron_axe":1,"minecraft:bucket":2,"epicfight:stray_pants":1,"minecraft:smooth_basalt":1,"iceandfire:dragonbone":2,"minecraft:oak_trapdoor":3,"create:shaft":3,"biomesoplenty:dead_slab":4,"iceandfire:witherbone":1,"minecraft:wither_skeleton_skull":1,"villagertools:lure":9,"minecraft:acacia_leaves":3,"gamma_beasts:green_apple":1,"biomesoplenty:cut_orange_sandstone":12,"minecraft:shield":2,"minecraft:iron_chestplate":1,"minecraft:mossy_stone_bricks":2,"minecraft:golden_leggings":4,"minecraft:golden_sword":14,"scalinghealth:enchanted_heart":1},"minecraft:custom":{"minecraft:interact_with_crafting_table":59,"minecraft:open_barrel":50,"goblintraders:trade_with_goblin":4,"minecraft:leave_game":6,"minecraft:time_since_death":259718,"minecraft:damage_blocked_by_shield":150,"minecraft:play_time":1040677,"minecraft:deaths":9,"minecraft:jump":9998,"minecraft:enchant_item":121,"minecraft:interact_with_furnace":33,"minecraft:traded_with_villager":255,"minecraft:sleep_in_bed":10,"minecraft:waystone_activated":1,"minecraft:damage_dealt":280615,"minecraft:inspect_dispenser":1,"minecraft:horse_one_cm":484446,"minecraft:interact_with_smithing_table":8,"minecraft:interact_with_anvil":38,"minecraft:damage_dealt_absorbed":14868,"minecraft:sneak_time":31765,"minecraft:total_world_time":1040677,"minecraft:tune_noteblock":28,"minecraft:interact_with_stonecutter":6,"minecraft:time_since_rest":259749,"minecraft:swim_one_cm":125513,"minecraft:fly_one_cm":5642314,"minecraft:open_chest":470,"minecraft:fall_one_cm":530602,"minecraft:damage_resisted":1595,"minecraft:sprint_one_cm":6021576,"minecraft:drop":284,"minecraft:play_noteblock":5,"minecraft:talked_to_villager":337,"minecraft:interact_with_brewingstand":2,"minecraft:walk_on_water_one_cm":176231,"minecraft:crouch_one_cm":211043,"minecraft:mob_kills":985,"minecraft:damage_dealt_resisted":2570,"minecraft:climb_one_cm":116602,"minecraft:walk_one_cm":5620481,"minecraft:raid_win":2,"minecraft:walk_under_water_one_cm":68601,"minecraft:boat_one_cm":248400,"minecraft:raid_trigger":24,"minecraft:interact_with_grindstone":59,"minecraft:damage_absorbed":40,"minecraft:damage_taken":32355,"minecraft:trigger_trapped_chest":11},"minecraft:crafted":{"minecraft:smooth_stone":2,"minecraft:nether_brick":70,"minecraft:bookshelf":24,"minecraft:glass":13,"apotheosis:reforging_table":1,"minecraft:diamond_helmet":1,"minecraft:diamond_leggings":3,"minecraft:glass_bottle":3,"minecraft:wooden_shovel":1,"minecraft:emerald":193,"minecraft:diamond_axe":1,"minecraft:crimson_stem":30,"minecraft:fletching_table":1,"epicfight:iron_longsword":1,"apotheosis:gem_cutting_table":1,"minecraft:iron_block":3,"minecraft:gold_ingot":21,"create:large_cogwheel":1,"minecraft:netherite_ingot":2,"villagertools:knowledge":12,"minecraft:iron_nugget":27,"minecraft:diamond_hoe":1,"minecraft:bone_meal":39,"minecraft:diamond_boots":2,"minecraft:dark_oak_planks":8,"minecraft:wheat":9,"iceandfire:dragonbone_sword":2,"biomesoplenty:dead_planks":232,"minecraft:acacia_trapdoor":2,"minecraft:enchanted_book":8,"biomesoplenty:dead_slab":6,"create:shaft":8,"minecraft:barrel":1,"iceandfire:ghost_sword":1,"minecraft:stone":6,"minecraft:bow":5,"iceandfire:dragonbone_sword_lightning":1,"minecraft:chest":2,"minecraft:golden_sword":6,"minecraft:crafting_table":8,"minecraft:iron_helmet":1,"iceandfire:armor_copper_chestplate":1,"minecraft:iron_chestplate":1,"minecraft:diamond_pickaxe":4,"create:water_wheel":4,"minecraft:stick":1536,"minecraft:iron_ingot":70,"minecraft:shears":2,"biomesoplenty:palm_planks":40,"minecraft:netherite_sword":2,"biomesoplenty:dead_trapdoor":2,"biomesoplenty:mahogany_planks":504,"minecraft:furnace":1,"minecraft:glass_pane":16,"minecraft:flint_and_steel":2,"minecraft:iron_axe":2,"villagertools:restock":20,"minecraft:netherite_scrap":10,"minecraft:crimson_planks":120,"create:andesite_alloy":4,"minecraft:diamond_sword":6,"minecraft:iron_sword":1,"create:large_water_wheel":4,"minecraft:nether_bricks":21,"scalinghealth:heart_crystal":2,"minecraft:bucket":1,"minecraft:air":0,"minecraft:bread":3,"minecraft:acacia_boat":1,"minecraft:heart_of_the_sea":3,"minecraft:jungle_planks":44,"minecraft:stonecutter":1,"minecraft:anvil":1,"minecraft:andesite":16,"minecraft:acacia_planks":236,"minecraft:torch":100,"minecraft:diamond_chestplate":1},"minecraft:killed_by":{"minecraft:piglin_brute":1,"alexsmobs:straddler":1,"minecraft:zombie":1,"minecraft:warden":4,"minecraft:piglin":1}},"DataVersion":3465}