{"stats":{"minecraft:broken":{"minecraft:stone_pickaxe":1,"minecraft:wooden_sword":1,"minecraft:iron_sword":2,"minecraft:iron_pickaxe":1,"iceandfire:armor_copper_metal_boots":1},"minecraft:custom":{"minecraft:interact_with_crafting_table":68,"minecraft:open_barrel":10,"goblintraders:trade_with_goblin":48,"minecraft:time_since_death":2779,"minecraft:sprint_one_cm":1485159,"minecraft:drop":73,"minecraft:play_time":317211,"minecraft:deaths":16,"minecraft:jump":4492,"minecraft:walk_on_water_one_cm":139788,"minecraft:interact_with_furnace":54,"minecraft:interact_with_cartography_table":1,"minecraft:sleep_in_bed":7,"minecraft:waystone_activated":3,"minecraft:damage_dealt":51489,"minecraft:crouch_one_cm":19689,"minecraft:interact_with_smoker":7,"minecraft:mob_kills":163,"minecraft:damage_dealt_resisted":288,"minecraft:climb_one_cm":30202,"minecraft:walk_one_cm":1514396,"minecraft:damage_dealt_absorbed":5473,"minecraft:sneak_time":6452,"minecraft:walk_under_water_one_cm":127987,"minecraft:boat_one_cm":1125268,"minecraft:total_world_time":317211,"minecraft:time_since_rest":2806,"minecraft:damage_taken":13286,"minecraft:damage_absorbed":254,"minecraft:trigger_trapped_chest":4,"minecraft:swim_one_cm":329696,"minecraft:fly_one_cm":1456607,"minecraft:open_chest":51,"minecraft:fall_one_cm":107538},"minecraft:killed":{"alexsmobs:hummingbird":1,"iceandfire:gorgon":1,"minecraft:spider":17,"minecraft:skeleton":22,"gamma_beasts:shecko_a":1,"minecraft:chicken":5,"minecraft:tropical_fish":6,"minecraft:pig":8,"alexsmobs:anteater":1,"minecraft:zombie_villager":1,"minecraft:salmon":3,"gamma_beasts:careyatros_a":3,"minecraft:creeper":3,"minecraft:sheep":3,"minecraft:pillager":1,"minecraft:zombie":31,"cataclysm:deepling":1,"minecraft:ghast":2,"gamma_beasts:shecko_c":1,"iceandfire:pixie":7,"alexsmobs:komodo_dragon":2,"iceandfire:sea_serpent":4,"minecraft:cow":7,"minecraft:zoglin":1,"alexsmobs:gorilla":3,"iceandfire:fire_dragon":4,"alexsmobs:bison":1,"minecraft:drowned":2,"cataclysm:lionfish":1,"alexsmobs:flying_fish":2,"iceandfire:hippocampus":2,"minecraft:squid":1,"alexsmobs:catfish":1,"alexsmobs:crocodile":1,"gamma_beasts:careyatros_c":4,"iceandfire:ghost":4,"minecraft:wither_skeleton":3},"minecraft:mined":{"minecraft:dark_prismarine_stairs":6,"minecraft:large_amethyst_bud":2,"gamma_beasts:jungla_hoja_1":9,"iceandfire:graveyard_soil":7,"minecraft:jungle_leaves":4,"minecraft:granite":15,"minecraft:budding_amethyst":2,"minecraft:grass_block":3,"minecraft:jungle_log":22,"gamma_beasts:thin_jungle_log":9,"minecraft:tall_seagrass":4,"biomesoplenty:tall_lavender":1,"minecraft:iron_ore":49,"minecraft:fire":5,"biomesoplenty:lavender":1,"biomesoplenty:redwood_log":3,"minecraft:small_amethyst_bud":3,"gamma_beasts:jungla_hoja":11,"minecraft:kelp_plant":6,"minecraft:medium_amethyst_bud":2,"minecraft:amethyst_cluster":3,"minecraft:torch":15,"minecraft:calcite":3,"minecraft:poppy":1,"minecraft:melon":2,"iceandfire:ghost_chest":2,"minecraft:cobblestone":11,"minecraft:wall_torch":2,"minecraft:amethyst_block":6,"minecraft:skeleton_skull":1,"minecraft:seagrass":1,"minecraft:grass":22,"minecraft:oak_log":8,"minecraft:sand":10,"minecraft:dirt":11,"minecraft:smooth_basalt":2,"minecraft:oak_leaves":7,"minecraft:deepslate":11,"minecraft:dark_prismarine":4,"create:zinc_ore":3,"iceandfire:silver_ore":10,"minecraft:mossy_cobblestone":3,"minecraft:redstone_wire":2,"minecraft:kelp":2,"minecraft:sandstone":7,"biomesoplenty:jacaranda_log":2,"minecraft:furnace":3,"gamma_beasts:prehnite_ore":5,"minecraft:andesite":39,"minecraft:gold_block":1,"minecraft:vine":8,"minecraft:deepslate_iron_ore":6,"biomesoplenty:barley":4,"minecraft:stone":498,"minecraft:podzol":2,"minecraft:crafting_table":7,"minecraft:rose_bush":1,"minecraft:tall_grass":2,"minecraft:copper_ore":17,"minecraft:lapis_ore":3,"minecraft:diorite":40,"minecraft:coarse_dirt":3,"biomesoplenty:mahogany_log":7,"minecraft:coal_ore":25,"biomesoplenty:redwood_leaves":2,"minecraft:gravel":18,"minecraft:cracked_stone_bricks":1,"minecraft:cobweb":13,"minecraft:polished_andesite":2,"minecraft:stone_bricks":58,"minecraft:mossy_stone_bricks":3,"biomesoplenty:redwood_wood":10,"minecraft:fern":15},"minecraft:dropped":{"gamma_beasts:prehnite_armor_helmet":1,"minecraft:golden_pickaxe":1,"minecraft:leather":2,"iceandfire:ectoplasm":2,"minecraft:cracked_stone_bricks":1,"artifacts:anglers_hat":1,"sophisticatedbackpacks:gold_backpack":1,"minecraft:dirt":8,"iceandfire:armor_gray_helmet":1,"minecraft:white_wool":1,"minecraft:bone":7,"minecraft:stone_axe":1,"minecraft:cobbled_deepslate":3,"minecraft:rotten_flesh":1,"minecraft:golden_shovel":1,"minecraft:poppy":1,"iceandfire:ghost_chest":1,"minecraft:skeleton_skull":2,"iceandfire:armor_bronze_leggings":1,"iceandfire:manuscript":4,"iceandfire:silver_pickaxe":1,"minecraft:enchanted_book":1,"minecraft:iron_ingot":8,"minecraft:wheat_seeds":3,"minecraft:mossy_cobblestone":3,"mowziesmobs:foliaath_seed":2,"gamma_beasts:coal_nugget":8,"minecraft:golden_axe":1,"minecraft:cobblestone":1,"minecraft:granite":15,"minecraft:copper_ingot":1,"minecraft:diorite":5,"scalinghealth:heart_crystal":1,"minecraft:rose_bush":1,"iceandfire:armor_silver_metal_chestplate":1,"minecraft:iron_leggings":1,"minecraft:string":1,"create:raw_zinc":3,"minecraft:smooth_basalt":1,"minecraft:kelp":5,"minecraft:stone_sword":2,"minecraft:cocoa_beans":6,"iceandfire:armor_bronze_boots":1,"minecraft:iron_boots":2,"sophisticatedbackpacks:backpack":1,"iceandfire:armor_gray_chestplate":1,"minecraft:andesite":32,"minecraft:mossy_stone_bricks":1,"iceandfire:silver_ingot":7,"minecraft:golden_sword":1,"minecraft:spider_eye":1,"minecraft:stone_bricks":36,"minecraft:bow":2,"minecraft:calcite":3},"minecraft:killed_by":{"minecraft:wither_skeleton":2,"iceandfire:sea_serpent":1,"cataclysm:deepling":2,"alexsmobs:gorilla":2,"alexsmobs:komodo_dragon":1,"iceandfire:fire_dragon":3,"gamma_beasts:careyatros_a":1,"minecraft:enderman":1,"alexsmobs:bison":2,"iceandfire:ghost":1},"minecraft:picked_up":{"gamma_beasts:fur":27,"minecraft:lead":2,"minecraft:enchanted_book":2,"minecraft:amethyst_block":3,"iceandfire:manuscript":9,"minecraft:string":27,"minecraft:raw_copper":64,"biomesoplenty:tall_lavender":1,"minecraft:iron_leggings":1,"iceandfire:sea_serpent_scales_bronze":20,"minecraft:cobbled_deepslate":14,"minecraft:gold_nugget":13,"minecraft:rose_bush":1,"minecraft:calcite":3,"biomesoplenty:redwood_wood":11,"minecraft:melon_slice":10,"minecraft:iron_boots":1,"minecraft:furnace":4,"minecraft:stick":12,"iceandfire:pixie_dust":5,"gamma_beasts:jungle_leaf":27,"iceandfire:ghost_chest":2,"minecraft:torch":19,"epicfight:skillbook":1,"minecraft:porkchop":17,"minecraft:golden_axe":1,"minecraft:diorite":40,"minecraft:rotten_flesh":46,"minecraft:tropical_fish":5,"iceandfire:fire_dragon_heart":3,"gamma_beasts:coal_nugget":8,"alexsmobs:flying_fish":2,"minecraft:cobblestone":521,"biomesoplenty:lavender":8,"minecraft:lilac":1,"minecraft:feather":4,"minecraft:cooked_beef":3,"minecraft:jungle_log":22,"minecraft:andesite":39,"minecraft:potato":1,"gamma_beasts:prehnite":5,"create:raw_zinc":3,"minecraft:lapis_lazuli":17,"iceandfire:dragonscales_bronze":43,"minecraft:dirt":42,"minecraft:bone":39,"minecraft:bow":3,"minecraft:wheat_seeds":16,"minecraft:raw_gold":2,"minecraft:mossy_stone_bricks":2,"minecraft:ghast_tear":1,"iceandfire:dragon_skull_fire":4,"iceandfire:pixie_house_birch":1,"iceandfire:shiny_scales":5,"minecraft:sand":12,"minecraft:jungle_planks":1,"minecraft:trapped_chest":1,"minecraft:mossy_cobblestone":3,"minecraft:dark_prismarine":4,"gamma_beasts:thin_jungle_log":9,"minecraft:polished_andesite":2,"waystones:waystone":1,"minecraft:granite":15,"alexsmobs:maggot":2,"iceandfire:gorgon_head":1,"iceandfire:raw_silver":10,"sophisticatedbackpacks:gold_backpack":1,"biomesoplenty:redwood_log":3,"minecraft:cocoa_beans":6,"minecraft:coarse_dirt":3,"minecraft:crafting_table":7,"minecraft:chicken":5,"iceandfire:witherbone":1,"minecraft:golden_pickaxe":1,"minecraft:gold_block":1,"biomesoplenty:jacaranda_sapling":3,"iceandfire:graveyard_soil":5,"minecraft:cracked_stone_bricks":1,"minecraft:dark_prismarine_stairs":6,"minecraft:beef":21,"minecraft:jungle_sapling":1,"minecraft:poppy":1,"gamma_beasts:lemon":32,"minecraft:egg":2,"minecraft:raw_iron":54,"minecraft:sandstone":7,"iceandfire:dragonbone":32,"iceandfire:dragonscales_gray":20,"minecraft:copper_ingot":1,"sophisticatedbackpacks:backpack":1,"minecraft:redstone":2,"alexsmobs:leafcutter_ant_pupa":1,"iceandfire:silver_ingot":8,"minecraft:arrow":13,"biomesoplenty:jacaranda_log":6,"biomesoplenty:redwood_sapling":8,"minecraft:mutton":10,"minecraft:skeleton_skull":2,"minecraft:white_wool":3,"minecraft:jungle_boat":4,"minecraft:air":0,"iceandfire:sea_serpent_fang":15,"minecraft:salmon":3,"minecraft:leather":8,"artifacts:anglers_hat":1,"minecraft:oak_log":8,"iceandfire:ectoplasm":6,"minecraft:gunpowder":11,"scalinghealth:heart_crystal":9,"minecraft:white_banner":1,"minecraft:cooked_mutton":2,"minecraft:stone_bricks":73,"minecraft:kelp":40,"mowziesmobs:foliaath_seed":2,"gamma_beasts:meat":6,"minecraft:iron_ingot":1,"scalinghealth:power_crystal_shard":4,"iceandfire:sea_serpent_scales_deepblue":5,"iceandfire:fire_dragon_flesh":5,"scalinghealth:heart_crystal_shard":11,"minecraft:smooth_basalt":2,"minecraft:gravel":18,"minecraft:amethyst_shard":16,"minecraft:spider_eye":17,"alexsmobs:raw_catfish":2,"biomesoplenty:mahogany_log":6,"iceandfire:silver_pickaxe":1,"iceandfire:sea_serpent_scales_red":3,"gamma_beasts:salmon_steak":2,"minecraft:coal":62},"minecraft:used":{"minecraft:iron_shovel":26,"minecraft:chest":2,"iceandfire:tide_bronze_leggings":1,"minecraft:iron_sword":504,"minecraft:rotten_flesh":37,"iceandfire:tide_deepblue_helmet":1,"minecraft:mutton":8,"iceandfire:tide_bronze_chestplate":1,"minecraft:obsidian":1,"minecraft:lava_bucket":2,"iceandfire:blindfold":1,"minecraft:stone_bricks":1,"minecraft:bow":57,"minecraft:furnace":7,"minecraft:dark_prismarine_stairs":6,"alexsmobs:raw_catfish":2,"epicfight:skillbook":1,"minecraft:mossy_stone_bricks":1,"gamma_beasts:cooked_salmon_steak":2,"iceandfire:tide_bronze_boots":1,"minecraft:stone_pickaxe":131,"minecraft:wooden_pickaxe":21,"minecraft:sandstone":7,"minecraft:diamond_axe":182,"minecraft:jungle_boat":6,"minecraft:golden_apple":1,"minecraft:sand":5,"gamma_beasts:cooked_meat":2,"gamma_beasts:prehnite_armor_helmet":1,"iceandfire:silver_pickaxe":440,"waystones:waystone":1,"minecraft:melon_slice":10,"minecraft:gravel":8,"gamma_beasts:thin_jungle_log":5,"minecraft:wooden_sword":59,"iceandfire:pixie_house_birch":1,"iceandfire:dragon_skull_fire":1,"minecraft:andesite":7,"minecraft:oak_boat":1,"gamma_beasts:lemon":10,"minecraft:coarse_dirt":3,"minecraft:stone_sword":77,"minecraft:flint_and_steel":9,"minecraft:tropical_fish":5,"biomesoplenty:redwood_planks":6,"minecraft:cooked_chicken":1,"minecraft:torch":31,"iceandfire:armor_copper_metal_boots":1,"minecraft:dirt":31,"scalinghealth:heart_crystal":8,"iceandfire:pixie_dust":1,"alexsmobs:maggot":2,"biomesoplenty:redwood_boat":2,"minecraft:smooth_basalt":1,"minecraft:beef":8,"minecraft:cooked_beef":13,"minecraft:cobbled_deepslate":11,"minecraft:iron_leggings":1,"minecraft:cooked_mutton":2,"minecraft:water_bucket":6,"minecraft:polished_andesite":2,"minecraft:salmon":3,"minecraft:crafting_table":18,"minecraft:white_bed":1,"alexsmobs:leafcutter_ant_pupa":1,"iceandfire:armor_silver_metal_chestplate":1,"alexsmobs:flying_fish":2,"minecraft:dark_prismarine":4,"gamma_beasts:fried_egg":1,"iceandfire:ambrosia":2,"minecraft:iron_pickaxe":281,"iceandfire:graveyard_soil":5,"minecraft:stone_axe":46,"minecraft:cobblestone":134,"minecraft:porkchop":17,"minecraft:bucket":8,"gamma_beasts:meat":4},"minecraft:crafted":{"minecraft:oak_planks":32,"minecraft:cooked_chicken":1,"iceandfire:armor_copper_metal_boots":1,"iceandfire:armor_silver_metal_chestplate":1,"minecraft:iron_boots":1,"iceandfire:armor_gray_helmet":1,"minecraft:chest":3,"gamma_beasts:prehnite_armor_helmet":1,"gamma_beasts:cooked_meat":2,"iceandfire:ambrosia":2,"minecraft:arrow":48,"sophisticatedbackpacks:backpack":1,"minecraft:emerald":7,"biomesoplenty:jacaranda_planks":24,"minecraft:crafting_table":13,"iceandfire:blindfold":1,"minecraft:jungle_boat":2,"minecraft:wooden_pickaxe":1,"minecraft:copper_ingot":60,"gamma_beasts:fried_egg":2,"iceandfire:armor_gray_chestplate":1,"biomesoplenty:redwood_boat":2,"minecraft:charcoal":1,"minecraft:stick":60,"minecraft:iron_ingot":34,"minecraft:iron_pickaxe":2,"minecraft:stone_sword":2,"minecraft:gold_ingot":9,"minecraft:wooden_sword":1,"minecraft:coal":1,"biomesoplenty:mahogany_planks":24,"minecraft:furnace":3,"iceandfire:tide_bronze_boots":1,"iceandfire:tide_bronze_leggings":1,"minecraft:flint_and_steel":1,"minecraft:stone_pickaxe":1,"iceandfire:tide_deepblue_helmet":1,"sophisticatedbackpacks:iron_backpack":1,"minecraft:cooked_beef":10,"iceandfire:silver_ingot":10,"iceandfire:armor_bronze_boots":1,"biomesoplenty:redwood_planks":56,"minecraft:iron_sword":2,"minecraft:bowl":4,"sophisticatedbackpacks:gold_backpack":1,"minecraft:bucket":1,"iceandfire:tide_bronze_chestplate":1,"minecraft:stone_axe":1,"gamma_beasts:cooked_salmon_steak":2,"minecraft:air":0,"minecraft:jungle_planks":44,"minecraft:oak_boat":1,"iceandfire:bestiary":1,"minecraft:white_wool":3,"minecraft:raw_gold":36,"minecraft:flint":20,"minecraft:iron_shovel":1,"minecraft:white_bed":1,"iceandfire:armor_bronze_leggings":1,"minecraft:torch":12,"iceandfire:silver_pickaxe":1}},"DataVersion":3465}