{"stats":{"minecraft:broken":{"minecraft:stone_pickaxe":1,"minecraft:wooden_sword":1},"minecraft:custom":{"minecraft:mob_kills":77,"minecraft:interact_with_crafting_table":33,"minecraft:time_since_death":9315,"minecraft:climb_one_cm":29550,"minecraft:sprint_one_cm":940596,"minecraft:walk_one_cm":656720,"minecraft:drop":21,"minecraft:damage_dealt_absorbed":333,"minecraft:play_time":155211,"minecraft:deaths":11,"minecraft:sneak_time":2211,"minecraft:walk_under_water_one_cm":30121,"minecraft:boat_one_cm":399522,"minecraft:jump":2155,"minecraft:walk_on_water_one_cm":49412,"minecraft:total_world_time":155211,"minecraft:interact_with_furnace":27,"minecraft:sleep_in_bed":4,"minecraft:time_since_rest":9343,"minecraft:waystone_activated":1,"minecraft:damage_taken":6170,"minecraft:trigger_trapped_chest":2,"minecraft:damage_dealt":15678,"minecraft:swim_one_cm":138357,"minecraft:fly_one_cm":762040,"minecraft:open_chest":18,"minecraft:crouch_one_cm":7731,"minecraft:fall_one_cm":45965},"minecraft:killed":{"alexsmobs:hummingbird":1,"iceandfire:gorgon":1,"minecraft:spider":7,"minecraft:zoglin":1,"alexsmobs:gorilla":3,"minecraft:skeleton":9,"gamma_beasts:shecko_a":1,"minecraft:chicken":4,"cataclysm:lionfish":1,"alexsmobs:bison":1,"minecraft:drowned":1,"minecraft:tropical_fish":6,"alexsmobs:flying_fish":2,"iceandfire:hippocampus":2,"minecraft:pig":2,"alexsmobs:anteater":1,"minecraft:zombie_villager":1,"minecraft:creeper":2,"minecraft:sheep":1,"minecraft:zombie":10,"iceandfire:ghost":4,"cataclysm:deepling":1,"minecraft:ghast":2,"gamma_beasts:shecko_c":1,"minecraft:wither_skeleton":3,"alexsmobs:komodo_dragon":2,"minecraft:cow":7},"minecraft:mined":{"minecraft:dark_prismarine_stairs":6,"minecraft:dark_prismarine":4,"iceandfire:graveyard_soil":7,"iceandfire:silver_ore":2,"minecraft:mossy_cobblestone":3,"minecraft:jungle_leaves":2,"minecraft:granite":15,"minecraft:grass_block":3,"minecraft:jungle_log":22,"minecraft:redstone_wire":2,"minecraft:kelp":2,"minecraft:sandstone":7,"gamma_beasts:thin_jungle_log":4,"minecraft:tall_seagrass":4,"minecraft:furnace":3,"minecraft:iron_ore":17,"minecraft:andesite":24,"minecraft:vine":6,"minecraft:stone":212,"gamma_beasts:jungla_hoja":1,"minecraft:kelp_plant":6,"minecraft:crafting_table":4,"minecraft:torch":7,"minecraft:poppy":1,"minecraft:melon":2,"iceandfire:ghost_chest":2,"minecraft:rose_bush":1,"minecraft:tall_grass":2,"minecraft:cobblestone":4,"minecraft:diorite":8,"minecraft:wall_torch":1,"minecraft:skeleton_skull":1,"minecraft:seagrass":1,"minecraft:coarse_dirt":3,"biomesoplenty:mahogany_log":7,"minecraft:oak_log":3,"minecraft:grass":20,"minecraft:coal_ore":24,"minecraft:gravel":8,"minecraft:sand":9,"minecraft:dirt":6,"minecraft:cobweb":13,"minecraft:cracked_stone_bricks":1,"minecraft:stone_bricks":58,"minecraft:polished_andesite":2,"minecraft:mossy_stone_bricks":3,"biomesoplenty:redwood_wood":3,"minecraft:fern":14},"minecraft:dropped":{"minecraft:enchanted_book":1,"minecraft:mossy_cobblestone":3,"minecraft:leather":2,"iceandfire:ectoplasm":2,"minecraft:copper_ingot":1,"artifacts:anglers_hat":1,"minecraft:rose_bush":1,"minecraft:string":1,"minecraft:bone":7,"minecraft:kelp":5,"sophisticatedbackpacks:backpack":1,"iceandfire:ghost_chest":1,"minecraft:skeleton_skull":1,"iceandfire:silver_ingot":7,"iceandfire:manuscript":4},"minecraft:killed_by":{"minecraft:wither_skeleton":2,"minecraft:enderman":1,"alexsmobs:bison":2,"cataclysm:deepling":2,"alexsmobs:gorilla":2,"alexsmobs:komodo_dragon":1,"iceandfire:ghost":1},"minecraft:picked_up":{"minecraft:crafting_table":4,"minecraft:cocoa_beans":6,"minecraft:coarse_dirt":3,"iceandfire:witherbone":1,"minecraft:chicken":4,"gamma_beasts:fur":3,"minecraft:enchanted_book":2,"iceandfire:manuscript":9,"minecraft:string":19,"iceandfire:graveyard_soil":5,"minecraft:cracked_stone_bricks":1,"minecraft:gold_nugget":13,"minecraft:dark_prismarine_stairs":6,"minecraft:beef":21,"minecraft:rose_bush":1,"minecraft:jungle_sapling":1,"minecraft:poppy":1,"biomesoplenty:redwood_wood":3,"minecraft:melon_slice":10,"minecraft:egg":2,"minecraft:furnace":3,"gamma_beasts:lemon":10,"minecraft:sandstone":7,"gamma_beasts:jungle_leaf":11,"minecraft:raw_iron":17,"iceandfire:ghost_chest":2,"minecraft:copper_ingot":1,"minecraft:torch":9,"sophisticatedbackpacks:backpack":1,"minecraft:porkchop":3,"minecraft:diorite":8,"minecraft:redstone":2,"minecraft:rotten_flesh":23,"iceandfire:silver_ingot":8,"minecraft:arrow":5,"minecraft:tropical_fish":5,"gamma_beasts:coal_nugget":8,"minecraft:mutton":2,"minecraft:white_wool":1,"minecraft:skeleton_skull":2,"alexsmobs:flying_fish":2,"minecraft:cobblestone":214,"minecraft:air":0,"minecraft:jungle_boat":1,"minecraft:feather":3,"minecraft:cooked_beef":3,"minecraft:andesite":24,"minecraft:jungle_log":22,"minecraft:leather":8,"artifacts:anglers_hat":1,"minecraft:oak_log":3,"iceandfire:ectoplasm":6,"minecraft:gunpowder":3,"minecraft:dirt":7,"minecraft:bone":26,"minecraft:stone_bricks":37,"minecraft:kelp":40,"minecraft:bow":1,"minecraft:wheat_seeds":5,"mowziesmobs:foliaath_seed":2,"minecraft:mossy_stone_bricks":2,"minecraft:ghast_tear":1,"scalinghealth:heart_crystal_shard":2,"minecraft:gravel":3,"minecraft:jungle_planks":1,"iceandfire:shiny_scales":5,"minecraft:sand":11,"minecraft:spider_eye":3,"minecraft:mossy_cobblestone":3,"minecraft:dark_prismarine":4,"biomesoplenty:mahogany_log":6,"minecraft:polished_andesite":2,"gamma_beasts:thin_jungle_log":4,"minecraft:granite":15,"gamma_beasts:salmon_steak":2,"iceandfire:gorgon_head":1,"alexsmobs:maggot":2,"minecraft:coal":49,"iceandfire:raw_silver":2},"minecraft:used":{"minecraft:stone_sword":77,"minecraft:iron_shovel":18,"minecraft:tropical_fish":5,"minecraft:chest":2,"minecraft:iron_sword":235,"minecraft:cooked_chicken":1,"minecraft:rotten_flesh":19,"minecraft:torch":14,"minecraft:dirt":2,"alexsmobs:maggot":2,"iceandfire:blindfold":1,"minecraft:stone_bricks":1,"minecraft:beef":8,"minecraft:bow":3,"minecraft:furnace":5,"minecraft:cooked_beef":9,"minecraft:dark_prismarine_stairs":6,"minecraft:mossy_stone_bricks":1,"minecraft:stone_pickaxe":131,"minecraft:polished_andesite":2,"minecraft:wooden_pickaxe":21,"minecraft:sandstone":7,"minecraft:jungle_boat":3,"minecraft:sand":4,"minecraft:crafting_table":8,"minecraft:white_bed":1,"alexsmobs:flying_fish":1,"minecraft:dark_prismarine":4,"gamma_beasts:fried_egg":1,"minecraft:iron_pickaxe":252,"minecraft:melon_slice":10,"iceandfire:graveyard_soil":5,"minecraft:stone_axe":46,"minecraft:wooden_sword":59,"minecraft:cobblestone":19,"minecraft:porkchop":3,"minecraft:oak_boat":1,"gamma_beasts:lemon":10,"minecraft:coarse_dirt":3},"minecraft:crafted":{"minecraft:wooden_sword":1,"minecraft:oak_planks":12,"biomesoplenty:mahogany_planks":24,"minecraft:cooked_chicken":1,"minecraft:furnace":2,"minecraft:stone_pickaxe":1,"minecraft:chest":3,"sophisticatedbackpacks:iron_backpack":1,"minecraft:cooked_beef":6,"sophisticatedbackpacks:backpack":1,"iceandfire:silver_ingot":2,"minecraft:crafting_table":4,"iceandfire:blindfold":1,"minecraft:jungle_boat":2,"biomesoplenty:redwood_planks":12,"minecraft:wooden_pickaxe":1,"minecraft:iron_sword":1,"gamma_beasts:fried_egg":2,"minecraft:stone_axe":1,"minecraft:air":0,"minecraft:jungle_planks":44,"minecraft:oak_boat":1,"minecraft:white_wool":3,"minecraft:charcoal":1,"minecraft:stick":20,"minecraft:iron_ingot":16,"minecraft:iron_pickaxe":1,"minecraft:stone_sword":2,"minecraft:iron_shovel":1,"minecraft:white_bed":1,"minecraft:torch":12,"iceandfire:silver_pickaxe":1}},"DataVersion":3465}