{"stats":{"minecraft:crafted":{"minecraft:barrel":1,"biomesoplenty:dead_trapdoor":2,"minecraft:iron_nugget":18,"biomesoplenty:mahogany_planks":232,"minecraft:stone":3,"minecraft:glass_pane":16,"minecraft:glass":6,"minecraft:iron_axe":1,"minecraft:chest":2,"villagertools:restock":20,"minecraft:dark_oak_planks":8,"biomesoplenty:dead_planks":204,"minecraft:wooden_shovel":1,"create:andesite_alloy":4,"minecraft:emerald":35,"minecraft:crafting_table":6,"minecraft:iron_sword":1,"minecraft:acacia_trapdoor":2,"create:large_water_wheel":4,"scalinghealth:heart_crystal":1,"epicfight:iron_longsword":1,"minecraft:bucket":1,"minecraft:air":0,"minecraft:jungle_planks":20,"biomesoplenty:dead_slab":6,"create:water_wheel":4,"minecraft:stick":1048,"minecraft:stonecutter":1,"create:large_cogwheel":1,"create:shaft":8,"villagertools:knowledge":9,"minecraft:andesite":16,"minecraft:acacia_planks":224,"minecraft:shears":1,"biomesoplenty:palm_planks":40},"minecraft:picked_up":{"minecraft:clay_ball":1,"minecraft:ladder":1,"minecraft:flower_pot":1,"minecraft:turtle_helmet":1,"biomesoplenty:cut_orange_sandstone":2,"minecraft:wither_rose":2,"morevillagers:woodworking_table":2,"minecraft:string":35,"minecraft:red_bed":1,"biomesoplenty:dead_trapdoor":8,"create:water_wheel":1,"iceandfire:graveyard_soil":13,"morevillagers:gardening_table":1,"biomesoplenty:dead_sapling":4,"minecraft:bucket":1,"minecraft:rose_bush":3,"minecraft:poppy":121,"minecraft:iron_pickaxe":2,"minecraft:lectern":3,"biomesoplenty:wildflower":2,"minecraft:sugar_cane":34,"minecraft:iron_boots":1,"minecraft:stick":11,"minecraft:raw_iron":60,"minecraft:sandstone":7,"apotheosis:gem":12,"minecraft:copper_ingot":1,"minecraft:torch":4,"minecraft:acacia_log":62,"create:andesite_casing":3,"biomesoplenty:wilted_lily":2,"epicfight:skillbook":1,"minecraft:sandstone_wall":6,"minecraft:diorite":40,"minecraft:trident":3,"morevillagers:hunting_post":1,"minecraft:carrot":43,"create:large_cogwheel":1,"minecraft:arrow":9,"minecraft:cactus":1,"minecraft:rotten_flesh":64,"biomesoplenty:palm_log":10,"biomesoplenty:mahogany_sapling":10,"biomesoplenty:orange_sandstone":5,"minecraft:hay_block":7,"alexsmobs:emu_egg":3,"gamma_beasts:coal_nugget":6,"biomesoplenty:orange_sandstone_slab":4,"minecraft:skeleton_skull":1,"biomesoplenty:orange_sand":41,"minecraft:cobblestone":105,"minecraft:leather_chestplate":1,"minecraft:feather":2,"minecraft:birch_slab":1,"minecraft:tripwire_hook":2,"biomesoplenty:dried_salt":30,"minecraft:andesite":11,"minecraft:acacia_leaves":3,"minecraft:jungle_wood":5,"gamma_beasts:prehnite":5,"minecraft:potato":47,"biomesoplenty:dead_log":53,"minecraft:oak_log":1,"gamma_beasts:green_apple":8,"minecraft:chainmail_chestplate":1,"iceandfire:ectoplasm":7,"alexsmobs:cooked_kangaroo_meat":6,"minecraft:gunpowder":4,"scalinghealth:heart_crystal":1,"minecraft:lapis_lazuli":122,"minecraft:leather_boots":1,"minecraft:bone":11,"morevillagers:oceanography_table":1,"minecraft:bow":1,"minecraft:wheat_seeds":5,"minecraft:iron_ingot":6,"minecraft:cooked_chicken":3,"scalinghealth:power_crystal_shard":8,"minecraft:fletching_table":2,"minecraft:iron_sword":1,"minecraft:acacia_sapling":5,"minecraft:book":15,"minecraft:scaffolding":36,"scalinghealth:heart_crystal_shard":12,"create:large_water_wheel":3,"minecraft:poisonous_potato":1,"minecraft:gravel":18,"minecraft:lava_bucket":1,"biomesoplenty:dead_planks":42,"minecraft:sand":1,"minecraft:dark_oak_log":2,"minecraft:barrel":4,"biomesoplenty:mahogany_log":58,"alexsmobs:kangaroo_hide":3,"minecraft:stone_axe":1,"minecraft:lever":3,"minecraft:iron_helmet":1,"minecraft:granite":1,"alexsmobs:maggot":6,"minecraft:oak_sapling":2,"minecraft:coal":14,"minecraft:ender_pearl":2},"minecraft:dropped":{"minecraft:iron_ingot":3,"morevillagers:hunting_post":1,"minecraft:acacia_log":6,"minecraft:birch_slab":1,"minecraft:lava_bucket":1,"biomesoplenty:orange_sand":20,"minecraft:rose_bush":1,"minecraft:dead_bush":8,"biomesoplenty:dead_trapdoor":4,"create:large_cogwheel":1,"minecraft:string":3,"minecraft:bucket":2,"minecraft:bone":4,"biomesoplenty:dried_salt":30,"minecraft:stone_axe":1,"create:shaft":3,"minecraft:iron_nugget":1,"alexsmobs:animal_dictionary":1,"biomesoplenty:dead_slab":4,"minecraft:clay_ball":2,"minecraft:acacia_leaves":3,"patchouli:guide_book":1,"minecraft:chainmail_chestplate":2,"minecraft:poppy":1,"minecraft:leather_chestplate":1,"minecraft:turtle_helmet":1,"minecraft:shield":1,"minecraft:trident":2,"minecraft:gunpowder":2,"biomesoplenty:wildflower":2,"apotheosis:gem":2,"minecraft:leather_boots":1,"minecraft:acacia_sapling":2,"minecraft:chainmail_boots":1,"biomesoplenty:orange_sandstone":1,"epicfight:skillbook":5},"minecraft:killed":{"minecraft:spider":3,"minecraft:skeleton":7,"minecraft:chicken":1,"minecraft:drowned":17,"minecraft:skeleton_horse":1,"alexsmobs:kangaroo":1,"minecraft:husk":4,"minecraft:creeper":2,"minecraft:zombie":21,"iceandfire:ghost":11,"alexsmobs:terrapin":1,"minecraft:stray":1,"alexsmobs:fly":2,"minecraft:enderman":1},"minecraft:broken":{"epicfight:iron_longsword":1},"minecraft:mined":{"iceandfire:graveyard_soil":14,"create:andesite_casing":3,"biomesoplenty:desert_grass":32,"minecraft:jungle_leaves":2,"minecraft:dark_oak_log":2,"minecraft:potted_cactus":1,"minecraft:lever":3,"minecraft:ladder":2,"minecraft:granite":1,"minecraft:acacia_log":2,"minecraft:grass_block":1,"morevillagers:gardening_table":1,"create:large_cogwheel":1,"biomesoplenty:wilted_lily":2,"minecraft:birch_slab":1,"biomesoplenty:dead_grass":4,"biomesoplenty:orange_sandstone":6,"minecraft:sandstone":7,"biomesoplenty:dune_grass":2,"morevillagers:woodworking_table":2,"minecraft:large_fern":1,"minecraft:hay_block":7,"minecraft:carrots":11,"minecraft:iron_ore":60,"minecraft:barrel":4,"gamma_beasts:prehnite_ore":6,"minecraft:andesite":9,"treechop:chopped_log":11,"minecraft:fletching_table":1,"morevillagers:hunting_post":1,"minecraft:potatoes":13,"minecraft:vine":7,"minecraft:stone":104,"minecraft:tripwire":15,"minecraft:cut_sandstone":1,"minecraft:scaffolding":27,"minecraft:acacia_leaves":8,"minecraft:red_bed":1,"biomesoplenty:orange_sand":16,"biomesoplenty:wildflower":1,"minecraft:smooth_sandstone":5,"minecraft:torch":1,"minecraft:poppy":138,"morevillagers:oceanography_table":1,"iceandfire:ghost_chest":1,"minecraft:rose_bush":4,"minecraft:dead_bush":6,"minecraft:lectern":3,"create:water_wheel":1,"minecraft:tall_grass":3,"minecraft:cobblestone":1,"biomesoplenty:sprout":11,"minecraft:lapis_ore":19,"minecraft:sugar_cane":6,"minecraft:diorite":40,"minecraft:wall_torch":2,"create:large_water_wheel":3,"minecraft:skeleton_skull":1,"minecraft:jungle_wood":1,"biomesoplenty:dead_trapdoor":6,"minecraft:wither_rose":2,"minecraft:grass":39,"minecraft:coal_ore":14,"minecraft:oak_log":6,"minecraft:gravel":16,"minecraft:sand":2,"minecraft:sandstone_wall":6,"biomesoplenty:dead_planks":42,"minecraft:tripwire_hook":2,"minecraft:oak_leaves":35,"minecraft:fern":19},"minecraft:killed_by":{"minecraft:zombie":1},"minecraft:custom":{"minecraft:interact_with_anvil":1,"minecraft:mob_kills":85,"minecraft:interact_with_crafting_table":26,"minecraft:open_barrel":3,"minecraft:damage_dealt_resisted":0,"minecraft:leave_game":4,"minecraft:time_since_death":24386,"minecraft:damage_resisted":61,"minecraft:climb_one_cm":29624,"minecraft:sprint_one_cm":1474679,"minecraft:walk_one_cm":1289905,"minecraft:damage_blocked_by_shield":9,"minecraft:drop":65,"minecraft:damage_dealt_absorbed":166,"minecraft:talked_to_villager":109,"minecraft:play_time":221848,"minecraft:sneak_time":2487,"minecraft:deaths":1,"minecraft:walk_under_water_one_cm":39692,"minecraft:interact_with_brewingstand":2,"minecraft:jump":1850,"minecraft:walk_on_water_one_cm":94109,"minecraft:total_world_time":221848,"minecraft:interact_with_furnace":10,"minecraft:traded_with_villager":35,"minecraft:interact_with_stonecutter":3,"minecraft:sleep_in_bed":4,"minecraft:time_since_rest":24421,"minecraft:damage_taken":5034,"minecraft:trigger_trapped_chest":4,"minecraft:damage_dealt":18924,"minecraft:swim_one_cm":67035,"minecraft:fly_one_cm":816065,"minecraft:open_chest":115,"minecraft:crouch_one_cm":7043,"minecraft:fall_one_cm":78987,"minecraft:horse_one_cm":108},"minecraft:used":{"morevillagers:woodworking_table":2,"biomesoplenty:cut_orange_sandstone":2,"minecraft:trident":55,"minecraft:shield":1,"minecraft:wooden_shovel":46,"minecraft:cooked_chicken":3,"minecraft:sandstone_wall":6,"minecraft:torch":4,"scalinghealth:heart_crystal":2,"minecraft:jungle_planks":12,"minecraft:chainmail_chestplate":1,"alexsmobs:cooked_kangaroo_meat":5,"minecraft:acacia_sapling":3,"minecraft:lava_bucket":1,"minecraft:iron_axe":232,"biomesoplenty:orange_sandstone_slab":4,"biomesoplenty:orange_sand":14,"minecraft:barrel":5,"minecraft:tripwire_hook":2,"minecraft:hay_block":2,"minecraft:scaffolding":13,"morevillagers:oceanography_table":1,"minecraft:potato":19,"minecraft:acacia_planks":2,"biomesoplenty:dead_log":2,"minecraft:iron_leggings":1,"minecraft:water_bucket":11,"epicfight:skillbook":8,"minecraft:diorite":6,"minecraft:acacia_trapdoor":2,"minecraft:ender_pearl":2,"minecraft:sandstone":7,"epicfight:iron_longsword":258,"minecraft:fletching_table":2,"minecraft:stonecutter":1,"minecraft:sand":1,"minecraft:crafting_table":6,"biomesoplenty:dead_planks":100,"minecraft:shears":9,"minecraft:lever":3,"minecraft:flower_pot":1,"minecraft:iron_pickaxe":339,"minecraft:string":32,"minecraft:bread":54,"minecraft:lectern":3,"create:water_wheel":1,"create:andesite_casing":1,"create:large_water_wheel":7,"minecraft:cobblestone":48,"minecraft:turtle_helmet":1,"biomesoplenty:dead_trapdoor":6,"minecraft:bucket":12,"minecraft:glass_pane":2,"alexsmobs:animal_dictionary":1,"create:large_cogwheel":1}},"DataVersion":3465}