{"stats":{"minecraft:broken":{"minecraft:stone_pickaxe":1,"minecraft:wooden_sword":1,"minecraft:iron_sword":1,"minecraft:iron_pickaxe":1},"minecraft:custom":{"minecraft:interact_with_crafting_table":44,"minecraft:open_barrel":10,"goblintraders:trade_with_goblin":48,"minecraft:time_since_death":57315,"minecraft:sprint_one_cm":1064511,"minecraft:drop":59,"minecraft:play_time":203211,"minecraft:deaths":11,"minecraft:jump":2757,"minecraft:walk_on_water_one_cm":57798,"minecraft:interact_with_furnace":41,"minecraft:interact_with_cartography_table":1,"minecraft:sleep_in_bed":4,"minecraft:waystone_activated":1,"minecraft:damage_dealt":20029,"minecraft:crouch_one_cm":12656,"minecraft:interact_with_smoker":7,"minecraft:mob_kills":93,"minecraft:climb_one_cm":29550,"minecraft:walk_one_cm":905596,"minecraft:damage_dealt_absorbed":558,"minecraft:sneak_time":3543,"minecraft:walk_under_water_one_cm":46243,"minecraft:boat_one_cm":399522,"minecraft:total_world_time":203211,"minecraft:time_since_rest":57343,"minecraft:damage_taken":7461,"minecraft:damage_absorbed":19,"minecraft:trigger_trapped_chest":4,"minecraft:swim_one_cm":173180,"minecraft:fly_one_cm":868232,"minecraft:open_chest":30,"minecraft:fall_one_cm":55717},"minecraft:killed":{"alexsmobs:hummingbird":1,"iceandfire:gorgon":1,"minecraft:spider":9,"minecraft:skeleton":14,"gamma_beasts:shecko_a":1,"minecraft:chicken":4,"minecraft:tropical_fish":6,"minecraft:pig":2,"alexsmobs:anteater":1,"minecraft:zombie_villager":1,"minecraft:creeper":2,"minecraft:sheep":1,"minecraft:pillager":1,"minecraft:zombie":16,"cataclysm:deepling":1,"minecraft:ghast":2,"gamma_beasts:shecko_c":1,"alexsmobs:komodo_dragon":2,"minecraft:cow":7,"minecraft:zoglin":1,"alexsmobs:gorilla":3,"alexsmobs:bison":1,"minecraft:drowned":1,"cataclysm:lionfish":1,"alexsmobs:flying_fish":2,"iceandfire:hippocampus":2,"gamma_beasts:careyatros_c":1,"iceandfire:ghost":4,"minecraft:wither_skeleton":3},"minecraft:mined":{"minecraft:dark_prismarine_stairs":6,"minecraft:large_amethyst_bud":2,"iceandfire:graveyard_soil":7,"minecraft:jungle_leaves":2,"minecraft:granite":15,"minecraft:budding_amethyst":2,"minecraft:grass_block":3,"minecraft:jungle_log":22,"gamma_beasts:thin_jungle_log":4,"minecraft:tall_seagrass":4,"minecraft:iron_ore":49,"minecraft:fire":5,"biomesoplenty:redwood_log":3,"minecraft:small_amethyst_bud":3,"gamma_beasts:jungla_hoja":1,"minecraft:kelp_plant":6,"minecraft:medium_amethyst_bud":2,"minecraft:amethyst_cluster":3,"minecraft:torch":13,"minecraft:calcite":3,"minecraft:poppy":1,"minecraft:melon":2,"iceandfire:ghost_chest":2,"minecraft:cobblestone":11,"minecraft:wall_torch":2,"minecraft:amethyst_block":6,"minecraft:skeleton_skull":1,"minecraft:seagrass":1,"minecraft:grass":20,"minecraft:oak_log":3,"minecraft:sand":9,"minecraft:dirt":11,"minecraft:smooth_basalt":2,"minecraft:deepslate":11,"minecraft:dark_prismarine":4,"create:zinc_ore":3,"iceandfire:silver_ore":10,"minecraft:mossy_cobblestone":3,"minecraft:redstone_wire":2,"minecraft:kelp":2,"minecraft:sandstone":7,"minecraft:furnace":3,"gamma_beasts:prehnite_ore":5,"minecraft:andesite":39,"minecraft:gold_block":1,"minecraft:vine":6,"minecraft:deepslate_iron_ore":6,"minecraft:stone":498,"minecraft:podzol":1,"minecraft:crafting_table":4,"minecraft:rose_bush":1,"minecraft:tall_grass":2,"minecraft:copper_ore":17,"minecraft:lapis_ore":3,"minecraft:diorite":40,"minecraft:coarse_dirt":3,"biomesoplenty:mahogany_log":7,"minecraft:coal_ore":25,"minecraft:gravel":18,"minecraft:cracked_stone_bricks":1,"minecraft:cobweb":13,"minecraft:polished_andesite":2,"minecraft:stone_bricks":58,"minecraft:mossy_stone_bricks":3,"biomesoplenty:redwood_wood":3,"minecraft:fern":14},"minecraft:dropped":{"minecraft:golden_pickaxe":1,"minecraft:leather":2,"iceandfire:ectoplasm":2,"minecraft:cracked_stone_bricks":1,"artifacts:anglers_hat":1,"sophisticatedbackpacks:gold_backpack":1,"minecraft:dirt":8,"minecraft:white_wool":1,"minecraft:bone":7,"minecraft:stone_axe":1,"minecraft:cobbled_deepslate":3,"minecraft:golden_shovel":1,"minecraft:poppy":1,"iceandfire:ghost_chest":1,"minecraft:skeleton_skull":2,"iceandfire:manuscript":4,"iceandfire:silver_pickaxe":1,"minecraft:enchanted_book":1,"minecraft:iron_ingot":8,"minecraft:mossy_cobblestone":3,"mowziesmobs:foliaath_seed":2,"gamma_beasts:coal_nugget":8,"minecraft:golden_axe":1,"minecraft:cobblestone":1,"minecraft:granite":15,"minecraft:copper_ingot":1,"minecraft:diorite":5,"minecraft:rose_bush":1,"minecraft:string":1,"create:raw_zinc":3,"minecraft:smooth_basalt":1,"minecraft:kelp":5,"minecraft:stone_sword":2,"minecraft:cocoa_beans":6,"sophisticatedbackpacks:backpack":1,"minecraft:andesite":32,"minecraft:mossy_stone_bricks":1,"iceandfire:silver_ingot":7,"minecraft:golden_sword":1,"minecraft:stone_bricks":36,"minecraft:bow":2,"minecraft:calcite":3},"minecraft:killed_by":{"minecraft:wither_skeleton":2,"cataclysm:deepling":2,"alexsmobs:gorilla":2,"alexsmobs:komodo_dragon":1,"minecraft:enderman":1,"alexsmobs:bison":2,"iceandfire:ghost":1},"minecraft:picked_up":{"gamma_beasts:fur":11,"minecraft:enchanted_book":2,"minecraft:amethyst_block":3,"iceandfire:manuscript":9,"minecraft:string":24,"minecraft:raw_copper":64,"minecraft:iron_leggings":1,"minecraft:cobbled_deepslate":14,"minecraft:gold_nugget":13,"minecraft:rose_bush":1,"minecraft:calcite":3,"biomesoplenty:redwood_wood":3,"minecraft:melon_slice":10,"minecraft:furnace":4,"gamma_beasts:jungle_leaf":11,"iceandfire:ghost_chest":2,"minecraft:torch":17,"minecraft:porkchop":3,"minecraft:golden_axe":1,"minecraft:diorite":40,"minecraft:rotten_flesh":33,"minecraft:tropical_fish":5,"gamma_beasts:coal_nugget":8,"alexsmobs:flying_fish":2,"minecraft:cobblestone":521,"minecraft:feather":3,"minecraft:cooked_beef":3,"minecraft:jungle_log":22,"minecraft:andesite":39,"gamma_beasts:prehnite":5,"create:raw_zinc":3,"minecraft:lapis_lazuli":17,"minecraft:dirt":13,"minecraft:bone":31,"minecraft:bow":3,"minecraft:wheat_seeds":5,"minecraft:raw_gold":2,"minecraft:mossy_stone_bricks":2,"minecraft:ghast_tear":1,"iceandfire:shiny_scales":5,"minecraft:sand":11,"minecraft:jungle_planks":1,"minecraft:trapped_chest":1,"minecraft:mossy_cobblestone":3,"minecraft:dark_prismarine":4,"gamma_beasts:thin_jungle_log":4,"minecraft:polished_andesite":2,"minecraft:granite":15,"alexsmobs:maggot":2,"iceandfire:gorgon_head":1,"iceandfire:raw_silver":10,"sophisticatedbackpacks:gold_backpack":1,"biomesoplenty:redwood_log":3,"minecraft:cocoa_beans":6,"minecraft:coarse_dirt":3,"minecraft:crafting_table":4,"minecraft:chicken":4,"iceandfire:witherbone":1,"minecraft:golden_pickaxe":1,"minecraft:gold_block":1,"iceandfire:graveyard_soil":5,"minecraft:cracked_stone_bricks":1,"minecraft:dark_prismarine_stairs":6,"minecraft:beef":21,"minecraft:jungle_sapling":1,"minecraft:poppy":1,"gamma_beasts:lemon":10,"minecraft:egg":2,"minecraft:raw_iron":54,"minecraft:sandstone":7,"minecraft:copper_ingot":1,"sophisticatedbackpacks:backpack":1,"minecraft:redstone":2,"iceandfire:silver_ingot":8,"minecraft:arrow":6,"minecraft:mutton":4,"minecraft:skeleton_skull":2,"minecraft:white_wool":1,"minecraft:jungle_boat":1,"minecraft:air":0,"minecraft:leather":8,"artifacts:anglers_hat":1,"minecraft:oak_log":3,"iceandfire:ectoplasm":6,"minecraft:gunpowder":10,"scalinghealth:heart_crystal":2,"minecraft:white_banner":1,"minecraft:cooked_mutton":2,"minecraft:stone_bricks":37,"minecraft:kelp":40,"mowziesmobs:foliaath_seed":2,"gamma_beasts:meat":2,"scalinghealth:heart_crystal_shard":2,"minecraft:smooth_basalt":2,"minecraft:gravel":18,"minecraft:amethyst_shard":8,"minecraft:spider_eye":13,"biomesoplenty:mahogany_log":6,"iceandfire:silver_pickaxe":1,"gamma_beasts:salmon_steak":2,"minecraft:coal":54},"minecraft:used":{"minecraft:iron_shovel":26,"minecraft:chest":2,"minecraft:iron_sword":317,"minecraft:rotten_flesh":27,"minecraft:mutton":1,"minecraft:obsidian":1,"minecraft:lava_bucket":2,"iceandfire:blindfold":1,"minecraft:stone_bricks":1,"minecraft:bow":3,"minecraft:furnace":7,"minecraft:dark_prismarine_stairs":6,"minecraft:mossy_stone_bricks":1,"gamma_beasts:cooked_salmon_steak":2,"minecraft:stone_pickaxe":131,"minecraft:wooden_pickaxe":21,"minecraft:sandstone":7,"minecraft:diamond_axe":6,"minecraft:jungle_boat":3,"minecraft:golden_apple":1,"minecraft:sand":4,"gamma_beasts:prehnite_armor_helmet":1,"iceandfire:silver_pickaxe":429,"minecraft:melon_slice":10,"minecraft:gravel":8,"minecraft:wooden_sword":59,"minecraft:andesite":7,"minecraft:oak_boat":1,"gamma_beasts:lemon":10,"minecraft:coarse_dirt":3,"minecraft:stone_sword":77,"minecraft:flint_and_steel":9,"minecraft:tropical_fish":5,"minecraft:cooked_chicken":1,"minecraft:torch":29,"iceandfire:armor_copper_metal_boots":1,"minecraft:dirt":2,"scalinghealth:heart_crystal":2,"alexsmobs:maggot":2,"minecraft:smooth_basalt":1,"minecraft:beef":8,"minecraft:cooked_beef":9,"minecraft:cobbled_deepslate":11,"minecraft:iron_leggings":1,"minecraft:cooked_mutton":2,"minecraft:water_bucket":4,"minecraft:polished_andesite":2,"minecraft:crafting_table":12,"minecraft:white_bed":1,"alexsmobs:leafcutter_ant_pupa":1,"alexsmobs:flying_fish":1,"minecraft:dark_prismarine":4,"gamma_beasts:fried_egg":1,"minecraft:iron_pickaxe":281,"iceandfire:graveyard_soil":5,"minecraft:stone_axe":46,"minecraft:cobblestone":134,"minecraft:porkchop":3,"minecraft:bucket":7},"minecraft:crafted":{"minecraft:oak_planks":12,"minecraft:cooked_chicken":1,"iceandfire:armor_copper_metal_boots":1,"minecraft:chest":3,"gamma_beasts:prehnite_armor_helmet":1,"sophisticatedbackpacks:backpack":1,"minecraft:emerald":7,"minecraft:crafting_table":8,"iceandfire:blindfold":1,"minecraft:jungle_boat":2,"minecraft:wooden_pickaxe":1,"minecraft:copper_ingot":60,"gamma_beasts:fried_egg":2,"minecraft:charcoal":1,"minecraft:stick":24,"minecraft:iron_ingot":34,"minecraft:iron_pickaxe":2,"minecraft:stone_sword":2,"minecraft:gold_ingot":9,"minecraft:wooden_sword":1,"minecraft:coal":1,"biomesoplenty:mahogany_planks":24,"minecraft:furnace":3,"minecraft:flint_and_steel":1,"minecraft:stone_pickaxe":1,"sophisticatedbackpacks:iron_backpack":1,"minecraft:cooked_beef":6,"iceandfire:silver_ingot":2,"biomesoplenty:redwood_planks":24,"minecraft:iron_sword":2,"sophisticatedbackpacks:gold_backpack":1,"minecraft:bucket":1,"minecraft:stone_axe":1,"gamma_beasts:cooked_salmon_steak":2,"minecraft:air":0,"minecraft:jungle_planks":44,"minecraft:oak_boat":1,"minecraft:white_wool":3,"minecraft:raw_gold":36,"minecraft:flint":20,"minecraft:iron_shovel":1,"minecraft:white_bed":1,"minecraft:torch":12,"iceandfire:silver_pickaxe":1}},"DataVersion":3465}