{"stats":{"minecraft:killed_by":{"minecraft:zombie":1,"minecraft:warden":1},"minecraft:custom":{"minecraft:interact_with_crafting_table":32,"minecraft:open_barrel":3,"minecraft:leave_game":4,"minecraft:time_since_death":4454,"minecraft:damage_resisted":105,"minecraft:sprint_one_cm":2561070,"minecraft:damage_blocked_by_shield":30,"minecraft:drop":96,"minecraft:talked_to_villager":306,"minecraft:play_time":405048,"minecraft:deaths":2,"minecraft:jump":3234,"minecraft:interact_with_brewingstand":2,"minecraft:walk_on_water_one_cm":111643,"minecraft:enchant_item":13,"minecraft:interact_with_furnace":14,"minecraft:traded_with_villager":247,"minecraft:sleep_in_bed":10,"minecraft:damage_dealt":62126,"minecraft:crouch_one_cm":38327,"minecraft:horse_one_cm":108,"minecraft:interact_with_smithing_table":2,"minecraft:mob_kills":229,"minecraft:interact_with_anvil":10,"minecraft:damage_dealt_resisted":0,"minecraft:climb_one_cm":76674,"minecraft:walk_one_cm":2179233,"minecraft:damage_dealt_absorbed":1778,"minecraft:raid_win":2,"minecraft:sneak_time":8086,"minecraft:walk_under_water_one_cm":42226,"minecraft:total_world_time":405048,"minecraft:raid_trigger":24,"minecraft:interact_with_grindstone":7,"minecraft:interact_with_stonecutter":6,"minecraft:time_since_rest":4496,"minecraft:damage_taken":7646,"minecraft:trigger_trapped_chest":7,"minecraft:swim_one_cm":70781,"minecraft:fly_one_cm":1705670,"minecraft:open_chest":193,"minecraft:fall_one_cm":134369},"minecraft:mined":{"iceandfire:graveyard_soil":14,"create:andesite_casing":3,"minecraft:sculk_vein":3,"minecraft:jungle_leaves":2,"minecraft:potted_cactus":1,"minecraft:granite":1,"minecraft:acacia_log":2,"minecraft:grass_block":2,"biomesoplenty:wilted_lily":2,"biomesoplenty:orange_sandstone":6,"minecraft:iron_ore":60,"minecraft:barrel":4,"minecraft:fletching_table":1,"minecraft:tripwire":15,"minecraft:sandstone_slab":1,"minecraft:cut_sandstone":1,"minecraft:red_bed":1,"biomesoplenty:wildflower":1,"minecraft:torch":1,"minecraft:poppy":138,"iceandfire:ghost_chest":1,"minecraft:dead_bush":6,"minecraft:cobblestone":2,"minecraft:sugar_cane":7,"minecraft:smooth_sandstone_slab":1,"minecraft:wall_torch":2,"create:large_water_wheel":7,"minecraft:skeleton_skull":1,"minecraft:jungle_wood":1,"minecraft:wither_rose":2,"minecraft:grass":39,"minecraft:oak_log":6,"minecraft:sand":4,"minecraft:sandstone_wall":6,"minecraft:tripwire_hook":2,"minecraft:oak_leaves":35,"minecraft:deepslate":36,"biomesoplenty:desert_grass":32,"minecraft:dark_oak_log":2,"minecraft:lever":3,"minecraft:ladder":2,"morevillagers:gardening_table":1,"create:large_cogwheel":1,"minecraft:birch_slab":1,"biomesoplenty:mahogany_sapling":1,"biomesoplenty:dead_grass":4,"minecraft:sandstone":8,"biomesoplenty:dune_grass":3,"morevillagers:woodworking_table":2,"minecraft:large_fern":1,"minecraft:hay_block":9,"minecraft:carrots":11,"gamma_beasts:prehnite_ore":6,"minecraft:andesite":17,"treechop:chopped_log":15,"morevillagers:hunting_post":2,"minecraft:bookshelf":3,"minecraft:potatoes":13,"minecraft:vine":9,"minecraft:stone":112,"minecraft:acacia_leaves":8,"minecraft:scaffolding":27,"biomesoplenty:orange_sand":16,"minecraft:smooth_sandstone":5,"morevillagers:oceanography_table":1,"minecraft:rose_bush":4,"create:water_wheel":1,"minecraft:lectern":4,"minecraft:tall_grass":3,"biomesoplenty:sprout":11,"minecraft:lapis_ore":19,"minecraft:sculk":12,"minecraft:diorite":40,"biomesoplenty:dead_trapdoor":6,"minecraft:coal_ore":14,"minecraft:gravel":16,"biomesoplenty:dead_planks":42,"minecraft:fern":19},"minecraft:dropped":{"create:belt_connector":1,"create:cogwheel":1,"minecraft:birch_slab":1,"biomesoplenty:dead_trapdoor":4,"create:large_cogwheel":4,"minecraft:iron_pickaxe":1,"minecraft:bone":4,"minecraft:stone_axe":1,"minecraft:iron_nugget":1,"alexsmobs:animal_dictionary":1,"patchouli:guide_book":1,"minecraft:chainmail_chestplate":2,"minecraft:poppy":1,"minecraft:leather_chestplate":1,"minecraft:turtle_helmet":1,"minecraft:trident":2,"minecraft:gunpowder":2,"create:wrench":1,"biomesoplenty:wildflower":2,"minecraft:leather_boots":1,"apotheosis:gem":2,"minecraft:acacia_sapling":2,"minecraft:chainmail_boots":1,"minecraft:iron_ingot":3,"minecraft:bread":8,"morevillagers:hunting_post":1,"minecraft:acacia_log":6,"minecraft:lava_bucket":1,"biomesoplenty:orange_sand":20,"minecraft:rose_bush":1,"minecraft:dead_bush":8,"minecraft:iron_axe":1,"create:mechanical_drill":1,"minecraft:string":3,"minecraft:bucket":2,"biomesoplenty:dried_salt":30,"create:shaft":3,"biomesoplenty:dead_slab":4,"minecraft:clay_ball":2,"villagertools:lure":9,"minecraft:acacia_leaves":3,"minecraft:shield":1,"minecraft:diamond_pickaxe":1,"biomesoplenty:orange_sandstone":1,"minecraft:bow":4,"epicfight:skillbook":5},"minecraft:used":{"morevillagers:woodworking_table":2,"minecraft:ladder":3,"minecraft:shield":2,"minecraft:iron_sword":5,"create:cogwheel":11,"minecraft:jungle_planks":12,"minecraft:acacia_sapling":3,"minecraft:lava_bucket":1,"biomesoplenty:mahogany_sapling":4,"minecraft:bow":15,"minecraft:hay_block":3,"minecraft:scaffolding":13,"create:mechanical_drill":1,"minecraft:skeleton_skull":1,"morevillagers:oceanography_table":1,"minecraft:potato":19,"epicfight:skillbook":9,"minecraft:diorite":6,"minecraft:acacia_trapdoor":2,"minecraft:ender_pearl":2,"minecraft:sandstone":7,"epicfight:iron_longsword":258,"minecraft:diamond_axe":12,"minecraft:sand":1,"minecraft:blast_furnace":1,"biomesoplenty:dead_planks":100,"minecraft:shears":9,"minecraft:lever":10,"minecraft:chiseled_sandstone":206,"minecraft:bread":104,"minecraft:string":32,"minecraft:lectern":5,"create:andesite_casing":1,"minecraft:diamond_sword":257,"minecraft:grindstone":1,"minecraft:smithing_table":5,"minecraft:andesite":11,"minecraft:bone_meal":9,"create:large_cogwheel":23,"minecraft:oak_trapdoor":6,"biomesoplenty:cut_orange_sandstone":2,"minecraft:trident":142,"minecraft:netherite_sword":10,"minecraft:enchanting_table":1,"minecraft:redstone":10,"twilightforest:glass_sword":20,"minecraft:wooden_shovel":46,"minecraft:sandstone_wall":6,"minecraft:cooked_chicken":3,"minecraft:torch":69,"minecraft:dirt":1,"minecraft:anvil":1,"scalinghealth:heart_crystal":7,"minecraft:chainmail_chestplate":1,"alexsmobs:cooked_kangaroo_meat":5,"minecraft:diamond_helmet":1,"minecraft:stone_brick_slab":8,"minecraft:bookshelf":17,"minecraft:iron_axe":266,"biomesoplenty:orange_sandstone_slab":4,"minecraft:smooth_sandstone":116,"biomesoplenty:orange_sand":14,"minecraft:barrel":5,"minecraft:tripwire_hook":2,"minecraft:trapped_chest":5,"minecraft:cobbled_deepslate":33,"minecraft:acacia_planks":2,"biomesoplenty:dead_log":2,"minecraft:iron_leggings":1,"minecraft:water_bucket":11,"minecraft:fletching_table":7,"minecraft:stonecutter":1,"minecraft:cobblestone_slab":70,"minecraft:crafting_table":6,"minecraft:red_bed":1,"minecraft:piston":6,"minecraft:flower_pot":1,"minecraft:diamond_pickaxe":57,"minecraft:iron_pickaxe":351,"create:water_wheel":1,"create:large_water_wheel":7,"minecraft:cobblestone":56,"minecraft:turtle_helmet":1,"biomesoplenty:dead_trapdoor":6,"minecraft:bucket":12,"minecraft:glass_pane":3,"alexsmobs:animal_dictionary":1,"minecraft:splash_potion":4},"minecraft:broken":{"minecraft:iron_leggings":1,"minecraft:iron_helmet":1,"epicfight:iron_longsword":1},"minecraft:picked_up":{"minecraft:iron_chestplate":1,"minecraft:chainmail_boots":2,"minecraft:flower_pot":1,"minecraft:wither_rose":2,"minecraft:string":44,"biomesoplenty:dead_trapdoor":8,"create:water_wheel":1,"biomesoplenty:dead_sapling":4,"minecraft:cobbled_deepslate":40,"minecraft:bucket":1,"minecraft:rose_bush":3,"minecraft:iron_pickaxe":2,"minecraft:iron_boots":2,"minecraft:stick":22,"apotheosis:gem":18,"create:andesite_casing":3,"minecraft:torch":4,"minecraft:acacia_log":65,"epicfight:skillbook":5,"minecraft:sandstone_wall":6,"minecraft:diorite":40,"morevillagers:hunting_post":2,"create:large_cogwheel":3,"minecraft:cactus":1,"minecraft:rotten_flesh":115,"biomesoplenty:palm_log":10,"biomesoplenty:mahogany_sapling":16,"alexsmobs:emu_egg":3,"gamma_beasts:coal_nugget":6,"biomesoplenty:orange_sandstone_slab":4,"minecraft:cobblestone":114,"minecraft:leather_chestplate":1,"minecraft:feather":2,"biomesoplenty:dried_salt":35,"minecraft:birch_slab":1,"minecraft:andesite":21,"minecraft:acacia_leaves":3,"minecraft:jungle_wood":5,"minecraft:potato":47,"gamma_beasts:prehnite":5,"biomesoplenty:dead_log":60,"alexsmobs:cooked_kangaroo_meat":6,"minecraft:lapis_lazuli":122,"minecraft:dirt":1,"minecraft:leather_boots":1,"minecraft:bone":39,"morevillagers:oceanography_table":1,"minecraft:bow":6,"minecraft:wheat_seeds":8,"minecraft:fletching_table":2,"minecraft:poisonous_potato":1,"minecraft:sand":1,"minecraft:barrel":4,"minecraft:dark_oak_log":2,"alexsmobs:kangaroo_hide":3,"minecraft:lever":3,"minecraft:granite":1,"minecraft:bread":3,"alexsmobs:maggot":6,"minecraft:oak_sapling":2,"minecraft:diamond_pickaxe":1,"minecraft:chicken":1,"minecraft:ladder":4,"minecraft:clay_ball":1,"minecraft:turtle_helmet":1,"biomesoplenty:cut_orange_sandstone":2,"morevillagers:woodworking_table":2,"minecraft:red_bed":1,"minecraft:iron_axe":2,"iceandfire:ghost_ingot":1,"iceandfire:graveyard_soil":13,"morevillagers:gardening_table":1,"minecraft:poppy":123,"minecraft:lectern":4,"biomesoplenty:wildflower":2,"minecraft:sugar_cane":50,"minecraft:raw_iron":60,"minecraft:sandstone":8,"minecraft:copper_ingot":1,"biomesoplenty:wilted_lily":2,"minecraft:trident":4,"minecraft:carrot":45,"minecraft:smooth_sandstone_slab":1,"minecraft:stone_shovel":1,"minecraft:arrow":29,"biomesoplenty:orange_sandstone":5,"minecraft:hay_block":9,"minecraft:saddle":1,"minecraft:skeleton_skull":1,"biomesoplenty:orange_sand":43,"minecraft:tripwire_hook":2,"gamma_beasts:green_apple":8,"minecraft:oak_log":1,"minecraft:chainmail_chestplate":1,"scalinghealth:bandages":2,"iceandfire:ectoplasm":7,"minecraft:gunpowder":13,"scalinghealth:heart_crystal":6,"minecraft:white_banner":6,"minecraft:iron_ingot":10,"minecraft:cooked_chicken":3,"scalinghealth:power_crystal_shard":8,"minecraft:iron_sword":1,"minecraft:acacia_sapling":6,"minecraft:book":26,"minecraft:scaffolding":36,"scalinghealth:heart_crystal_shard":12,"create:large_water_wheel":6,"minecraft:gravel":18,"minecraft:lava_bucket":1,"biomesoplenty:dead_planks":42,"minecraft:spider_eye":4,"biomesoplenty:mahogany_log":107,"minecraft:stone_axe":1,"minecraft:iron_helmet":1,"minecraft:coal":39,"minecraft:ender_pearl":2},"minecraft:killed":{"minecraft:witch":2,"minecraft:spider":16,"minecraft:skeleton":31,"minecraft:chicken":2,"minecraft:skeleton_horse":1,"alexsmobs:kangaroo":1,"minecraft:zombie_villager":23,"minecraft:iron_golem":1,"minecraft:creeper":7,"minecraft:pillager":23,"minecraft:zombie":39,"alexsmobs:terrapin":1,"minecraft:stray":2,"alexsmobs:fly":2,"minecraft:vindicator":4,"minecraft:drowned":19,"minecraft:husk":22,"minecraft:ravager":3,"iceandfire:ghost":12,"minecraft:villager":2,"minecraft:enderman":1},"minecraft:crafted":{"minecraft:barrel":1,"minecraft:stone":3,"minecraft:bookshelf":24,"minecraft:glass":6,"minecraft:diamond_helmet":1,"minecraft:bow":5,"minecraft:diamond_leggings":2,"minecraft:chest":2,"minecraft:wooden_shovel":1,"minecraft:emerald":189,"minecraft:crimson_stem":30,"minecraft:diamond_axe":1,"minecraft:crafting_table":6,"minecraft:fletching_table":1,"epicfight:iron_longsword":1,"minecraft:diamond_pickaxe":4,"create:water_wheel":4,"minecraft:stick":1496,"minecraft:iron_ingot":60,"minecraft:iron_block":3,"create:large_cogwheel":1,"villagertools:knowledge":12,"minecraft:shears":1,"biomesoplenty:palm_planks":40,"biomesoplenty:dead_trapdoor":2,"minecraft:iron_nugget":27,"biomesoplenty:mahogany_planks":428,"minecraft:bone_meal":39,"minecraft:glass_pane":16,"minecraft:iron_axe":2,"minecraft:diamond_boots":1,"villagertools:restock":20,"minecraft:dark_oak_planks":8,"biomesoplenty:dead_planks":232,"create:andesite_alloy":4,"minecraft:diamond_sword":4,"minecraft:iron_sword":1,"minecraft:acacia_trapdoor":2,"create:large_water_wheel":4,"scalinghealth:heart_crystal":1,"minecraft:bucket":1,"minecraft:enchanted_book":7,"minecraft:air":0,"minecraft:jungle_planks":20,"minecraft:heart_of_the_sea":3,"biomesoplenty:dead_slab":6,"minecraft:stonecutter":1,"minecraft:anvil":1,"create:shaft":8,"minecraft:andesite":16,"minecraft:acacia_planks":236,"minecraft:torch":100,"minecraft:diamond_chestplate":1}},"DataVersion":3465}