{"stats":{"minecraft:crafted":{"minecraft:oak_planks":60,"minecraft:charcoal":1,"minecraft:crafting_table":1,"minecraft:stick":8,"minecraft:wooden_pickaxe":1,"minecraft:stone_pickaxe":1,"minecraft:wooden_axe":1,"minecraft:stone_sword":1,"minecraft:furnace":1,"minecraft:torch":4,"minecraft:birch_planks":76,"minecraft:air":0},"minecraft:custom":{"minecraft:time_since_rest":38457,"minecraft:interact_with_furnace":2,"minecraft:sprint_one_cm":48638,"minecraft:damage_taken":105,"minecraft:walk_one_cm":120465,"minecraft:mob_kills":12,"minecraft:drop":3,"minecraft:damage_dealt":2111,"minecraft:damage_dealt_absorbed":40,"minecraft:interact_with_crafting_table":7,"minecraft:fly_one_cm":35841,"minecraft:crouch_one_cm":347,"minecraft:play_time":38457,"minecraft:sneak_time":155,"minecraft:damage_dealt_resisted":0,"minecraft:jump":201,"minecraft:leave_game":2,"minecraft:time_since_death":38457,"minecraft:total_world_time":38457,"minecraft:fall_one_cm":3761},"minecraft:used":{"minecraft:wooden_axe":40,"minecraft:stone_sword":53,"minecraft:birch_planks":2,"minecraft:stone_pickaxe":9,"minecraft:wooden_pickaxe":12,"minecraft:torch":2,"scalinghealth:heart_crystal":1,"minecraft:crafting_table":1,"minecraft:furnace":1},"minecraft:killed":{"minecraft:sheep":2,"minecraft:skeleton":1,"minecraft:trader_llama":2,"minecraft:wolf":1,"minecraft:zombie":5,"minecraft:spider":1},"minecraft:mined":{"minecraft:birch_planks":2,"minecraft:birch_log":24,"minecraft:birch_leaves":3,"minecraft:grass":2,"minecraft:grass_block":3,"minecraft:oak_log":21,"minecraft:dirt":10,"minecraft:lapis_ore":4,"minecraft:stone":16,"minecraft:oak_leaves":4},"minecraft:dropped":{"minecraft:wheat_seeds":1,"alexsmobs:animal_dictionary":1,"minecraft:oak_sapling":1},"minecraft:picked_up":{"minecraft:birch_log":24,"minecraft:stick":3,"minecraft:leather":3,"minecraft:lead":2,"minecraft:birch_planks":2,"minecraft:oak_log":21,"scalinghealth:heart_crystal":1,"minecraft:lapis_lazuli":21,"minecraft:dirt":13,"alexsmobs:animal_dictionary":1,"minecraft:rotten_flesh":4,"minecraft:wheat_seeds":1,"mysticalagriculture:inferium_essence":2,"minecraft:iron_helmet":2,"minecraft:oak_sapling":2,"minecraft:mutton":4,"minecraft:white_wool":2,"minecraft:cobblestone":16}},"DataVersion":3465}