{"stats":{"minecraft:killed":{"minecraft:pig":2,"undead_revamp2:thehunter":1,"enemyexpansion:sprinter":1,"naturalist:tortoise":1,"born_in_chaos_v1:decrepit_skeleton":1,"minecraft:zombie":1},"minecraft:picked_up":{"minecraft:birch_log":13,"minecraft:crafting_table":3,"born_in_chaos_v1:river_mint":2,"minecraft:brown_wool":1,"minecraft:brown_bed":1,"minecraft:oak_log":16,"minecraft:shield":1,"minecraft:dirt":1,"minecraft:lantern":1,"minecraft:bone":4,"minecraft:cyan_carpet":9,"minecraft:wheat_seeds":7,"minecraft:cyan_wool":7,"luminousworld:creepberries":16,"minecraft:porkchop":4,"tombstone:grave_dust":1,"minecraft:spruce_door":1,"alexsmobs:animal_dictionary":1,"minecraft:bundle":1,"minecraft:arrow":2,"minecraft:rotten_flesh":5,"minecraft:coal":1,"minecraft:cobblestone":4},"minecraft:crafted":{"minecraft:oak_planks":56,"minecraft:crafting_table":1,"minecraft:iron_sword":1,"minecraft:iron_boots":1,"minecraft:shield":1,"minecraft:iron_axe":1},"minecraft:custom":{"minecraft:mob_kills":8,"minecraft:interact_with_crafting_table":4,"minecraft:open_barrel":14,"minecraft:time_since_death":13862,"minecraft:sleep_in_bed":2,"minecraft:climb_one_cm":3239,"minecraft:time_since_rest":13550,"minecraft:sprint_one_cm":111134,"minecraft:damage_taken":998,"minecraft:walk_one_cm":69290,"minecraft:damage_blocked_by_shield":60,"minecraft:drop":10,"minecraft:damage_dealt":1580,"minecraft:swim_one_cm":2051,"minecraft:fly_one_cm":100334,"minecraft:open_chest":13,"minecraft:crouch_one_cm":119,"minecraft:play_time":29941,"tombstone:undead_killed":4,"minecraft:deaths":2,"minecraft:sneak_time":165,"minecraft:walk_under_water_one_cm":156,"minecraft:jump":587,"minecraft:walk_on_water_one_cm":492,"minecraft:total_world_time":29941,"minecraft:fall_one_cm":12118},"minecraft:mined":{"luminousworld:grassvariant_4":1,"minecraft:crafting_table":3,"minecraft:grass_block":1,"minecraft:brown_wool":1,"minecraft:rose_bush":1,"minecraft:tall_grass":1,"minecraft:cyan_wool":7,"minecraft:birch_log":13,"minecraft:fire":5,"born_in_chaos_v1:river_mint":1,"minecraft:brown_bed":1,"minecraft:grass":44,"minecraft:coal_ore":1,"minecraft:oak_log":16,"minecraft:vine":1,"minecraft:cyan_carpet":10,"luminousworld:grassvariant_3":1,"minecraft:stone":4,"minecraft:fern":21,"luminousworld:creepbush":19},"minecraft:killed_by":{"minecraft:husk":1,"alexsmobs:capuchin_monkey":1},"minecraft:dropped":{"minecraft:wheat_seeds":5,"alexsmobs:animal_dictionary":1,"artifacts:universal_attractor":1,"minecraft:shield":1,"born_in_chaos_v1:river_mint":1,"tombstone:grave_dust":1},"minecraft:used":{"minecraft:spruce_door":1,"minecraft:oak_planks":10,"minecraft:shield":2,"minecraft:iron_sword":43,"minecraft:dirt":1,"minecraft:crafting_table":3,"minecraft:cyan_wool":7,"luminousworld:creepberries":1,"minecraft:oak_log":2,"minecraft:cyan_carpet":9,"minecraft:iron_axe":59,"minecraft:lantern":1,"minecraft:bread":10,"minecraft:brown_wool":1,"minecraft:iron_pickaxe":5,"minecraft:iron_boots":1,"tombstone:gift":2,"alexsmobs:animal_dictionary":1,"minecraft:experience_bottle":1}},"DataVersion":3465}