{"stats":{"minecraft:killed":{"minecraft:pig":2,"alexsmobs:flying_fish":1,"minecraft:zoglin":1},"minecraft:picked_up":{"minecraft:crafting_table":1,"minecraft:feather":1,"minecraft:chicken":1,"minecraft:jungle_log":7,"minecraft:torch":2,"minecraft:porkchop":6,"minecraft:ink_sac":2,"minecraft:dirt":10,"minecraft:bone":1,"minecraft:rotten_flesh":3,"minecraft:kelp":137,"minecraft:gold_nugget":1,"minecraft:melon_slice":15,"minecraft:sugar_cane":3,"alexsmobs:flying_fish":1,"minecraft:cobblestone":33},"minecraft:used":{"alexsmobs:flying_fish":1,"minecraft:stone_sword":13,"minecraft:chicken":1,"minecraft:stone_pickaxe":24,"minecraft:wooden_pickaxe":9,"minecraft:torch":3,"minecraft:wooden_sword":9,"minecraft:dirt":7,"minecraft:crafting_table":1,"minecraft:porkchop":6},"minecraft:crafted":{"minecraft:wooden_sword":1,"minecraft:charcoal":6,"minecraft:crafting_table":1,"minecraft:stick":8,"minecraft:iron_ingot":2,"minecraft:wooden_pickaxe":1,"minecraft:stone_pickaxe":1,"minecraft:stone_sword":1,"minecraft:torch":4,"minecraft:jungle_planks":28},"minecraft:killed_by":{"minecraft:wither_skeleton":1},"minecraft:dropped":{"minecraft:rotten_flesh":3},"minecraft:mined":{"minecraft:kelp_plant":17,"minecraft:jungle_leaves":2,"minecraft:torch":2,"minecraft:crafting_table":1,"minecraft:grass":8,"minecraft:grass_block":2,"minecraft:melon":4,"minecraft:jungle_log":7,"minecraft:dirt":8,"minecraft:sugar_cane":1,"minecraft:stone":33,"minecraft:kelp":6,"minecraft:oak_leaves":1,"minecraft:fern":2},"minecraft:custom":{"minecraft:time_since_rest":29913,"minecraft:interact_with_furnace":4,"minecraft:sprint_one_cm":101311,"minecraft:damage_taken":420,"minecraft:walk_one_cm":136296,"minecraft:mob_kills":4,"minecraft:drop":3,"minecraft:damage_dealt":801,"minecraft:interact_with_crafting_table":6,"minecraft:swim_one_cm":182293,"minecraft:fly_one_cm":127756,"minecraft:open_chest":2,"minecraft:crouch_one_cm":715,"minecraft:play_time":36377,"minecraft:deaths":1,"minecraft:sneak_time":175,"minecraft:walk_under_water_one_cm":20088,"minecraft:jump":415,"minecraft:time_since_death":29884,"minecraft:walk_on_water_one_cm":53836,"minecraft:climb_one_cm":9876,"minecraft:total_world_time":36377,"minecraft:fall_one_cm":6519}},"DataVersion":3465}