{"stats":{"minecraft:broken":{"minecraft:wooden_shovel":1},"minecraft:custom":{"minecraft:interact_with_furnace":4,"minecraft:mob_kills":39,"minecraft:interact_with_crafting_table":21,"minecraft:time_since_death":66760,"minecraft:climb_one_cm":18549,"minecraft:sleep_in_bed":3,"minecraft:time_since_rest":10736,"minecraft:waystone_activated":2,"minecraft:sprint_one_cm":808386,"minecraft:damage_taken":2764,"minecraft:walk_one_cm":711016,"minecraft:trigger_trapped_chest":2,"minecraft:drop":8,"minecraft:damage_dealt":7770,"minecraft:talked_to_villager":1,"minecraft:damage_dealt_absorbed":116,"minecraft:swim_one_cm":265749,"minecraft:fly_one_cm":1029466,"minecraft:open_chest":5,"minecraft:crouch_one_cm":9721,"minecraft:play_time":137558,"minecraft:deaths":4,"minecraft:sneak_time":1488,"minecraft:walk_under_water_one_cm":30498,"minecraft:boat_one_cm":335966,"minecraft:jump":2867,"minecraft:walk_on_water_one_cm":90152,"minecraft:total_world_time":137558,"minecraft:fall_one_cm":54263},"minecraft:killed":{"alexsmobs:lobster":2,"minecraft:pig":5,"minecraft:spider":1,"minecraft:wandering_trader":1,"minecraft:zoglin":1,"minecraft:sheep":3,"minecraft:skeleton":7,"minecraft:trader_llama":2,"minecraft:zombie":7,"iceandfire:ghost":1,"gamma_beasts:shecko_a":1,"minecraft:chicken":1,"gamma_beasts:shecko_c":1,"alexsmobs:crow":1,"minecraft:enderman":1,"alexsmobs:flying_fish":2,"minecraft:cow":2},"minecraft:mined":{"minecraft:dark_prismarine_stairs":6,"minecraft:kelp_plant":17,"minecraft:jungle_leaves":2,"minecraft:crafting_table":2,"minecraft:torch":8,"iceandfire:ghost_chest":1,"minecraft:grass_block":4,"minecraft:poppy":3,"minecraft:melon":24,"minecraft:jungle_log":7,"minecraft:rose_bush":2,"alexsmobs:leafcutter_ant_chamber":2,"minecraft:tall_grass":1,"minecraft:sugar_cane":3,"minecraft:kelp":6,"minecraft:oxeye_daisy":1,"minecraft:sandstone":1,"minecraft:wall_torch":1,"minecraft:large_fern":1,"minecraft:seagrass":1,"minecraft:coarse_dirt":2,"minecraft:grass":15,"minecraft:oak_log":3,"minecraft:coal_ore":9,"minecraft:vine":4,"minecraft:iron_bars":2,"minecraft:sand":76,"minecraft:dirt":21,"minecraft:cobweb":2,"minecraft:stone":40,"minecraft:oak_leaves":5,"minecraft:fern":11},"minecraft:dropped":{"minecraft:feather":1,"minecraft:rotten_flesh":3,"minecraft:oxeye_daisy":1,"minecraft:dirt":2,"minecraft:rose_bush":1},"minecraft:killed_by":{"minecraft:wither_skeleton":1,"iceandfire:ghost":3},"minecraft:picked_up":{"minecraft:coarse_dirt":2,"minecraft:crafting_table":2,"minecraft:jungle_boat":1,"minecraft:feather":3,"minecraft:chicken":2,"minecraft:jungle_log":7,"gamma_beasts:fur":2,"minecraft:leather":2,"minecraft:lead":3,"minecraft:enchanted_book":1,"minecraft:oak_log":3,"minecraft:lily_pad":1,"iceandfire:ectoplasm":2,"cataclysm:coral_spear":1,"iceandfire:manuscript":8,"minecraft:dirt":26,"minecraft:string":3,"iceandfire:graveyard_soil":4,"minecraft:bone":15,"minecraft:stone_bricks":15,"minecraft:kelp":137,"minecraft:bow":1,"minecraft:wheat_seeds":1,"minecraft:gold_nugget":1,"minecraft:dark_prismarine_stairs":6,"minecraft:beef":2,"minecraft:oak_boat":1,"minecraft:rose_bush":1,"minecraft:poppy":3,"minecraft:melon_slice":117,"minecraft:sugar_cane":8,"alexsmobs:leafcutter_ant_chamber":1,"minecraft:sandstone":1,"iceandfire:ghost_chest":2,"minecraft:copper_ingot":2,"minecraft:torch":9,"sophisticatedbackpacks:backpack":2,"minecraft:porkchop":12,"minecraft:sand":76,"minecraft:ink_sac":2,"alexsmobs:leafcutter_ant_pupa":1,"iceandfire:silver_ingot":7,"minecraft:arrow":7,"minecraft:rotten_flesh":10,"gamma_beasts:coal_nugget":3,"minecraft:gray_wool":1,"gamma_beasts:salmon_steak":3,"alexsmobs:flying_fish":2,"minecraft:skeleton_skull":2,"minecraft:mutton":4,"minecraft:iron_bars":2,"minecraft:coal":9,"minecraft:white_wool":2,"minecraft:cobblestone":43,"minecraft:oxeye_daisy":1},"minecraft:used":{"minecraft:iron_bars":2,"minecraft:stone_sword":83,"minecraft:stone_pickaxe":53,"minecraft:wooden_pickaxe":9,"minecraft:sandstone":14,"minecraft:iron_sword":96,"minecraft:wooden_shovel":59,"minecraft:jungle_boat":2,"minecraft:torch":13,"minecraft:mutton":4,"minecraft:dirt":21,"minecraft:sand":24,"minecraft:crafting_table":5,"minecraft:red_bed":1,"gamma_beasts:salmon_steak":3,"alexsmobs:flying_fish":2,"minecraft:chicken":1,"minecraft:melon_slice":95,"iceandfire:blindfold":4,"minecraft:wooden_sword":9,"minecraft:bow":7,"minecraft:cobblestone":36,"minecraft:beef":1,"minecraft:porkchop":12,"cataclysm:coral_spear":1,"minecraft:skeleton_skull":1,"minecraft:oak_boat":1,"minecraft:dark_prismarine_stairs":2},"minecraft:crafted":{"minecraft:red_dye":3,"minecraft:wooden_sword":1,"minecraft:oak_planks":12,"minecraft:wooden_shovel":1,"iceandfire:blindfold":1,"minecraft:crafting_table":3,"minecraft:jungle_boat":1,"minecraft:wooden_pickaxe":1,"minecraft:iron_sword":1,"minecraft:red_bed":1,"minecraft:red_wool":3,"minecraft:jungle_planks":28,"minecraft:oak_boat":1,"minecraft:charcoal":6,"minecraft:stick":12,"minecraft:iron_ingot":2,"minecraft:stone_pickaxe":1,"minecraft:stone_sword":1,"minecraft:sandstone":13,"minecraft:torch":4}},"DataVersion":3465}