{"stats":{"minecraft:killed":{"minecraft:skeleton":2,"minecraft:zombie":5,"minecraft:pig":2,"alexsmobs:flying_fish":1,"minecraft:zoglin":1,"minecraft:cow":1},"minecraft:picked_up":{"minecraft:jungle_boat":1,"minecraft:crafting_table":1,"minecraft:feather":1,"minecraft:chicken":1,"minecraft:jungle_log":7,"minecraft:torch":7,"minecraft:porkchop":6,"minecraft:ink_sac":2,"minecraft:dirt":10,"minecraft:arrow":1,"minecraft:bone":1,"minecraft:rotten_flesh":10,"minecraft:kelp":137,"minecraft:gold_nugget":1,"minecraft:beef":1,"minecraft:melon_slice":48,"minecraft:sugar_cane":3,"alexsmobs:flying_fish":1,"minecraft:cobblestone":33},"minecraft:used":{"alexsmobs:flying_fish":1,"minecraft:stone_sword":53,"minecraft:melon_slice":22,"minecraft:chicken":1,"minecraft:stone_pickaxe":24,"minecraft:wooden_pickaxe":9,"minecraft:jungle_boat":1,"minecraft:torch":9,"minecraft:wooden_sword":9,"minecraft:dirt":7,"minecraft:crafting_table":1,"minecraft:porkchop":6},"minecraft:crafted":{"minecraft:wooden_sword":1,"minecraft:charcoal":6,"minecraft:crafting_table":1,"minecraft:stick":8,"minecraft:jungle_boat":1,"minecraft:iron_ingot":2,"minecraft:wooden_pickaxe":1,"minecraft:stone_pickaxe":1,"minecraft:stone_sword":1,"minecraft:torch":4,"minecraft:jungle_planks":28},"minecraft:killed_by":{"minecraft:wither_skeleton":1},"minecraft:dropped":{"minecraft:rotten_flesh":3},"minecraft:mined":{"minecraft:seagrass":1,"minecraft:kelp_plant":17,"minecraft:jungle_leaves":2,"minecraft:torch":6,"minecraft:crafting_table":1,"minecraft:grass":12,"minecraft:vine":1,"minecraft:grass_block":2,"minecraft:melon":10,"minecraft:jungle_log":7,"minecraft:rose_bush":1,"minecraft:dirt":8,"minecraft:sugar_cane":1,"minecraft:stone":33,"minecraft:kelp":6,"minecraft:oak_leaves":1,"minecraft:wall_torch":1,"minecraft:fern":6},"minecraft:custom":{"minecraft:time_since_rest":41913,"minecraft:interact_with_furnace":4,"minecraft:sprint_one_cm":167078,"minecraft:damage_taken":1038,"minecraft:walk_one_cm":192456,"minecraft:mob_kills":12,"minecraft:drop":3,"minecraft:damage_dealt":2184,"minecraft:damage_dealt_absorbed":40,"minecraft:interact_with_crafting_table":7,"minecraft:swim_one_cm":183463,"minecraft:fly_one_cm":196821,"minecraft:open_chest":2,"minecraft:crouch_one_cm":876,"minecraft:play_time":48377,"minecraft:deaths":1,"minecraft:sneak_time":185,"minecraft:walk_under_water_one_cm":20698,"minecraft:boat_one_cm":173606,"minecraft:jump":652,"minecraft:time_since_death":41884,"minecraft:walk_on_water_one_cm":55132,"minecraft:climb_one_cm":11635,"minecraft:total_world_time":48377,"minecraft:fall_one_cm":9600}},"DataVersion":3465}