{"stats":{"minecraft:broken":{"iceandfire:armor_bronze_boots":1,"minecraft:diamond_boots":1,"minecraft:golden_sword":1,"iceandfire:armor_bronze_chestplate":1,"minecraft:iron_sword":2,"minecraft:chainmail_leggings":1,"minecraft:diamond_leggings":1,"aether:iron_gloves":1,"minecraft:iron_pickaxe":4,"minecraft:iron_helmet":1},"minecraft:killed_by":{"alexsmobs:capuchin_monkey":1,"twilightforest:death_tome":1,"enemyexpansion:meature":1,"luminousworld:swamp_skeleton":1,"alexsmobs:crocodile":1,"minecraft:zombie":3,"iceandfire:fire_dragon":8,"minecraft:husk":1,"born_in_chaos_v1:zombie_lumberjack":1,"undead_revamp2:thehunter":2,"minecraft:skeleton":26},"minecraft:crafted":{"naturalist:cooked_catfish":5,"securitycraft:mine":6,"minecraft:oak_planks":1112,"minecraft:cooked_mutton":3,"minecraft:diamond_helmet":1,"minecraft:diamond_leggings":2,"minecraft:iron_boots":1,"sophisticatedbackpacks:copper_backpack":1,"minecraft:oak_button":2,"alexsmobs:cooked_catfish":7,"minecraft:oak_slab":1698,"sophisticatedbackpacks:backpack":1,"minecraft:crafting_table":11,"minecraft:spruce_planks":120,"iceandfire:earplugs":1,"minecraft:diamond_pickaxe":1,"minecraft:shield":2,"sophisticatedbackpacks:diamond_backpack":2,"minecraft:stick":288,"quark:oak_chest":1,"minecraft:iron_ingot":27,"minecraft:gold_ingot":2,"iceandfire:armor_bronze_helmet":1,"iceandfire:silver_sword":1,"minecraft:golden_carrot":15,"securitycraft:furnace_mine":1,"iceandfire:dragon_flute":1,"minecraft:bone_meal":48,"twilightforest:twilight_oak_planks":36,"minecraft:iron_axe":1,"minecraft:ladder":152,"luminousworld:white_oak_plank":52,"minecraft:iron_hoe":1,"minecraft:diamond_boots":1,"iceandfire:armor_bronze_chestplate":1,"minecraft:dark_oak_planks":4,"minecraft:wheat":432,"sophisticatedbackpacks:iron_backpack":2,"minecraft:red_dye":1,"minecraft:diamond_sword":1,"minecraft:iron_sword":2,"sophisticatedbackpacks:gold_backpack":4,"minecraft:bucket":27,"minecraft:blue_dye":1,"minecraft:jungle_planks":40,"minecraft:bread":158,"minecraft:air":0,"supplementaries:iron_gate":2,"minecraft:gold_nugget":144,"minecraft:iron_shovel":2,"securitycraft:stone_mine":1,"minecraft:torch":180},"minecraft:custom":{"minecraft:interact_with_crafting_table":81,"minecraft:open_barrel":16,"minecraft:leave_game":8,"minecraft:time_since_death":150491,"minecraft:sprint_one_cm":2387446,"minecraft:damage_blocked_by_shield":4065,"minecraft:drop":178,"minecraft:talked_to_villager":4,"minecraft:play_time":706130,"minecraft:deaths":60,"minecraft:jump":10309,"minecraft:interact_with_brewingstand":1,"minecraft:walk_on_water_one_cm":137081,"minecraft:interact_with_furnace":11,"minecraft:sleep_in_bed":11,"minecraft:damage_dealt":67347,"minecraft:player_kills":3,"minecraft:crouch_one_cm":66928,"tombstone:undead_killed":223,"minecraft:horse_one_cm":531,"minecraft:interact_with_anvil":2,"minecraft:mob_kills":347,"minecraft:interact_with_campfire":11,"minecraft:damage_dealt_resisted":1020,"minecraft:climb_one_cm":63366,"minecraft:walk_one_cm":1796822,"twilightforest:keeping_charms_activated":1,"minecraft:damage_dealt_absorbed":160,"minecraft:sneak_time":31367,"minecraft:walk_under_water_one_cm":95734,"minecraft:total_world_time":706130,"tombstone:raider_killed":8,"minecraft:interact_with_stonecutter":1,"minecraft:time_since_rest":150284,"minecraft:damage_absorbed":79,"minecraft:damage_taken":27214,"minecraft:swim_one_cm":242573,"minecraft:fly_one_cm":5544418,"minecraft:open_chest":303,"minecraft:fall_one_cm":247881},"minecraft:picked_up":{"minecraft:wheat":15,"minecraft:lead":1,"quark:music_disc_drips":1,"minecraft:diamond_sword":2,"minecraft:brown_bed":1,"minecraft:oak_stairs":1,"earthmobsmod:fancy_egg":2,"minecraft:enchanted_book":1,"minecraft:stone_brick_stairs":2,"tombstone:grave_key":1,"minecraft:golden_sword":2,"iceandfire:manuscript":2,"minecraft:string":31,"minecraft:raw_copper":2,"minecraft:smooth_stone_slab":2,"minecraft:cobbled_deepslate":2,"minecraft:smooth_stone":1,"minecraft:gold_nugget":22,"earthmobsmod:duck_egg":1,"minecraft:bucket":2,"minecraft:spruce_planks":1,"minecraft:rose_bush":1,"minecraft:wooden_shovel":1,"minecraft:iron_pickaxe":1,"minecraft:coal_block":16,"iceandfire:armor_bronze_boots":1,"minecraft:furnace":1,"luminousworld:auburnlog":25,"minecraft:stick":7,"minecraft:oak_fence":3,"minecraft:torch":49,"minecraft:porkchop":8,"iceandfire:armor_bronze_chestplate":1,"minecraft:pointed_dripstone":5,"tombstone:grave_dust":41,"minecraft:diorite":1,"minecraft:green_terracotta":18,"iceandfire:lightning_lily":1,"luminousworld:grassflowers":3,"minecraft:cactus":24,"minecraft:rotten_flesh":156,"luminousworld:yellow_grassflowers":3,"minecraft:polished_basalt":1,"iceandfire:fire_dragon_heart":1,"minecraft:iron_block":2,"minecraft:bookshelf":1,"supplementaries:ash":23,"minecraft:cod":1,"undead_revamp2:arapholia":3,"minecraft:cobblestone":1264,"minecraft:birch_log":32,"minecraft:feather":5,"minecraft:cooked_beef":8,"twilightforest:twilight_oak_log":9,"minecraft:birch_slab":3,"minecraft:andesite":2,"minecraft:brown_wool":2,"minecraft:potato":1,"supplementaries:soap":2,"minecraft:flint":1,"supplementaries:flax_seeds":4,"minecraft:dirt":276,"iceandfire:dragonscales_bronze":14,"minecraft:lantern":3,"minecraft:bone":124,"minecraft:bow":1,"minecraft:gray_terracotta":21,"minecraft:wheat_seeds":33,"minecraft:raw_gold":1,"minecraft:mossy_stone_bricks":9,"minecraft:moss_block":11,"minecraft:oak_planks":29,"luminousworld:bass_item":1,"minecraft:black_terracotta":15,"luminousworld:creepberries":17,"naturalist:cattail_fluff":1,"iceandfire:dragon_skull_fire":1,"minecraft:grass_block":1,"sophisticatedbackpacks:iron_backpack":2,"minecraft:dark_oak_log":1,"minecraft:chiseled_sandstone":5,"alexsmobs:animal_dictionary":1,"naturalist:duck_egg":2,"minecraft:bundle":3,"quark:cobblestone_bricks_stairs":1,"minecraft:diamond":6,"minecraft:granite":9,"minecraft:emerald":9,"minecraft:bread":3,"minecraft:oak_sapling":1,"minecraft:netherrack":67,"iceandfire:silver_nugget":10,"twilightforest:torchberries":1,"minecraft:mud":1,"minecraft:crafting_table":10,"minecraft:chicken":7,"born_in_chaos_v1:river_mint":3,"minecraft:clay_ball":4,"minecraft:leather_leggings":2,"minecraft:brown_mushroom":3,"friendsandfoes:totem_of_illusion":1,"minecraft:shield":1,"aether:leather_gloves":6,"minecraft:cornflower":1,"minecraft:iron_axe":5,"minecraft:item_frame":2,"minecraft:iron_shovel":1,"minecraft:glass_pane":16,"minecraft:blackstone":5,"minecraft:cyan_carpet":9,"minecraft:cracked_stone_bricks":4,"iceandfire:bestiary":1,"minecraft:beef":10,"minecraft:cyan_wool":7,"minecraft:poppy":1,"naturalist:catfish":5,"minecraft:sugar_cane":11,"minecraft:egg":3,"minecraft:raw_iron":13,"iceandfire:dragonbone":9,"naturalist:duck":1,"minecraft:stone":2,"minecraft:copper_ingot":12,"sophisticatedbackpacks:backpack":2,"minecraft:stone_button":1,"born_in_chaos_v1:pieceofdarkmetal":1,"minecraft:carrot":45,"minecraft:stone_pressure_plate":1,"luminousworld:white_oak_sapling":1,"minecraft:smooth_sandstone_slab":3,"iceandfire:silver_ingot":4,"minecraft:arrow":21,"minecraft:weeping_vines":1,"minecraft:hay_block":48,"minecraft:mutton":1,"minecraft:skeleton_skull":3,"born_in_chaos_v1:fused_bone":4,"born_in_chaos_v1:corpse_maggot":13,"minecraft:air":72,"minecraft:mud_bricks":28,"minecraft:basalt":35,"born_in_chaos_v1:monster_flesh":1,"minecraft:salmon":1,"minecraft:cut_sandstone":10,"minecraft:leather":7,"minecraft:packed_mud":11,"minecraft:chainmail_chestplate":1,"minecraft:oak_log":474,"iceandfire:ectoplasm":2,"minecraft:yellow_bed":4,"minecraft:gunpowder":3,"minecraft:cobblestone_stairs":1,"minecraft:paper":44,"minecraft:white_banner":1,"naturalist:bass":3,"minecraft:smooth_sandstone":7,"minecraft:apple":1,"iceandfire:pixie_jar_empty":1,"minecraft:spruce_wood":30,"minecraft:iron_ingot":3,"earthmobsmod:fancy_feather":1,"minecraft:cooked_chicken":3,"tombstone:bag_of_seeds":2,"minecraft:oak_slab":51,"luminousworld:white_petunias":2,"minecraft:iron_sword":5,"iceandfire:fire_dragon_flesh":2,"sophisticatedbackpacks:diamond_backpack":1,"minecraft:book":43,"iceandfire:copper_nugget":14,"minecraft:stone_brick_slab":1,"iceandfire:ash":3,"born_in_chaos_v1:ethereal_spirit":2,"minecraft:dripstone_block":8,"minecraft:gravel":1,"minecraft:lava_bucket":3,"twilightforest:cracked_nagastone_pillar":1,"minecraft:white_bed":4,"minecraft:spruce_door":1,"illagerinvasion:illusionary_dust":1,"minecraft:spider_eye":5,"luminousworld:whiteoaklog":21,"alexsmobs:raw_catfish":10,"minecraft:slime_ball":17,"supplementaries:iron_gate":2,"minecraft:chainmail_leggings":2,"minecraft:iron_helmet":4,"minecraft:painting":7,"minecraft:oak_button":1,"tombstone:magic_scroll":5,"twilightforest:spiral_bricks":3,"minecraft:black_wool":3,"minecraft:mangrove_propagule":1,"minecraft:coal":78,"minecraft:ender_pearl":1,"minecraft:sunflower":5},"minecraft:dropped":{"sophisticatedbackpacks:iron_backpack":1,"minecraft:brown_mushroom":3,"minecraft:porkchop":1,"minecraft:diamond":6,"minecraft:weeping_vines":1,"iceandfire:ectoplasm":2,"minecraft:cracked_stone_bricks":2,"born_in_chaos_v1:pieceofdarkmetal":1,"artifacts:universal_attractor":1,"minecraft:emerald":1,"minecraft:dirt":16,"minecraft:mutton":1,"minecraft:gold_nugget":4,"iceandfire:ash":3,"minecraft:bone":4,"minecraft:blackstone":4,"minecraft:sugar_cane":3,"alexsmobs:animal_dictionary":1,"minecraft:wheat":3,"minecraft:rotten_flesh":94,"aether:leather_gloves":6,"minecraft:oak_planks":14,"minecraft:salmon":1,"sophisticatedbackpacks:diamond_backpack":1,"supplementaries:ash":11,"minecraft:gunpowder":1,"minecraft:skeleton_skull":2,"born_in_chaos_v1:corpse_maggot":4,"iceandfire:bestiary":1,"minecraft:leather_leggings":2,"minecraft:basalt":14,"minecraft:arrow":4,"minecraft:netherrack":3,"iceandfire:manuscript":2,"minecraft:egg":1,"minecraft:enchanted_book":1,"minecraft:iron_ingot":19,"minecraft:bread":57,"minecraft:wheat_seeds":15,"minecraft:oak_fence":2,"minecraft:feather":5,"minecraft:iron_helmet":4,"minecraft:copper_ingot":1,"minecraft:coal":17,"iceandfire:dragon_flute":1,"minecraft:stick":8,"born_in_chaos_v1:river_mint":2,"tombstone:grave_key":1,"minecraft:brown_wool":1,"minecraft:diamond_helmet":1,"born_in_chaos_v1:fused_bone":2,"tombstone:grave_dust":20,"minecraft:iron_leggings":1,"minecraft:smooth_sandstone_slab":2,"minecraft:iron_axe":2,"minecraft:polished_basalt":1,"minecraft:cactus":24,"minecraft:chainmail_leggings":1,"minecraft:paper":1,"minecraft:string":7,"minecraft:bucket":1,"iceandfire:dragonscales_bronze":1,"iceandfire:earplugs":1,"minecraft:raw_copper":2,"minecraft:chicken":1,"minecraft:clay_ball":4,"minecraft:iron_boots":1,"minecraft:glass_pane":1,"luminousworld:yellow_grassflowers":1,"minecraft:diamond_sword":1,"minecraft:potato":1,"minecraft:oak_button":2,"minecraft:mud_bricks":2,"minecraft:shield":2,"minecraft:diamond_chestplate":1,"minecraft:spruce_planks":1,"minecraft:iron_chestplate":1,"minecraft:mossy_stone_bricks":3,"iceandfire:silver_ingot":2,"minecraft:oak_sapling":1,"minecraft:spider_eye":1,"minecraft:stone_bricks":4,"minecraft:slime_ball":3,"minecraft:black_wool":3},"minecraft:killed":{"undead_revamp2:thewolf":1,"illagerinvasion:archivist":1,"luminousworld:miner_zombie":1,"minecraft:cave_spider":7,"born_in_chaos_v1:restless_spirit":1,"minecraft:spider":9,"enemyexpansion:equestrian":4,"undead_revamp2:axestrom":2,"undead_revamp2:thesmoker":3,"born_in_chaos_v1:siamese_skeletonsright":1,"undead_revamp2:theswarmer":1,"minecraft:skeleton":106,"minecraft:bee":1,"minecraft:chicken":4,"illagerinvasion:provoker":1,"luminousworld:bass_fish":1,"undead_revamp2:therod":1,"minecraft:illusioner":1,"undead_revamp2:thepregnant":1,"minecraft:cat":1,"minecraft:pig":4,"minecraft:zombie_villager":2,"illagerinvasion:alchemist":1,"minecraft:creeper":1,"enemyexpansion:meature":2,"minecraft:zombie":54,"born_in_chaos_v1:dread_hound":1,"enemyexpansion:botfly":1,"born_in_chaos_v1:corpse_fly":6,"born_in_chaos_v1:door_knight":1,"born_in_chaos_v1:siamese_skeletonsleft":1,"undead_revamp2:thehunter":3,"minecraft:vindicator":3,"enemyexpansion:direwolf":5,"naturalist:tortoise":1,"naturalist:duck":1,"born_in_chaos_v1:maggot":19,"twilightforest:naga":1,"luminousworld:swamp_skeleton":4,"iceandfire:fire_dragon":1,"naturalist:bass":2,"earthmobsmod:fancy_chicken":2,"twilightforest:death_tome":3,"minecraft:drowned":1,"undead_revamp2:sucker":2,"born_in_chaos_v1:barrel_zombie":4,"friendsandfoes:copper_golem":3,"takesapillage:skirmisher":1,"undead_revamp2:the_moonflower":14,"twilightforest:kobold":4,"enemyexpansion:sprinter":3,"earthmobsmod:cream_cow":5,"born_in_chaos_v1:decrepit_skeleton":4,"alexsmobs:catfish":3,"born_in_chaos_v1:bloody_gadfly":2,"naturalist:catfish":5,"iceandfire:ghost":2,"luminousworld:swamp_zombie":5,"enemyexpansion:huntsman":1,"enemyexpansion:slugger":1},"minecraft:mined":{"minecraft:stone_pressure_plate":1,"minecraft:spruce_planks":2,"minecraft:white_bed":4,"minecraft:black_terracotta":16,"iceandfire:copper_pile":2,"placeablesmod:cooked_beef_block":1,"minecraft:cobblestone_stairs":1,"minecraft:granite":9,"minecraft:grass_block":196,"minecraft:brown_wool":1,"minecraft:coal_block":16,"minecraft:mud_bricks":28,"minecraft:oxeye_daisy":1,"minecraft:spawner":29,"minecraft:weeping_vines_plant":1,"minecraft:iron_ore":12,"minecraft:fire":11,"minecraft:brown_bed":1,"placeablesmod:empty_bucket_block":1,"iceandfire:gold_pile":3,"minecraft:pointed_dripstone":1,"minecraft:spruce_wood":39,"minecraft:iron_block":2,"minecraft:spruce_slab":1,"luminousworld:creepbush":19,"quark:cobblestone_bricks_stairs":1,"minecraft:gray_terracotta":21,"minecraft:cut_sandstone":11,"minecraft:blackstone":5,"minecraft:torch":9,"twilightforest:spiral_bricks":3,"minecraft:poppy":1,"minecraft:melon":5,"twilightforest:twilight_oak_log":11,"minecraft:white_stained_glass_pane":4,"minecraft:dead_bush":1,"minecraft:cobblestone":686,"minecraft:oak_planks":29,"minecraft:sugar_cane":4,"placeablesmod:bread_full_block":1,"minecraft:smooth_sandstone_slab":11,"minecraft:wall_torch":6,"minecraft:seagrass":5,"minecraft:cyan_wool":7,"minecraft:wheat":6,"minecraft:mud":1,"minecraft:birch_log":13,"born_in_chaos_v1:river_mint":2,"minecraft:stone_brick_stairs":1,"minecraft:grass":175,"minecraft:oak_log":18,"minecraft:dirt":66,"luminousworld:grassvariant_3":8,"minecraft:netherrack":82,"minecraft:deepslate":2,"minecraft:oak_leaves":7,"iceandfire:lightning_lily":1,"naturalist:cattail":1,"minecraft:diamond_ore":6,"luminousworld:grassvariant_4":1,"luminousworld:whiteoakleaves":1,"luminousworld:grassvariant_2":27,"minecraft:moss_block":11,"minecraft:large_fern":1,"minecraft:hay_block":48,"minecraft:furnace":1,"placeablesmod:lava_bucket_block":1,"minecraft:carrots":13,"minecraft:packed_mud":12,"luminousworld:yellow_grassflowers":1,"minecraft:polished_basalt":2,"minecraft:chiseled_sandstone":5,"minecraft:andesite":2,"minecraft:green_terracotta":18,"minecraft:peony":2,"minecraft:bookshelf":14,"twilightforest:cracked_nagastone_pillar":1,"minecraft:vine":2,"minecraft:stone":591,"iceandfire:pixie_jar_empty":1,"minecraft:oak_slab":35,"minecraft:glass_pane":17,"supplementaries:iron_gate":2,"minecraft:basalt":24,"minecraft:dandelion":2,"minecraft:oak_fence":2,"minecraft:smooth_sandstone":7,"minecraft:crafting_table":10,"minecraft:cornflower":1,"luminousworld:savannah_grass_1":1,"minecraft:emerald_ore":3,"minecraft:rose_bush":2,"luminousworld:grassflowers":2,"minecraft:tall_grass":16,"minecraft:lily_pad":1,"minecraft:diorite":1,"luminousworld:whiteoaklog":13,"supplementaries:urn":5,"minecraft:cactus":4,"minecraft:coarse_dirt":2,"naturalist:duckweed":6,"minecraft:birch_leaves":2,"minecraft:mangrove_leaves":1,"minecraft:yellow_bed":4,"minecraft:coal_ore":76,"iceandfire:silver_pile":3,"minecraft:cyan_carpet":10,"minecraft:sunflower":7,"minecraft:gravel":2,"minecraft:dripstone_block":4,"minecraft:cobweb":12,"minecraft:cracked_stone_bricks":2,"minecraft:stone_bricks":1,"minecraft:mossy_stone_bricks":6,"minecraft:fern":27},"minecraft:used":{"minecraft:moss_block":11,"twilightforest:spiral_bricks":3,"minecraft:iron_shovel":127,"minecraft:ladder":149,"naturalist:cooked_catfish":5,"minecraft:shield":189,"minecraft:iron_sword":619,"luminousworld:bass_item":1,"minecraft:rotten_flesh":3,"minecraft:green_terracotta":18,"minecraft:iron_chestplate":1,"minecraft:carrot":49,"minecraft:cyan_wool":7,"minecraft:milk_bucket":1,"born_in_chaos_v1:corpse_maggot":3,"minecraft:lava_bucket":43,"minecraft:grass_block":1,"luminousworld:white_oak_sapling":1,"iceandfire:lightning_lily":1,"friendsandfoes:totem_of_illusion":1,"minecraft:lantern":3,"minecraft:packed_mud":11,"iceandfire:earplugs":1,"minecraft:golden_sword":12,"minecraft:stone_brick_stairs":2,"minecraft:item_frame":1,"minecraft:bow":109,"minecraft:egg":2,"minecraft:potato":30,"iceandfire:armor_bronze_boots":1,"alexsmobs:raw_catfish":7,"minecraft:mossy_stone_bricks":6,"minecraft:diorite":1,"minecraft:diamond_boots":2,"minecraft:spruce_door":1,"iceandfire:armor_bronze_helmet":1,"minecraft:oak_planks":49,"minecraft:blackstone":1,"minecraft:ender_pearl":2,"minecraft:sugar_cane":2,"minecraft:golden_apple":2,"minecraft:dripstone_block":6,"minecraft:black_terracotta":15,"luminousworld:creepberries":4,"earthmobsmod:duck_egg":1,"minecraft:chiseled_sandstone":4,"minecraft:string":1,"minecraft:cyan_carpet":9,"minecraft:birch_slab":3,"minecraft:stone_button":1,"minecraft:melon_slice":4,"minecraft:bread":146,"minecraft:brown_wool":1,"quark:cobblestone_bricks_stairs":7,"minecraft:gravel":1,"supplementaries:iron_gate":4,"minecraft:diamond_sword":1179,"twilightforest:cracked_nagastone_pillar":1,"born_in_chaos_v1:rotten_fish":1,"minecraft:andesite":2,"minecraft:smooth_stone_slab":2,"supplementaries:soap":1,"minecraft:bone_meal":2,"minecraft:experience_bottle":1,"minecraft:oak_fence":1,"naturalist:catfish":1,"minecraft:rose_bush":1,"iceandfire:silver_sword":16,"twilightforest:torchberries":1,"minecraft:spruce_planks":114,"minecraft:wooden_shovel":93,"minecraft:cooked_chicken":3,"minecraft:netherrack":59,"minecraft:torch":254,"minecraft:dirt":317,"luminousworld:grassflowers":2,"minecraft:diamond_helmet":1,"minecraft:granite":9,"minecraft:iron_hoe":48,"minecraft:stone_brick_slab":1,"minecraft:iron_axe":243,"minecraft:oak_stairs":1,"minecraft:smooth_sandstone":7,"minecraft:iron_boots":2,"minecraft:mud_bricks":26,"minecraft:diamond_chestplate":1,"minecraft:basalt":21,"minecraft:golden_carrot":2,"minecraft:beef":2,"tombstone:gift":6,"minecraft:stone_pressure_plate":1,"minecraft:cooked_beef":9,"minecraft:pointed_dripstone":5,"minecraft:brown_bed":1,"securitycraft:stone_mine":1,"minecraft:cooked_mutton":3,"alexsmobs:cooked_catfish":11,"minecraft:water_bucket":37,"iceandfire:fire_dragon_flesh":1,"minecraft:cobblestone_stairs":1,"quark:forgotten_hat":1,"minecraft:cut_sandstone":10,"luminousworld:yellow_grassflowers":2,"minecraft:cracked_stone_bricks":2,"luminousworld:white_petunias":2,"minecraft:oak_slab":1705,"minecraft:crafting_table":20,"minecraft:white_bed":3,"securitycraft:furnace_mine":1,"minecraft:cod":1,"iceandfire:armor_bronze_chestplate":2,"minecraft:oak_log":2,"minecraft:gray_terracotta":21,"minecraft:mud":1,"minecraft:diamond_pickaxe":857,"minecraft:apple":13,"minecraft:chicken":1,"minecraft:sunflower":5,"minecraft:mangrove_propagule":1,"minecraft:iron_pickaxe":955,"minecraft:oak_button":1,"tombstone:magic_scroll":2,"iceandfire:ash":1,"minecraft:cobblestone":930,"minecraft:cooked_porkchop":4,"minecraft:white_banner":1,"minecraft:porkchop":7,"minecraft:bucket":109,"minecraft:glass_pane":9,"minecraft:yellow_bed":4,"alexsmobs:animal_dictionary":1,"minecraft:diamond_leggings":2}},"DataVersion":3465}