{"stats":{"minecraft:crafted":{"minecraft:smooth_stone":3,"minecraft:oak_planks":88,"minecraft:stone_shovel":5,"minecraft:furnace":1,"minecraft:blast_furnace":1,"minecraft:stone":3,"minecraft:diamond_helmet":1,"minecraft:ladder":33,"minecraft:stone_pickaxe":1,"minecraft:chest":2,"biomesoplenty:orange_sandstone":118,"iceandfire:armor_silver_metal_boots":1,"minecraft:oak_fence":3,"minecraft:wheat":279,"biomesoplenty:dead_planks":556,"biomesoplenty:orange_sandstone_slab":132,"minecraft:emerald":45,"minecraft:crafting_table":3,"minecraft:acacia_slab":384,"minecraft:wooden_pickaxe":1,"minecraft:stone_axe":1,"minecraft:bread":93,"minecraft:acacia_boat":1,"minecraft:air":0,"minecraft:jungle_planks":48,"minecraft:stick":1798,"minecraft:wooden_axe":1,"minecraft:stone_sword":1,"minecraft:iron_shovel":2,"minecraft:acacia_planks":468,"minecraft:torch":4,"minecraft:diamond_chestplate":1,"biomesoplenty:palm_planks":44,"biomesoplenty:cut_orange_sandstone":208},"minecraft:picked_up":{"gamma_beasts:thin_oak_log":18,"minecraft:cocoa_beans":3,"minecraft:crafting_table":4,"minecraft:wheat":24,"minecraft:sandstone_slab":2,"minecraft:chainmail_boots":1,"minecraft:clay_ball":1,"minecraft:turtle_helmet":1,"minecraft:smithing_table":4,"minecraft:lead":2,"minecraft:wooden_pickaxe":1,"biomesoplenty:cut_orange_sandstone":20,"epicfight:stray_pants":1,"iceandfire:manuscript":17,"minecraft:red_bed":2,"minecraft:iron_axe":1,"minecraft:compass":2,"minecraft:iron_shovel":2,"minecraft:beetroot":20,"biomesoplenty:dead_sapling":9,"iceandfire:graveyard_soil":6,"morevillagers:gardening_table":4,"minecraft:gold_nugget":13,"minecraft:smooth_stone":4,"minecraft:eye_armor_trim_smithing_template":2,"minecraft:poppy":4,"minecraft:iron_pickaxe":1,"minecraft:chest":9,"minecraft:sugar_cane":25,"minecraft:furnace":2,"minecraft:sandstone":2,"apotheosis:gem":7,"minecraft:stick":27,"iceandfire:ghost_chest":1,"minecraft:torch":6,"minecraft:acacia_log":119,"minecraft:sandstone_wall":5,"epicfight:skillbook":5,"minecraft:diorite":4,"minecraft:trident":2,"minecraft:carrot":20,"minecraft:yellow_banner":1,"minecraft:cactus":54,"minecraft:rotten_flesh":15,"iceandfire:silver_ingot":4,"minecraft:arrow":8,"minecraft:beetroot_seeds":46,"biomesoplenty:palm_log":11,"biomesoplenty:orange_sandstone":160,"minecraft:hay_block":34,"minecraft:iron_block":1,"alexsmobs:emu_egg":3,"gamma_beasts:coal_nugget":6,"minecraft:saddle":1,"minecraft:gold_ingot":1,"biomesoplenty:orange_sandstone_slab":41,"minecraft:cobblestone":333,"biomesoplenty:orange_sand":1076,"minecraft:stripped_oak_log":3,"biomesoplenty:dried_salt":53,"minecraft:cut_sandstone":3,"minecraft:black_bed":1,"minecraft:leather":2,"alexsmobs:acacia_blossom":1,"minecraft:jungle_wood":13,"minecraft:potato":79,"biomesoplenty:dead_log":139,"create:raw_zinc":2,"gamma_beasts:green_apple":37,"minecraft:oak_log":11,"gamma_beasts:oak_leaf":45,"iceandfire:ectoplasm":5,"alexsmobs:cooked_kangaroo_meat":1,"scalinghealth:heart_crystal":1,"minecraft:dirt":7,"minecraft:smooth_sandstone":3,"minecraft:bone":6,"minecraft:acacia_planks":20,"minecraft:wheat_seeds":15,"minecraft:iron_ingot":6,"biomesoplenty:palm_sapling":3,"minecraft:fletching_table":1,"minecraft:acacia_sapling":12,"minecraft:green_dye":2,"minecraft:scaffolding":1,"minecraft:lava_bucket":1,"minecraft:chiseled_sandstone":1,"alexsmobs:raw_catfish":2,"minecraft:polished_andesite":3,"minecraft:stone_axe":2,"artifacts:crystal_heart":2,"minecraft:acacia_slab":15,"minecraft:coal":20,"minecraft:hopper":6},"minecraft:dropped":{"minecraft:wheat_seeds":15,"morevillagers:gardening_table":1,"iceandfire:ectoplasm":2,"minecraft:fletching_table":1,"minecraft:saddle":1,"minecraft:dirt":7,"minecraft:lava_bucket":1,"minecraft:red_bed":1,"minecraft:green_dye":1,"minecraft:wooden_axe":1,"minecraft:cactus":27,"minecraft:iron_shovel":1,"minecraft:stone_axe":3,"minecraft:compass":1,"alexsmobs:acacia_blossom":1,"alexsmobs:animal_dictionary":1,"minecraft:cocoa_beans":3,"minecraft:wheat":15,"gamma_beasts:green_apple":12,"patchouli:guide_book":1,"biomesoplenty:dead_sapling":9,"minecraft:hay_block":1,"iceandfire:ghost_chest":1,"minecraft:trident":1,"minecraft:beetroot_seeds":46,"apotheosis:gem":1,"minecraft:acacia_sapling":2,"minecraft:yellow_banner":1,"minecraft:arrow":3,"minecraft:wooden_pickaxe":2,"iceandfire:manuscript":8,"epicfight:skillbook":1},"minecraft:killed":{"alexsmobs:tasmanian_devil":1,"minecraft:skeleton":1,"minecraft:drowned":5,"alexsmobs:kangaroo":1,"minecraft:husk":8,"minecraft:iron_golem":1,"minecraft:wandering_trader":1,"alexsmobs:catfish":1,"minecraft:trader_llama":2,"minecraft:zombie":4,"iceandfire:ghost":1,"minecraft:villager":1},"minecraft:broken":{"minecraft:iron_shovel":2,"minecraft:stone_pickaxe":1,"minecraft:iron_pickaxe":1,"minecraft:stone_shovel":4},"minecraft:mined":{"create:zinc_ore":2,"iceandfire:graveyard_soil":1,"biomesoplenty:desert_grass":23,"minecraft:jungle_leaves":1,"minecraft:acacia_log":6,"minecraft:grass_block":4,"morevillagers:gardening_table":2,"biomesoplenty:dried_salt":53,"minecraft:acacia_slab":12,"biomesoplenty:orange_sandstone":160,"minecraft:hopper":6,"minecraft:sandstone":1,"biomesoplenty:dune_grass":34,"minecraft:hay_block":32,"minecraft:smooth_stone":4,"minecraft:furnace":2,"minecraft:carrots":5,"minecraft:fire":1,"minecraft:chiseled_sandstone":1,"treechop:chopped_log":17,"minecraft:fletching_table":1,"minecraft:potatoes":30,"minecraft:vine":9,"minecraft:stripped_oak_log":3,"biomesoplenty:cut_orange_sandstone":20,"minecraft:stone":276,"minecraft:iron_block":1,"biomesoplenty:orange_sandstone_slab":28,"minecraft:smithing_table":4,"minecraft:scaffolding":1,"minecraft:sandstone_slab":2,"minecraft:cut_sandstone":3,"minecraft:acacia_leaves":1,"minecraft:glass_pane":1,"biomesoplenty:orange_sand":1076,"minecraft:smooth_sandstone":3,"minecraft:crafting_table":4,"minecraft:torch":2,"minecraft:poppy":3,"minecraft:chest":7,"minecraft:dead_bush":1,"minecraft:cobblestone":60,"biomesoplenty:sprout":10,"minecraft:diorite":1,"minecraft:wall_torch":3,"biomesoplenty:dead_branch":1,"minecraft:jungle_wood":19,"minecraft:wheat":6,"minecraft:black_bed":1,"biomesoplenty:dead_log":8,"minecraft:grass":3,"minecraft:coal_ore":20,"minecraft:oak_log":10,"minecraft:beetroots":20,"minecraft:dirt":3,"minecraft:sandstone_wall":5,"minecraft:acacia_planks":2,"minecraft:polished_andesite":3,"minecraft:oak_leaves":3,"minecraft:fern":13},"minecraft:killed_by":{"minecraft:skeleton":1},"minecraft:custom":{"minecraft:interact_with_smithing_table":1,"minecraft:mob_kills":27,"minecraft:inspect_hopper":2,"minecraft:interact_with_crafting_table":45,"minecraft:damage_dealt_resisted":0,"minecraft:time_since_death":79389,"minecraft:climb_one_cm":31766,"minecraft:damage_resisted":0,"minecraft:sprint_one_cm":1086882,"minecraft:walk_one_cm":1581224,"minecraft:damage_blocked_by_shield":30,"minecraft:drop":45,"minecraft:damage_dealt_absorbed":130,"minecraft:talked_to_villager":70,"minecraft:deaths":1,"minecraft:play_time":232452,"minecraft:sneak_time":737,"minecraft:walk_under_water_one_cm":11502,"minecraft:boat_one_cm":54810,"minecraft:interact_with_brewingstand":1,"minecraft:jump":2791,"minecraft:walk_on_water_one_cm":35985,"minecraft:total_world_time":232452,"minecraft:interact_with_furnace":5,"minecraft:traded_with_villager":47,"minecraft:sleep_in_bed":2,"minecraft:time_since_rest":79537,"minecraft:damage_taken":2201,"minecraft:damage_dealt":6534,"minecraft:swim_one_cm":64643,"minecraft:fly_one_cm":907634,"minecraft:open_chest":115,"minecraft:crouch_one_cm":3131,"minecraft:fall_one_cm":67239},"minecraft:used":{"alexsmobs:emu_egg":1,"minecraft:oak_fence":3,"biomesoplenty:cut_orange_sandstone":195,"minecraft:trident":52,"minecraft:stone_sword":128,"minecraft:iron_shovel":507,"minecraft:stone_shovel":562,"minecraft:poppy":2,"minecraft:ladder":27,"minecraft:chest":11,"minecraft:shield":1,"gamma_beasts:green_apple":3,"minecraft:sandstone_wall":1,"minecraft:torch":9,"scalinghealth:heart_crystal":1,"alexsmobs:cooked_kangaroo_meat":1,"minecraft:diamond_helmet":1,"minecraft:wooden_axe":1,"minecraft:iron_axe":124,"minecraft:smooth_sandstone":3,"biomesoplenty:orange_sandstone_slab":119,"minecraft:acacia_slab":344,"biomesoplenty:orange_sand":586,"minecraft:diamond_chestplate":1,"biomesoplenty:orange_sandstone":3,"minecraft:scaffolding":1,"minecraft:furnace":2,"minecraft:potato":1,"minecraft:acacia_planks":62,"minecraft:diorite":1,"minecraft:acacia_boat":1,"epicfight:skillbook":8,"minecraft:polished_andesite":3,"minecraft:stone_pickaxe":132,"minecraft:wooden_pickaxe":22,"minecraft:sandstone":1,"minecraft:cut_sandstone":3,"iceandfire:armor_silver_metal_boots":1,"minecraft:crafting_table":7,"minecraft:blast_furnace":1,"minecraft:black_bed":1,"morevillagers:gardening_table":2,"minecraft:chiseled_sandstone":1,"minecraft:bread":49,"minecraft:iron_pickaxe":501,"iceandfire:graveyard_soil":2,"minecraft:stone_axe":132,"biomesoplenty:dried_salt":4,"minecraft:cobblestone":275,"minecraft:smithing_table":3,"minecraft:sandstone_slab":2,"alexsmobs:animal_dictionary":2,"minecraft:smooth_stone":4}},"DataVersion":3465}