{"stats":{"minecraft:custom":{"minecraft:interact_with_crafting_table":57,"minecraft:open_barrel":29,"minecraft:leave_game":7,"minecraft:time_since_death":89990,"minecraft:damage_resisted":13,"minecraft:sprint_one_cm":2520475,"minecraft:damage_blocked_by_shield":915,"minecraft:drop":86,"minecraft:talked_to_villager":88,"minecraft:play_time":489850,"minecraft:deaths":8,"minecraft:jump":6553,"minecraft:interact_with_brewingstand":1,"minecraft:walk_on_water_one_cm":58134,"minecraft:interact_with_furnace":16,"minecraft:traded_with_villager":60,"minecraft:sleep_in_bed":2,"minecraft:waystone_activated":1,"minecraft:damage_dealt":26084,"minecraft:crouch_one_cm":92853,"minecraft:horse_one_cm":283559,"minecraft:interact_with_smithing_table":1,"minecraft:mob_kills":95,"minecraft:inspect_hopper":2,"minecraft:damage_dealt_resisted":91,"minecraft:climb_one_cm":59108,"minecraft:walk_one_cm":3147387,"minecraft:damage_dealt_absorbed":540,"minecraft:sneak_time":19747,"minecraft:walk_under_water_one_cm":19506,"minecraft:boat_one_cm":161381,"minecraft:total_world_time":489850,"minecraft:interact_with_grindstone":1,"minecraft:time_since_rest":90029,"minecraft:damage_taken":10602,"minecraft:swim_one_cm":117903,"minecraft:fly_one_cm":2187559,"minecraft:open_chest":196,"minecraft:fall_one_cm":206332},"minecraft:crafted":{"minecraft:smooth_stone":3,"minecraft:oak_planks":92,"minecraft:stone":3,"minecraft:diamond_helmet":1,"minecraft:iron_boots":1,"minecraft:chest":2,"gamma_beasts:prehnite_armor_helmet":1,"biomesoplenty:orange_sandstone":118,"minecraft:oak_fence":3,"biomesoplenty:orange_sandstone_slab":132,"minecraft:emerald":57,"minecraft:crafting_table":4,"minecraft:acacia_slab":384,"minecraft:wooden_pickaxe":1,"biomesoplenty:dead_boat":1,"minecraft:stick":2214,"minecraft:iron_ingot":33,"minecraft:iron_pickaxe":3,"minecraft:stone_sword":1,"biomesoplenty:palm_planks":44,"biomesoplenty:cut_orange_sandstone":208,"minecraft:golden_carrot":19,"minecraft:stone_shovel":5,"minecraft:furnace":1,"minecraft:blast_furnace":1,"minecraft:ladder":33,"minecraft:stone_pickaxe":1,"minecraft:diamond_boots":1,"iceandfire:armor_silver_metal_boots":1,"minecraft:wheat":351,"biomesoplenty:dead_planks":760,"minecraft:stone_axe":1,"minecraft:acacia_boat":1,"minecraft:bread":117,"minecraft:air":0,"minecraft:jungle_planks":48,"minecraft:gold_nugget":153,"minecraft:wooden_axe":1,"minecraft:iron_shovel":2,"minecraft:acacia_planks":492,"minecraft:torch":4,"minecraft:diamond_chestplate":1},"minecraft:used":{"alexsmobs:emu_egg":1,"minecraft:iron_shovel":507,"minecraft:ladder":28,"minecraft:poppy":2,"minecraft:chest":11,"minecraft:shield":46,"mowziesmobs:umvuthana_mask_bliss":1,"minecraft:carrot":37,"minecraft:tuff":2,"minecraft:obsidian":3,"minecraft:scaffolding":1,"minecraft:furnace":2,"minecraft:potato":12,"minecraft:diamond_boots":1,"epicfight:skillbook":14,"minecraft:diorite":6,"minecraft:stone_pickaxe":132,"minecraft:cactus":1,"minecraft:blackstone":11,"minecraft:wooden_pickaxe":22,"minecraft:sandstone":1,"iceandfire:armor_silver_metal_boots":1,"minecraft:blast_furnace":1,"gamma_beasts:prehnite_armor_helmet":1,"minecraft:crossbow":19,"minecraft:black_bed":3,"morevillagers:gardening_table":2,"minecraft:chiseled_sandstone":1,"scalinghealth:enchanted_heart":1,"minecraft:bread":95,"biomesoplenty:dried_salt":4,"minecraft:diamond_sword":329,"minecraft:chainmail_boots":1,"minecraft:smithing_table":3,"minecraft:andesite":5,"minecraft:oak_fence":3,"minecraft:trident":165,"biomesoplenty:cut_orange_sandstone":228,"minecraft:stone_sword":128,"minecraft:stone_shovel":562,"create:veridium":2,"minecraft:spruce_planks":2,"gamma_beasts:green_apple":3,"minecraft:sandstone_wall":1,"minecraft:netherrack":199,"minecraft:torch":19,"scalinghealth:heart_crystal":5,"alexsmobs:cooked_kangaroo_meat":1,"minecraft:diamond_helmet":1,"biomesoplenty:dead_boat":1,"minecraft:granite":1,"minecraft:wooden_axe":1,"minecraft:iron_axe":206,"minecraft:acacia_slab":344,"minecraft:smooth_sandstone":3,"biomesoplenty:orange_sandstone_slab":119,"biomesoplenty:orange_sand":586,"minecraft:iron_boots":2,"minecraft:diamond_chestplate":1,"minecraft:basalt":69,"biomesoplenty:orange_sandstone":3,"minecraft:golden_carrot":33,"minecraft:soul_soil":2,"minecraft:cobbled_deepslate":9,"minecraft:acacia_planks":62,"minecraft:golden_axe":16,"minecraft:iron_leggings":1,"minecraft:acacia_boat":1,"minecraft:nether_brick_wall":1,"minecraft:sandstone_stairs":1,"minecraft:polished_andesite":3,"minecraft:cut_sandstone":3,"minecraft:polished_blackstone_bricks":42,"minecraft:crafting_table":8,"minecraft:cracked_polished_blackstone_bricks":27,"minecraft:iron_pickaxe":1212,"iceandfire:graveyard_soil":2,"minecraft:stone_axe":132,"minecraft:cobblestone":390,"minecraft:sandstone_slab":2,"alexsmobs:animal_dictionary":2,"minecraft:diamond_leggings":1,"minecraft:smooth_stone":4},"minecraft:broken":{"minecraft:iron_shovel":2,"epicfight:stray_pants":1,"minecraft:stone_pickaxe":1,"minecraft:stone_shovel":4,"minecraft:golden_axe":1,"minecraft:iron_pickaxe":4},"minecraft:killed_by":{"alexsmobs:straddler":1,"minecraft:warden":2,"minecraft:skeleton":1},"minecraft:mined":{"iceandfire:graveyard_soil":1,"minecraft:sculk_vein":3,"minecraft:jungle_leaves":1,"minecraft:acacia_log":6,"minecraft:grass_block":4,"minecraft:cracked_polished_blackstone_bricks":36,"minecraft:soul_soil":2,"biomesoplenty:dried_salt":53,"biomesoplenty:orange_sandstone":160,"minecraft:hopper":6,"minecraft:sandstone_stairs":1,"minecraft:spawner":1,"minecraft:smooth_stone":4,"minecraft:polished_blackstone_bricks":51,"minecraft:iron_ore":61,"minecraft:cobbled_deepslate":2,"minecraft:fire":14,"minecraft:fletching_table":1,"iceandfire:gold_pile":4,"biomesoplenty:cut_orange_sandstone":20,"minecraft:iron_block":1,"create:veridium":3,"biomesoplenty:orange_sandstone_slab":28,"minecraft:sandstone_slab":2,"minecraft:cut_sandstone":3,"minecraft:blackstone":11,"minecraft:torch":8,"minecraft:poppy":3,"minecraft:chest":7,"minecraft:dead_bush":1,"minecraft:nether_quartz_ore":1,"minecraft:cobblestone":60,"minecraft:wall_torch":6,"minecraft:jungle_wood":19,"minecraft:wheat":6,"biomesoplenty:large_rose_quartz_bud":5,"minecraft:black_bed":3,"minecraft:grass":4,"biomesoplenty:dead_log":8,"minecraft:oak_log":10,"minecraft:beetroots":20,"minecraft:dirt":3,"minecraft:sandstone_wall":5,"minecraft:netherrack":212,"minecraft:oak_leaves":4,"minecraft:deepslate":6,"create:zinc_ore":4,"minecraft:tuff":2,"iceandfire:silver_ore":3,"minecraft:nether_brick_wall":1,"biomesoplenty:desert_grass":23,"morevillagers:gardening_table":2,"minecraft:acacia_slab":12,"minecraft:sandstone":1,"biomesoplenty:dune_grass":34,"minecraft:hay_block":40,"minecraft:furnace":2,"minecraft:carrots":5,"minecraft:chiseled_sandstone":1,"gamma_beasts:prehnite_ore":11,"minecraft:andesite":5,"treechop:chopped_log":22,"minecraft:gold_block":19,"minecraft:nether_brick_fence":2,"minecraft:potatoes":30,"minecraft:deepslate_iron_ore":38,"minecraft:vine":10,"minecraft:stripped_oak_log":4,"minecraft:stone":329,"biomesoplenty:rose_quartz_cluster":2,"minecraft:bone_block":26,"scalinghealth:heart_crystal_ore":3,"minecraft:smithing_table":4,"minecraft:acacia_leaves":1,"minecraft:scaffolding":1,"minecraft:glass_pane":1,"biomesoplenty:orange_sand":1076,"minecraft:basalt":83,"minecraft:smooth_sandstone":3,"minecraft:crafting_table":5,"minecraft:sculk_sensor":1,"biomesoplenty:sprout":10,"minecraft:lapis_ore":11,"minecraft:sculk":5,"minecraft:diorite":8,"biomesoplenty:dead_branch":1,"minecraft:coal_ore":54,"minecraft:gravel":3,"minecraft:acacia_planks":2,"minecraft:polished_andesite":3,"minecraft:fern":13},"minecraft:picked_up":{"gamma_beasts:thin_oak_log":18,"minecraft:wheat":24,"minecraft:chainmail_boots":1,"minecraft:nether_brick_fence":2,"biomesoplenty:dead_boat":1,"minecraft:smithing_table":4,"minecraft:lead":2,"minecraft:stone_brick_stairs":3,"minecraft:golden_sword":1,"iceandfire:manuscript":17,"minecraft:string":2,"minecraft:soul_soil":2,"minecraft:iron_leggings":1,"biomesoplenty:dead_sapling":17,"minecraft:beetroot":20,"alexsmobs:dropbear_claw":2,"minecraft:cobbled_deepslate":9,"minecraft:gold_nugget":47,"minecraft:smooth_stone":4,"minecraft:spruce_planks":9,"minecraft:eye_armor_trim_smithing_template":2,"minecraft:iron_pickaxe":1,"minecraft:furnace":2,"minecraft:iron_boots":2,"iceandfire:ghost_chest":1,"minecraft:stick":32,"apotheosis:gem":12,"mowziesmobs:sol_visage":1,"minecraft:torch":17,"minecraft:acacia_log":125,"minecraft:sandstone_wall":5,"epicfight:skillbook":5,"minecraft:golden_axe":2,"minecraft:diorite":11,"minecraft:yellow_banner":1,"minecraft:stone_sword":2,"minecraft:cactus":55,"minecraft:rotten_flesh":17,"biomesoplenty:rose_quartz_chunk":5,"biomesoplenty:palm_log":11,"minecraft:iron_block":1,"create:veridium":3,"alexsmobs:emu_egg":3,"gamma_beasts:coal_nugget":17,"minecraft:blaze_rod":5,"biomesoplenty:orange_sandstone_slab":41,"minecraft:cobblestone":384,"minecraft:feather":10,"minecraft:magma_cream":1,"biomesoplenty:dried_salt":53,"minecraft:andesite":5,"minecraft:black_bed":3,"minecraft:golden_leggings":3,"minecraft:jungle_wood":13,"gamma_beasts:prehnite":11,"minecraft:potato":79,"biomesoplenty:dead_log":231,"minecraft:tuff":2,"create:raw_zinc":4,"gamma_beasts:oak_leaf":45,"alexsmobs:cooked_kangaroo_meat":1,"minecraft:lapis_lazuli":75,"minecraft:dirt":7,"minecraft:bone":31,"minecraft:acacia_planks":20,"minecraft:bow":1,"minecraft:wheat_seeds":16,"biomesoplenty:palm_sapling":3,"minecraft:fletching_table":1,"scalinghealth:enchanted_heart":1,"minecraft:chiseled_sandstone":1,"minecraft:polished_andesite":3,"artifacts:crystal_heart":2,"waystones:waystone":1,"minecraft:cracked_polished_blackstone_bricks":35,"minecraft:granite":1,"minecraft:oak_sapling":1,"minecraft:netherrack":204,"iceandfire:raw_silver":3,"minecraft:diamond_pickaxe":1,"sophisticatedbackpacks:gold_backpack":3,"minecraft:cocoa_beans":3,"minecraft:crafting_table":5,"minecraft:sandstone_slab":2,"iceandfire:witherbone":3,"minecraft:ladder":1,"minecraft:clay_ball":1,"minecraft:turtle_helmet":1,"minecraft:wooden_pickaxe":1,"minecraft:stone_brick_wall":3,"biomesoplenty:cut_orange_sandstone":20,"minecraft:gold_block":18,"minecraft:shield":1,"epicfight:stray_pants":1,"minecraft:cornflower":1,"minecraft:red_bed":2,"minecraft:iron_axe":1,"minecraft:item_frame":1,"minecraft:iron_shovel":2,"minecraft:compass":2,"minecraft:blackstone":11,"iceandfire:graveyard_soil":6,"morevillagers:gardening_table":4,"minecraft:poppy":4,"minecraft:chest":9,"minecraft:sugar_cane":25,"minecraft:spruce_trapdoor":1,"minecraft:raw_iron":99,"minecraft:sandstone":2,"sophisticatedbackpacks:backpack":2,"minecraft:polished_blackstone_bricks":50,"minecraft:trident":2,"minecraft:carrot":20,"mowziesmobs:umvuthana_mask_faith":1,"iceandfire:silver_ingot":4,"minecraft:arrow":21,"minecraft:beetroot_seeds":46,"biomesoplenty:orange_sandstone":160,"minecraft:hay_block":42,"minecraft:sandstone_stairs":1,"mowziesmobs:umvuthana_mask_bliss":1,"minecraft:saddle":1,"minecraft:gold_ingot":1,"minecraft:nether_brick_wall":1,"biomesoplenty:orange_sand":1076,"minecraft:bone_block":23,"minecraft:stripped_oak_log":5,"minecraft:basalt":69,"minecraft:cut_sandstone":3,"minecraft:leather":2,"alexsmobs:acacia_blossom":1,"alexsmobs:skreecher_soul":1,"gamma_beasts:green_apple":37,"minecraft:oak_log":11,"iceandfire:ectoplasm":6,"minecraft:gunpowder":3,"scalinghealth:heart_crystal":5,"minecraft:smooth_sandstone":3,"minecraft:iron_ingot":6,"minecraft:acacia_sapling":12,"minecraft:green_dye":2,"minecraft:scaffolding":1,"scalinghealth:heart_crystal_shard":3,"minecraft:quartz":1,"minecraft:gravel":3,"minecraft:lava_bucket":1,"minecraft:spider_eye":2,"alexsmobs:raw_catfish":2,"minecraft:stone_axe":2,"minecraft:iron_helmet":1,"minecraft:acacia_slab":15,"minecraft:coal":56,"minecraft:hopper":6},"minecraft:dropped":{"biomesoplenty:rose_quartz_chunk":5,"minecraft:fletching_table":1,"iceandfire:ectoplasm":2,"minecraft:saddle":1,"sophisticatedbackpacks:gold_backpack":2,"minecraft:dirt":7,"minecraft:red_bed":1,"minecraft:bone":21,"minecraft:gravel":3,"alexsmobs:skreecher_soul":1,"minecraft:stone_axe":3,"minecraft:compass":1,"alexsmobs:animal_dictionary":1,"minecraft:wheat":15,"minecraft:oak_planks":4,"patchouli:guide_book":1,"iceandfire:ghost_chest":1,"minecraft:trident":1,"minecraft:gunpowder":2,"minecraft:beetroot_seeds":46,"apotheosis:gem":2,"minecraft:acacia_sapling":2,"minecraft:yellow_banner":1,"minecraft:arrow":3,"minecraft:quartz":1,"iceandfire:manuscript":8,"minecraft:bread":19,"minecraft:wheat_seeds":15,"morevillagers:gardening_table":1,"minecraft:spectral_arrow":1,"minecraft:coal":27,"minecraft:lava_bucket":1,"mowziesmobs:sol_visage":1,"minecraft:diorite":2,"minecraft:green_dye":1,"minecraft:wooden_axe":1,"minecraft:cactus":27,"minecraft:iron_shovel":1,"alexsmobs:acacia_blossom":1,"minecraft:stone_sword":2,"minecraft:cocoa_beans":3,"minecraft:iron_boots":1,"minecraft:stripped_oak_log":1,"sophisticatedbackpacks:backpack":1,"gamma_beasts:green_apple":12,"biomesoplenty:dead_sapling":15,"minecraft:hay_block":1,"minecraft:shield":1,"minecraft:diamond_pickaxe":1,"minecraft:golden_leggings":1,"minecraft:oak_sapling":1,"minecraft:wooden_pickaxe":2,"epicfight:skillbook":1},"minecraft:killed":{"minecraft:spider":7,"minecraft:skeleton":9,"mowziesmobs:umvuthana_crane":1,"minecraft:piglin_brute":6,"alexsmobs:kangaroo":1,"minecraft:magma_cube":10,"minecraft:piglin":5,"minecraft:zombie_villager":1,"minecraft:iron_golem":1,"alexsmobs:stradpole":1,"minecraft:creeper":2,"minecraft:trader_llama":2,"minecraft:zombie":7,"minecraft:ghast":1,"minecraft:blaze":7,"alexsmobs:dropbear":3,"alexsmobs:tasmanian_devil":1,"minecraft:drowned":5,"alexsmobs:skreecher":1,"mowziesmobs:umvuthana":3,"minecraft:husk":9,"minecraft:wandering_trader":1,"alexsmobs:catfish":1,"iceandfire:ghost":3,"minecraft:wither_skeleton":3,"minecraft:villager":1}},"DataVersion":3465}