{"stats":{"minecraft:broken":{"minecraft:wooden_shovel":1,"minecraft:stone_pickaxe":1},"minecraft:custom":{"minecraft:mob_kills":60,"minecraft:interact_with_crafting_table":29,"minecraft:leave_game":1,"minecraft:time_since_death":10391,"minecraft:climb_one_cm":19090,"minecraft:sprint_one_cm":1107300,"minecraft:walk_one_cm":1060091,"minecraft:drop":29,"minecraft:damage_dealt_absorbed":164,"minecraft:talked_to_villager":1,"minecraft:play_time":196623,"minecraft:sneak_time":1845,"minecraft:deaths":6,"minecraft:walk_under_water_one_cm":42743,"minecraft:boat_one_cm":335966,"minecraft:jump":3983,"minecraft:walk_on_water_one_cm":116637,"minecraft:total_world_time":196623,"minecraft:interact_with_furnace":9,"minecraft:sleep_in_bed":4,"minecraft:time_since_rest":8776,"minecraft:waystone_activated":2,"minecraft:damage_taken":4383,"minecraft:damage_absorbed":120,"minecraft:trigger_trapped_chest":3,"minecraft:damage_dealt":13537,"minecraft:swim_one_cm":345579,"minecraft:fly_one_cm":1477885,"minecraft:open_chest":24,"minecraft:crouch_one_cm":10180,"minecraft:fall_one_cm":92908},"minecraft:killed":{"alexsmobs:lobster":2,"minecraft:spider":5,"minecraft:zoglin":1,"minecraft:skeleton":10,"gamma_beasts:shecko_a":1,"minecraft:chicken":1,"alexsmobs:flying_fish":2,"minecraft:pig":7,"gamma_beasts:careyatros_a":1,"minecraft:wandering_trader":1,"minecraft:sheep":3,"minecraft:trader_llama":2,"minecraft:pillager":1,"minecraft:zombie":15,"iceandfire:ghost":2,"gamma_beasts:shecko_c":1,"alexsmobs:crow":1,"minecraft:enderman":1,"minecraft:cow":2},"minecraft:mined":{"minecraft:dark_prismarine_stairs":6,"minecraft:mossy_cobblestone":8,"minecraft:jungle_leaves":2,"minecraft:grass_block":4,"minecraft:jungle_log":7,"alexsmobs:leafcutter_ant_chamber":3,"minecraft:kelp":6,"minecraft:oxeye_daisy":1,"minecraft:sandstone":1,"minecraft:large_fern":1,"iceandfire:gold_pile":4,"minecraft:vine":4,"minecraft:iron_bars":2,"minecraft:stone":52,"biomesoplenty:redwood_planks":9,"minecraft:red_bed":1,"minecraft:kelp_plant":17,"minecraft:crafting_table":2,"minecraft:torch":13,"minecraft:poppy":3,"minecraft:melon":24,"iceandfire:ghost_chest":2,"minecraft:rose_bush":2,"minecraft:tall_grass":1,"minecraft:sugar_cane":3,"minecraft:wall_torch":3,"minecraft:seagrass":1,"biomesoplenty:redwood_slab":1,"minecraft:coarse_dirt":3,"minecraft:grass":17,"minecraft:oak_log":3,"minecraft:coal_ore":9,"minecraft:sand":125,"minecraft:dirt":21,"minecraft:cobweb":2,"minecraft:stone_bricks":126,"biomesoplenty:redwood_wood":65,"minecraft:oak_leaves":5,"minecraft:fern":11},"minecraft:dropped":{"minecraft:wheat_seeds":1,"minecraft:feather":1,"sophisticatedbackpacks:gold_backpack":1,"minecraft:oxeye_daisy":1,"minecraft:dirt":2,"minecraft:ink_sac":2,"minecraft:mutton":2,"gamma_beasts:fried_egg":1,"minecraft:rose_bush":1,"minecraft:pumpkin":1,"minecraft:string":1,"minecraft:sugar_cane":1,"minecraft:chicken":1,"minecraft:rotten_flesh":10,"minecraft:cooked_mutton":2,"iceandfire:ghost_chest":1},"minecraft:killed_by":{"minecraft:wither_skeleton":1,"alexsmobs:leafcutter_ant":1,"iceandfire:ghost":3,"iceandfire:fire_dragon":1},"minecraft:picked_up":{"biomesoplenty:redwood_log":4,"sophisticatedbackpacks:gold_backpack":1,"minecraft:crafting_table":2,"minecraft:coarse_dirt":3,"minecraft:chicken":2,"gamma_beasts:fur":2,"minecraft:lead":3,"minecraft:enchanted_book":1,"iceandfire:manuscript":8,"minecraft:string":6,"minecraft:red_bed":1,"iceandfire:graveyard_soil":4,"minecraft:cracked_stone_bricks":1,"biomesoplenty:redwood_slab":1,"minecraft:gold_nugget":81,"minecraft:dark_prismarine_stairs":6,"minecraft:beef":2,"minecraft:oak_boat":1,"minecraft:rose_bush":1,"minecraft:poppy":3,"minecraft:sugar_cane":8,"biomesoplenty:redwood_wood":74,"minecraft:melon_slice":117,"alexsmobs:leafcutter_ant_chamber":1,"iceandfire:pixie_dust":1,"minecraft:stick":4,"minecraft:sandstone":1,"iceandfire:ghost_chest":3,"minecraft:copper_ingot":2,"minecraft:torch":16,"sophisticatedbackpacks:backpack":2,"minecraft:porkchop":17,"gamma_beasts:fried_egg":1,"minecraft:redstone":2,"alexsmobs:leafcutter_ant_pupa":2,"biomesoplenty:redwood_planks":9,"iceandfire:silver_ingot":7,"minecraft:arrow":11,"minecraft:rotten_flesh":22,"gamma_beasts:coal_nugget":3,"biomesoplenty:redwood_sapling":3,"minecraft:mutton":4,"minecraft:iron_bars":2,"alexsmobs:flying_fish":2,"minecraft:skeleton_skull":2,"minecraft:white_wool":2,"minecraft:cobblestone":55,"minecraft:oxeye_daisy":1,"minecraft:jungle_boat":1,"minecraft:feather":3,"minecraft:jungle_log":7,"minecraft:leather":2,"minecraft:lily_pad":1,"minecraft:oak_log":3,"scalinghealth:bandages":1,"iceandfire:ectoplasm":2,"scalinghealth:heart_crystal":1,"minecraft:gunpowder":2,"cataclysm:coral_spear":1,"minecraft:dirt":26,"minecraft:bone":16,"minecraft:stone_bricks":141,"minecraft:kelp":137,"minecraft:bow":1,"minecraft:wheat_seeds":2,"minecraft:iron_ingot":9,"minecraft:sand":125,"minecraft:ink_sac":2,"minecraft:spider_eye":1,"minecraft:mossy_cobblestone":8,"minecraft:gray_wool":1,"gamma_beasts:salmon_steak":3,"alexsmobs:maggot":1,"minecraft:oak_sapling":1,"minecraft:coal":9},"minecraft:used":{"minecraft:stone_sword":92,"minecraft:iron_bars":2,"biomesoplenty:redwood_planks":73,"minecraft:chest":2,"minecraft:iron_sword":206,"minecraft:wooden_shovel":59,"minecraft:torch":24,"minecraft:mutton":13,"minecraft:dirt":21,"minecraft:glass":8,"iceandfire:ghost_chest":1,"iceandfire:blindfold":4,"minecraft:stone_bricks":105,"minecraft:bow":7,"minecraft:beef":1,"cataclysm:coral_spear":1,"minecraft:skeleton_skull":1,"minecraft:cooked_beef":4,"biomesoplenty:redwood_slab":75,"minecraft:dark_prismarine_stairs":2,"minecraft:stone_pickaxe":128,"minecraft:wooden_pickaxe":9,"minecraft:sandstone":14,"minecraft:jungle_boat":2,"minecraft:mossy_cobblestone":7,"minecraft:sand":65,"minecraft:crafting_table":6,"minecraft:red_bed":2,"gamma_beasts:salmon_steak":3,"alexsmobs:flying_fish":2,"gamma_beasts:fried_egg":1,"iceandfire:ambrosia":1,"minecraft:chicken":1,"minecraft:iron_pickaxe":89,"minecraft:melon_slice":114,"minecraft:stone_axe":75,"minecraft:wooden_sword":9,"minecraft:cobblestone":39,"minecraft:porkchop":12,"minecraft:oak_boat":1,"alexsmobs:leafcutter_ant_chamber":1,"minecraft:coarse_dirt":2},"minecraft:crafted":{"minecraft:wooden_sword":1,"minecraft:oak_planks":12,"biomesoplenty:redwood_slab":78,"minecraft:cooked_mutton":1,"minecraft:glass":8,"minecraft:stone_pickaxe":1,"minecraft:chest":2,"iceandfire:ambrosia":1,"sophisticatedbackpacks:iron_backpack":1,"minecraft:cooked_beef":4,"minecraft:red_dye":3,"minecraft:wooden_shovel":1,"minecraft:crafting_table":4,"iceandfire:blindfold":1,"minecraft:jungle_boat":1,"biomesoplenty:redwood_planks":304,"minecraft:wooden_pickaxe":1,"minecraft:iron_sword":1,"minecraft:bowl":4,"minecraft:red_bed":1,"minecraft:red_wool":3,"minecraft:stone_axe":3,"minecraft:jungle_planks":28,"minecraft:oak_boat":1,"minecraft:charcoal":6,"minecraft:stick":20,"minecraft:iron_ingot":2,"minecraft:iron_pickaxe":1,"minecraft:stone_sword":1,"minecraft:sandstone":13,"minecraft:torch":8}},"DataVersion":3465}