{"stats":{"minecraft:killed":{"minecraft:pig":2,"minecraft:zoglin":1,"minecraft:sheep":2,"minecraft:skeleton":2,"minecraft:zombie":5,"iceandfire:ghost":1,"alexsmobs:flying_fish":1,"minecraft:cow":1},"minecraft:picked_up":{"minecraft:crafting_table":2,"minecraft:jungle_boat":1,"minecraft:feather":1,"minecraft:chicken":1,"minecraft:jungle_log":7,"minecraft:dirt":12,"minecraft:bone":1,"minecraft:kelp":137,"minecraft:gold_nugget":1,"minecraft:beef":1,"minecraft:rose_bush":1,"minecraft:melon_slice":53,"minecraft:sugar_cane":3,"minecraft:torch":8,"minecraft:porkchop":6,"minecraft:ink_sac":2,"minecraft:arrow":1,"minecraft:rotten_flesh":10,"minecraft:gray_wool":1,"gamma_beasts:coal_nugget":3,"minecraft:white_wool":1,"minecraft:mutton":3,"minecraft:coal":9,"alexsmobs:flying_fish":1,"minecraft:cobblestone":40,"minecraft:oxeye_daisy":1},"minecraft:used":{"minecraft:stone_sword":78,"minecraft:stone_pickaxe":40,"minecraft:wooden_pickaxe":9,"minecraft:jungle_boat":1,"minecraft:torch":10,"minecraft:dirt":8,"minecraft:crafting_table":2,"alexsmobs:flying_fish":1,"minecraft:chicken":1,"minecraft:melon_slice":38,"minecraft:wooden_sword":9,"minecraft:porkchop":6},"minecraft:crafted":{"minecraft:wooden_sword":1,"minecraft:crafting_table":1,"minecraft:jungle_boat":1,"minecraft:wooden_pickaxe":1,"minecraft:jungle_planks":28,"minecraft:charcoal":6,"minecraft:stick":8,"minecraft:iron_ingot":2,"minecraft:stone_pickaxe":1,"minecraft:stone_sword":1,"minecraft:torch":4},"minecraft:killed_by":{"minecraft:wither_skeleton":1,"iceandfire:ghost":2},"minecraft:dropped":{"minecraft:rotten_flesh":3},"minecraft:mined":{"minecraft:kelp_plant":17,"minecraft:jungle_leaves":2,"minecraft:crafting_table":2,"minecraft:torch":7,"minecraft:grass_block":4,"minecraft:melon":12,"minecraft:jungle_log":7,"minecraft:rose_bush":2,"minecraft:tall_grass":1,"minecraft:kelp":6,"minecraft:sugar_cane":1,"minecraft:oxeye_daisy":1,"minecraft:wall_torch":1,"minecraft:seagrass":1,"minecraft:grass":13,"minecraft:coal_ore":9,"minecraft:vine":2,"minecraft:dirt":8,"minecraft:stone":40,"minecraft:oak_leaves":3,"minecraft:fern":8},"minecraft:custom":{"minecraft:interact_with_furnace":4,"minecraft:mob_kills":15,"minecraft:interact_with_crafting_table":7,"minecraft:time_since_death":1488,"minecraft:climb_one_cm":12178,"minecraft:time_since_rest":1545,"minecraft:sprint_one_cm":327392,"minecraft:damage_taken":1602,"minecraft:walk_one_cm":237704,"minecraft:trigger_trapped_chest":2,"minecraft:drop":3,"minecraft:damage_dealt":2941,"minecraft:damage_dealt_absorbed":40,"minecraft:swim_one_cm":202505,"minecraft:fly_one_cm":379329,"minecraft:open_chest":2,"minecraft:crouch_one_cm":876,"minecraft:play_time":60377,"minecraft:deaths":3,"minecraft:sneak_time":185,"minecraft:walk_under_water_one_cm":21623,"minecraft:boat_one_cm":173606,"minecraft:jump":1135,"minecraft:walk_on_water_one_cm":59042,"minecraft:total_world_time":60377,"minecraft:fall_one_cm":17013}},"DataVersion":3465}