{"stats":{"minecraft:broken":{"iceandfire:armor_bronze_boots":1,"minecraft:golden_sword":1,"iceandfire:armor_bronze_chestplate":1,"minecraft:iron_sword":2,"minecraft:chainmail_leggings":1,"aether:iron_gloves":1,"minecraft:iron_pickaxe":1,"minecraft:iron_helmet":1},"minecraft:picked_up":{"minecraft:wheat":6,"earthmobsmod:fancy_egg":2,"minecraft:oak_stairs":1,"minecraft:brown_bed":1,"minecraft:enchanted_book":1,"minecraft:stone_brick_stairs":1,"tombstone:grave_key":1,"minecraft:golden_sword":2,"iceandfire:manuscript":2,"minecraft:string":21,"minecraft:raw_copper":2,"minecraft:smooth_stone_slab":1,"minecraft:cobbled_deepslate":2,"minecraft:smooth_stone":1,"minecraft:gold_nugget":3,"earthmobsmod:duck_egg":1,"minecraft:bucket":1,"minecraft:spruce_planks":1,"minecraft:rose_bush":1,"minecraft:wooden_shovel":1,"iceandfire:armor_bronze_boots":1,"minecraft:stick":1,"minecraft:oak_fence":1,"minecraft:torch":11,"minecraft:porkchop":7,"iceandfire:armor_bronze_chestplate":1,"minecraft:pointed_dripstone":5,"tombstone:grave_dust":25,"minecraft:diorite":1,"minecraft:green_terracotta":18,"iceandfire:lightning_lily":1,"minecraft:rotten_flesh":42,"luminousworld:yellow_grassflowers":1,"minecraft:polished_basalt":1,"iceandfire:fire_dragon_heart":1,"supplementaries:ash":14,"undead_revamp2:arapholia":2,"minecraft:cobblestone":63,"minecraft:birch_log":13,"minecraft:cooked_beef":8,"minecraft:feather":4,"minecraft:brown_wool":1,"supplementaries:flax_seeds":4,"iceandfire:dragonscales_bronze":14,"minecraft:dirt":35,"minecraft:lantern":1,"minecraft:bone":101,"minecraft:bow":1,"minecraft:gray_terracotta":21,"minecraft:wheat_seeds":17,"minecraft:mossy_stone_bricks":5,"minecraft:moss_block":11,"minecraft:oak_planks":24,"luminousworld:bass_item":1,"minecraft:black_terracotta":15,"luminousworld:creepberries":17,"naturalist:cattail_fluff":1,"iceandfire:dragon_skull_fire":1,"sophisticatedbackpacks:iron_backpack":1,"minecraft:dark_oak_log":1,"minecraft:chiseled_sandstone":5,"alexsmobs:animal_dictionary":1,"naturalist:duck_egg":2,"minecraft:bundle":3,"minecraft:granite":8,"minecraft:emerald":9,"minecraft:bread":3,"minecraft:oak_sapling":1,"minecraft:netherrack":64,"minecraft:mud":1,"minecraft:crafting_table":4,"minecraft:clay_ball":4,"minecraft:chicken":6,"born_in_chaos_v1:river_mint":3,"friendsandfoes:totem_of_illusion":1,"minecraft:shield":1,"aether:leather_gloves":6,"minecraft:iron_axe":2,"minecraft:item_frame":1,"minecraft:iron_shovel":1,"minecraft:cyan_carpet":9,"minecraft:cracked_stone_bricks":4,"iceandfire:bestiary":1,"minecraft:beef":10,"minecraft:cyan_wool":7,"naturalist:catfish":5,"minecraft:sugar_cane":9,"minecraft:egg":2,"minecraft:raw_iron":12,"iceandfire:dragonbone":9,"naturalist:duck":1,"minecraft:copper_ingot":10,"minecraft:stone_button":1,"born_in_chaos_v1:pieceofdarkmetal":1,"minecraft:smooth_sandstone_slab":3,"iceandfire:silver_ingot":4,"minecraft:arrow":11,"minecraft:weeping_vines":1,"minecraft:hay_block":48,"minecraft:skeleton_skull":3,"born_in_chaos_v1:fused_bone":4,"born_in_chaos_v1:corpse_maggot":8,"minecraft:air":72,"minecraft:mud_bricks":28,"minecraft:basalt":24,"born_in_chaos_v1:monster_flesh":1,"minecraft:salmon":1,"minecraft:cut_sandstone":10,"minecraft:leather":7,"minecraft:packed_mud":11,"minecraft:oak_log":18,"minecraft:chainmail_chestplate":1,"iceandfire:ectoplasm":2,"minecraft:yellow_bed":4,"minecraft:gunpowder":1,"minecraft:paper":1,"minecraft:white_banner":1,"naturalist:bass":3,"minecraft:smooth_sandstone":7,"minecraft:apple":1,"minecraft:spruce_wood":30,"earthmobsmod:fancy_feather":1,"minecraft:iron_ingot":1,"minecraft:cooked_chicken":3,"tombstone:bag_of_seeds":1,"minecraft:iron_sword":3,"iceandfire:fire_dragon_flesh":2,"sophisticatedbackpacks:diamond_backpack":1,"minecraft:book":39,"iceandfire:ash":3,"born_in_chaos_v1:ethereal_spirit":2,"minecraft:dripstone_block":8,"minecraft:white_bed":4,"minecraft:spruce_door":1,"illagerinvasion:illusionary_dust":1,"minecraft:spider_eye":4,"alexsmobs:raw_catfish":10,"minecraft:slime_ball":7,"minecraft:chainmail_leggings":2,"minecraft:iron_helmet":3,"tombstone:magic_scroll":2,"minecraft:black_wool":3,"minecraft:mangrove_propagule":1,"minecraft:coal":76,"minecraft:sunflower":5},"minecraft:used":{"minecraft:moss_block":11,"minecraft:shield":97,"minecraft:iron_sword":543,"luminousworld:bass_item":1,"minecraft:rotten_flesh":3,"minecraft:green_terracotta":18,"minecraft:iron_chestplate":1,"minecraft:cyan_wool":7,"iceandfire:lightning_lily":1,"friendsandfoes:totem_of_illusion":1,"minecraft:lantern":1,"minecraft:packed_mud":11,"minecraft:stone_brick_stairs":1,"minecraft:golden_sword":12,"minecraft:bow":89,"minecraft:egg":2,"minecraft:potato":30,"iceandfire:armor_bronze_boots":1,"alexsmobs:raw_catfish":7,"minecraft:mossy_stone_bricks":2,"minecraft:diorite":1,"minecraft:spruce_door":1,"minecraft:oak_planks":44,"minecraft:ender_pearl":2,"minecraft:golden_apple":1,"minecraft:dripstone_block":6,"minecraft:black_terracotta":15,"luminousworld:creepberries":4,"earthmobsmod:duck_egg":1,"minecraft:chiseled_sandstone":4,"minecraft:cyan_carpet":9,"minecraft:stone_button":1,"minecraft:bread":100,"minecraft:brown_wool":1,"minecraft:diamond_sword":677,"minecraft:smooth_stone_slab":1,"minecraft:experience_bottle":1,"minecraft:oak_fence":1,"naturalist:catfish":1,"minecraft:rose_bush":1,"iceandfire:silver_sword":16,"minecraft:spruce_planks":114,"minecraft:cooked_chicken":3,"minecraft:netherrack":59,"minecraft:torch":136,"minecraft:dirt":19,"minecraft:diamond_helmet":1,"minecraft:granite":8,"minecraft:iron_hoe":48,"minecraft:iron_axe":155,"minecraft:oak_stairs":1,"minecraft:smooth_sandstone":7,"minecraft:iron_boots":2,"minecraft:mud_bricks":26,"minecraft:diamond_chestplate":1,"minecraft:basalt":2,"minecraft:beef":2,"tombstone:gift":6,"minecraft:cooked_beef":6,"minecraft:pointed_dripstone":5,"minecraft:brown_bed":1,"minecraft:cooked_mutton":3,"alexsmobs:cooked_catfish":10,"minecraft:cut_sandstone":10,"luminousworld:yellow_grassflowers":1,"minecraft:cracked_stone_bricks":2,"minecraft:crafting_table":7,"minecraft:white_bed":3,"iceandfire:armor_bronze_chestplate":1,"minecraft:oak_log":2,"minecraft:gray_terracotta":21,"minecraft:mud":1,"minecraft:apple":13,"minecraft:sunflower":5,"minecraft:chicken":1,"minecraft:mangrove_propagule":1,"minecraft:iron_pickaxe":457,"minecraft:oak_button":1,"tombstone:magic_scroll":1,"iceandfire:ash":1,"minecraft:cobblestone":57,"minecraft:white_banner":1,"minecraft:porkchop":7,"minecraft:yellow_bed":4,"alexsmobs:animal_dictionary":1,"minecraft:diamond_leggings":1},"minecraft:mined":{"minecraft:spruce_planks":2,"minecraft:white_bed":4,"minecraft:black_terracotta":16,"placeablesmod:cooked_beef_block":1,"minecraft:granite":8,"minecraft:grass_block":14,"minecraft:brown_wool":1,"minecraft:mud_bricks":28,"minecraft:spawner":26,"minecraft:weeping_vines_plant":1,"minecraft:iron_ore":12,"minecraft:fire":5,"minecraft:brown_bed":1,"minecraft:pointed_dripstone":1,"minecraft:spruce_wood":39,"luminousworld:creepbush":19,"minecraft:gray_terracotta":21,"minecraft:cut_sandstone":11,"minecraft:torch":5,"minecraft:melon":5,"minecraft:cobblestone":7,"minecraft:sugar_cane":3,"minecraft:oak_planks":24,"placeablesmod:bread_full_block":1,"minecraft:smooth_sandstone_slab":11,"minecraft:wall_torch":2,"minecraft:seagrass":5,"minecraft:cyan_wool":7,"minecraft:mud":1,"minecraft:birch_log":13,"born_in_chaos_v1:river_mint":2,"minecraft:grass":111,"minecraft:oak_log":18,"minecraft:dirt":5,"luminousworld:grassvariant_3":3,"minecraft:netherrack":79,"minecraft:oak_leaves":4,"minecraft:deepslate":2,"iceandfire:lightning_lily":1,"naturalist:cattail":1,"luminousworld:grassvariant_4":1,"luminousworld:grassvariant_2":13,"minecraft:moss_block":11,"minecraft:large_fern":1,"minecraft:hay_block":48,"minecraft:packed_mud":12,"luminousworld:yellow_grassflowers":1,"minecraft:polished_basalt":2,"minecraft:chiseled_sandstone":5,"minecraft:green_terracotta":18,"minecraft:bookshelf":13,"minecraft:vine":2,"minecraft:stone":53,"minecraft:basalt":13,"minecraft:oak_fence":1,"minecraft:smooth_sandstone":7,"minecraft:crafting_table":4,"luminousworld:savannah_grass_1":1,"minecraft:emerald_ore":3,"minecraft:rose_bush":2,"luminousworld:grassflowers":1,"minecraft:tall_grass":6,"minecraft:lily_pad":1,"minecraft:diorite":1,"supplementaries:urn":5,"naturalist:duckweed":6,"minecraft:birch_leaves":2,"minecraft:mangrove_leaves":1,"minecraft:yellow_bed":4,"minecraft:coal_ore":76,"minecraft:sunflower":7,"minecraft:cyan_carpet":10,"minecraft:dripstone_block":4,"minecraft:cobweb":8,"minecraft:cracked_stone_bricks":2,"minecraft:mossy_stone_bricks":2,"minecraft:fern":27},"minecraft:custom":{"minecraft:interact_with_crafting_table":28,"minecraft:open_barrel":16,"minecraft:leave_game":4,"minecraft:time_since_death":33917,"minecraft:sprint_one_cm":1355134,"minecraft:damage_blocked_by_shield":2485,"minecraft:drop":109,"minecraft:talked_to_villager":4,"minecraft:play_time":375116,"minecraft:deaths":46,"minecraft:jump":6327,"minecraft:interact_with_brewingstand":1,"minecraft:walk_on_water_one_cm":113594,"minecraft:interact_with_furnace":3,"minecraft:sleep_in_bed":10,"minecraft:damage_dealt":41791,"minecraft:crouch_one_cm":39118,"tombstone:undead_killed":152,"minecraft:mob_kills":236,"minecraft:interact_with_campfire":11,"minecraft:damage_dealt_resisted":784,"minecraft:climb_one_cm":14890,"minecraft:walk_one_cm":804558,"minecraft:damage_dealt_absorbed":80,"minecraft:sneak_time":17978,"minecraft:walk_under_water_one_cm":69316,"minecraft:total_world_time":375116,"tombstone:raider_killed":8,"minecraft:time_since_rest":12936,"minecraft:damage_taken":18871,"minecraft:damage_absorbed":39,"minecraft:swim_one_cm":225760,"minecraft:fly_one_cm":1404024,"minecraft:open_chest":190,"minecraft:fall_one_cm":151128},"minecraft:dropped":{"sophisticatedbackpacks:iron_backpack":1,"minecraft:weeping_vines":1,"iceandfire:ectoplasm":2,"minecraft:cracked_stone_bricks":2,"born_in_chaos_v1:pieceofdarkmetal":1,"artifacts:universal_attractor":1,"minecraft:emerald":1,"minecraft:dirt":16,"minecraft:gold_nugget":3,"iceandfire:ash":3,"minecraft:bone":4,"minecraft:sugar_cane":3,"alexsmobs:animal_dictionary":1,"minecraft:rotten_flesh":30,"aether:leather_gloves":6,"minecraft:salmon":1,"sophisticatedbackpacks:diamond_backpack":1,"supplementaries:ash":7,"minecraft:gunpowder":1,"minecraft:skeleton_skull":2,"born_in_chaos_v1:corpse_maggot":4,"iceandfire:bestiary":1,"minecraft:arrow":4,"iceandfire:manuscript":2,"minecraft:iron_ingot":1,"minecraft:enchanted_book":1,"minecraft:bread":20,"minecraft:wheat_seeds":11,"minecraft:feather":4,"minecraft:iron_helmet":3,"minecraft:copper_ingot":1,"minecraft:stick":8,"born_in_chaos_v1:river_mint":2,"tombstone:grave_key":1,"born_in_chaos_v1:fused_bone":2,"tombstone:grave_dust":8,"minecraft:iron_leggings":1,"minecraft:smooth_sandstone_slab":2,"minecraft:iron_axe":1,"minecraft:polished_basalt":1,"minecraft:chainmail_leggings":1,"minecraft:paper":1,"minecraft:string":6,"minecraft:bucket":1,"minecraft:raw_copper":2,"minecraft:clay_ball":4,"minecraft:mud_bricks":2,"minecraft:shield":2,"minecraft:spruce_planks":1,"minecraft:mossy_stone_bricks":3,"iceandfire:silver_ingot":2,"minecraft:oak_sapling":1,"minecraft:slime_ball":3,"minecraft:black_wool":3},"minecraft:crafted":{"minecraft:oak_planks":84,"minecraft:cooked_mutton":3,"minecraft:diamond_helmet":1,"minecraft:diamond_leggings":1,"minecraft:iron_boots":1,"sophisticatedbackpacks:copper_backpack":1,"minecraft:oak_button":1,"alexsmobs:cooked_catfish":7,"sophisticatedbackpacks:backpack":1,"minecraft:crafting_table":4,"minecraft:spruce_planks":120,"minecraft:diamond_pickaxe":1,"minecraft:shield":2,"sophisticatedbackpacks:diamond_backpack":1,"minecraft:stick":44,"quark:oak_chest":1,"minecraft:iron_ingot":9,"iceandfire:silver_sword":1,"iceandfire:dragon_flute":1,"minecraft:iron_axe":1,"minecraft:iron_hoe":1,"minecraft:dark_oak_planks":4,"minecraft:wheat":432,"sophisticatedbackpacks:iron_backpack":1,"minecraft:diamond_sword":1,"minecraft:iron_sword":2,"sophisticatedbackpacks:gold_backpack":1,"minecraft:jungle_planks":8,"minecraft:bread":158,"minecraft:air":0,"minecraft:torch":124},"minecraft:killed":{"illagerinvasion:archivist":1,"luminousworld:miner_zombie":1,"minecraft:cave_spider":7,"born_in_chaos_v1:restless_spirit":1,"enemyexpansion:equestrian":2,"minecraft:spider":3,"undead_revamp2:thesmoker":3,"born_in_chaos_v1:siamese_skeletonsright":1,"undead_revamp2:theswarmer":1,"minecraft:skeleton":95,"minecraft:bee":1,"minecraft:chicken":4,"illagerinvasion:provoker":1,"luminousworld:bass_fish":1,"minecraft:illusioner":1,"minecraft:cat":1,"minecraft:pig":4,"minecraft:zombie_villager":2,"illagerinvasion:alchemist":1,"enemyexpansion:meature":2,"minecraft:zombie":12,"born_in_chaos_v1:dread_hound":1,"born_in_chaos_v1:corpse_fly":5,"born_in_chaos_v1:door_knight":1,"born_in_chaos_v1:siamese_skeletonsleft":1,"undead_revamp2:thehunter":3,"minecraft:vindicator":3,"enemyexpansion:direwolf":2,"naturalist:tortoise":1,"naturalist:duck":1,"born_in_chaos_v1:maggot":12,"luminousworld:swamp_skeleton":4,"iceandfire:fire_dragon":1,"naturalist:bass":2,"earthmobsmod:fancy_chicken":2,"minecraft:drowned":1,"undead_revamp2:sucker":2,"born_in_chaos_v1:barrel_zombie":3,"friendsandfoes:copper_golem":3,"takesapillage:skirmisher":1,"undead_revamp2:the_moonflower":5,"enemyexpansion:sprinter":2,"earthmobsmod:cream_cow":5,"born_in_chaos_v1:decrepit_skeleton":3,"alexsmobs:catfish":3,"born_in_chaos_v1:bloody_gadfly":2,"naturalist:catfish":5,"iceandfire:ghost":2,"luminousworld:swamp_zombie":5,"enemyexpansion:slugger":1},"minecraft:killed_by":{"alexsmobs:capuchin_monkey":1,"enemyexpansion:meature":1,"luminousworld:swamp_skeleton":1,"alexsmobs:crocodile":1,"iceandfire:fire_dragon":8,"minecraft:husk":1,"born_in_chaos_v1:zombie_lumberjack":1,"undead_revamp2:thehunter":2,"minecraft:skeleton":25}},"DataVersion":3465}