{"stats":{"minecraft:broken":{"minecraft:iron_shovel":2,"epicfight:stray_pants":1,"mowziesmobs:umvuthana_mask_faith":1,"minecraft:iron_boots":1,"minecraft:stone_pickaxe":1,"minecraft:stone_shovel":4,"minecraft:golden_axe":1,"minecraft:iron_pickaxe":5},"minecraft:mined":{"iceandfire:graveyard_soil":1,"minecraft:sculk_vein":3,"minecraft:jungle_leaves":1,"minecraft:acacia_log":6,"minecraft:grass_block":4,"minecraft:cracked_polished_blackstone_bricks":36,"minecraft:soul_soil":2,"biomesoplenty:dried_salt":53,"biomesoplenty:orange_sandstone":160,"minecraft:hopper":6,"minecraft:spawner":1,"minecraft:sandstone_stairs":1,"minecraft:smooth_stone":4,"minecraft:polished_blackstone_bricks":51,"minecraft:iron_ore":61,"minecraft:cobbled_deepslate":2,"minecraft:fire":33,"minecraft:fletching_table":1,"minecraft:dark_oak_stairs":1,"twilightforest:canopy_leaves":2,"iceandfire:gold_pile":4,"biomesoplenty:cut_orange_sandstone":20,"minecraft:iron_block":1,"create:veridium":3,"biomesoplenty:orange_sandstone_slab":28,"minecraft:sandstone_slab":2,"minecraft:cut_sandstone":3,"minecraft:blackstone":31,"minecraft:torch":8,"minecraft:poppy":3,"minecraft:chest":8,"minecraft:dead_bush":1,"minecraft:nether_quartz_ore":1,"minecraft:cobblestone":60,"minecraft:wall_torch":6,"minecraft:jungle_wood":19,"minecraft:dark_oak_slab":2,"minecraft:wheat":6,"biomesoplenty:large_rose_quartz_bud":5,"minecraft:black_bed":3,"minecraft:grass":71,"biomesoplenty:dead_log":8,"minecraft:oak_log":10,"minecraft:beetroots":20,"minecraft:dirt":7,"minecraft:sandstone_wall":5,"minecraft:netherrack":243,"minecraft:oak_leaves":4,"minecraft:deepslate":6,"create:zinc_ore":4,"minecraft:tuff":2,"iceandfire:silver_ore":3,"minecraft:nether_brick_wall":1,"biomesoplenty:desert_grass":23,"morevillagers:gardening_table":2,"minecraft:acacia_slab":12,"minecraft:sandstone":1,"biomesoplenty:dune_grass":34,"minecraft:hay_block":42,"minecraft:furnace":2,"minecraft:carrots":5,"minecraft:chiseled_sandstone":1,"gamma_beasts:prehnite_ore":11,"minecraft:andesite":5,"treechop:chopped_log":22,"minecraft:gold_block":19,"minecraft:nether_brick_fence":2,"minecraft:potatoes":30,"biomesoplenty:high_grass":1,"minecraft:deepslate_iron_ore":38,"minecraft:vine":10,"minecraft:stripped_oak_log":4,"minecraft:stone":329,"biomesoplenty:rose_quartz_cluster":2,"minecraft:bone_block":26,"scalinghealth:heart_crystal_ore":3,"minecraft:smithing_table":4,"minecraft:scaffolding":1,"minecraft:acacia_leaves":1,"minecraft:glass_pane":1,"biomesoplenty:orange_sand":1089,"minecraft:basalt":282,"minecraft:smooth_sandstone":3,"minecraft:crafting_table":5,"minecraft:sculk_sensor":1,"biomesoplenty:high_grass_plant":1,"minecraft:tall_grass":5,"biomesoplenty:sprout":10,"minecraft:lapis_ore":11,"twilightforest:mayapple":1,"minecraft:sculk":5,"minecraft:diorite":8,"biomesoplenty:dead_branch":1,"minecraft:trapped_chest":1,"minecraft:coal_ore":54,"minecraft:gravel":3,"minecraft:acacia_planks":2,"minecraft:polished_andesite":3,"minecraft:fern":13},"minecraft:used":{"alexsmobs:emu_egg":1,"minecraft:iron_shovel":507,"minecraft:ladder":28,"minecraft:poppy":2,"minecraft:shield":46,"minecraft:chest":11,"minecraft:rotten_flesh":5,"minecraft:mutton":6,"mowziesmobs:umvuthana_mask_bliss":1,"minecraft:carrot":50,"minecraft:tuff":2,"twilightforest:etched_nagastone":3,"minecraft:obsidian":5,"iceandfire:crackled_gravel":3,"minecraft:red_wool":1,"twilightforest:cooked_venison":3,"minecraft:dark_oak_slab":2,"biomesoplenty:mahogany_sapling":2,"twilightforest:nagastone":1,"minecraft:scaffolding":1,"minecraft:furnace":2,"minecraft:potato":66,"minecraft:diorite":6,"minecraft:diamond_boots":2,"minecraft:dark_oak_stairs":1,"epicfight:skillbook":15,"minecraft:stone_pickaxe":132,"minecraft:cactus":1,"minecraft:blackstone":11,"minecraft:wooden_pickaxe":22,"minecraft:sandstone":1,"iceandfire:armor_silver_metal_boots":1,"minecraft:blast_furnace":1,"minecraft:crossbow":19,"gamma_beasts:prehnite_armor_helmet":1,"iceandfire:dragonbone_sword_lightning":35,"minecraft:black_bed":3,"morevillagers:gardening_table":2,"minecraft:chiseled_sandstone":1,"scalinghealth:enchanted_heart":1,"minecraft:bread":116,"minecraft:brown_wool":2,"biomesoplenty:dried_salt":4,"minecraft:diamond_sword":480,"minecraft:chainmail_boots":1,"minecraft:smithing_table":3,"minecraft:andesite":5,"minecraft:oak_fence":3,"biomesoplenty:cut_orange_sandstone":228,"minecraft:trident":275,"minecraft:stone_sword":128,"minecraft:flint_and_steel":3,"minecraft:stone_shovel":562,"create:veridium":2,"minecraft:spruce_planks":2,"gamma_beasts:green_apple":14,"minecraft:sandstone_wall":1,"minecraft:cooked_chicken":1,"minecraft:netherrack":199,"minecraft:torch":21,"minecraft:dirt":23,"scalinghealth:heart_crystal":8,"alexsmobs:cooked_kangaroo_meat":5,"minecraft:diamond_helmet":3,"minecraft:granite":1,"biomesoplenty:dead_boat":2,"minecraft:wooden_axe":1,"minecraft:iron_axe":211,"minecraft:acacia_slab":344,"minecraft:smooth_sandstone":3,"biomesoplenty:orange_sandstone_slab":119,"biomesoplenty:orange_sand":586,"minecraft:iron_boots":2,"minecraft:diamond_chestplate":2,"biomesoplenty:orange_sandstone":4,"minecraft:basalt":70,"minecraft:golden_carrot":33,"minecraft:soul_soil":2,"minecraft:netherite_pickaxe":2,"scalinghealth:bandages":1,"minecraft:cobbled_deepslate":9,"minecraft:acacia_planks":62,"minecraft:golden_axe":16,"minecraft:iron_leggings":1,"minecraft:cooked_mutton":4,"minecraft:acacia_boat":1,"minecraft:nether_brick_wall":1,"minecraft:sandstone_stairs":1,"minecraft:polished_andesite":3,"minecraft:cut_sandstone":3,"minecraft:polished_blackstone_bricks":42,"biomesoplenty:mahogany_log":1,"minecraft:salmon":4,"minecraft:crafting_table":8,"minecraft:cracked_polished_blackstone_bricks":27,"minecraft:iron_pickaxe":1464,"iceandfire:graveyard_soil":2,"minecraft:stone_axe":132,"scalinghealth:medkit":1,"minecraft:cobblestone":390,"twilightforest:raw_venison":3,"minecraft:porkchop":2,"minecraft:sandstone_slab":2,"alexsmobs:animal_dictionary":2,"minecraft:diamond_leggings":1,"epicfight:uchigatana":65,"minecraft:smooth_stone":4},"minecraft:killed":{"twilightforest:boar":2,"minecraft:spider":8,"minecraft:skeleton":11,"minecraft:bee":1,"minecraft:chicken":3,"mowziesmobs:umvuthana_crane":1,"minecraft:silverfish":3,"minecraft:piglin_brute":6,"alexsmobs:kangaroo":1,"minecraft:magma_cube":10,"minecraft:piglin":5,"minecraft:zombie_villager":1,"minecraft:salmon":4,"minecraft:iron_golem":1,"alexsmobs:stradpole":1,"minecraft:creeper":2,"twilightforest:skeleton_druid":3,"minecraft:trader_llama":2,"minecraft:zombie":13,"minecraft:ghast":3,"iceandfire:lightning_dragon":1,"minecraft:blaze":7,"twilightforest:deer":3,"alexsmobs:dropbear":3,"alexsmobs:tasmanian_devil":1,"minecraft:phantom":1,"twilightforest:swarm_spider":1,"twilightforest:death_tome":1,"minecraft:drowned":5,"alexsmobs:skreecher":1,"mowziesmobs:umvuthana":3,"minecraft:husk":9,"alexsmobs:guster":1,"twilightforest:kobold":1,"minecraft:wandering_trader":1,"alexsmobs:catfish":2,"iceandfire:ghost":7,"minecraft:wither_skeleton":7,"minecraft:villager":1,"twilightforest:bighorn_sheep":7},"minecraft:picked_up":{"gamma_beasts:thin_oak_log":18,"minecraft:iron_chestplate":1,"minecraft:wheat":26,"minecraft:chainmail_boots":1,"minecraft:nether_brick_fence":2,"biomesoplenty:dead_boat":2,"minecraft:smithing_table":4,"minecraft:lead":2,"minecraft:enchanted_book":4,"minecraft:stone_brick_stairs":3,"minecraft:golden_sword":1,"iceandfire:manuscript":17,"minecraft:string":2,"minecraft:soul_soil":2,"minecraft:iron_leggings":2,"minecraft:beetroot":20,"alexsmobs:dropbear_claw":2,"biomesoplenty:dead_sapling":17,"minecraft:cobbled_deepslate":9,"minecraft:gold_nugget":49,"minecraft:smooth_stone":4,"minecraft:spruce_planks":9,"minecraft:eye_armor_trim_smithing_template":2,"minecraft:written_book":1,"minecraft:iron_pickaxe":1,"minecraft:iron_boots":2,"minecraft:furnace":2,"twilightforest:cooked_venison":6,"iceandfire:ghost_chest":1,"minecraft:stick":32,"apotheosis:gem":16,"mowziesmobs:sol_visage":1,"minecraft:torch":19,"minecraft:acacia_log":125,"minecraft:porkchop":2,"minecraft:sandstone_wall":6,"epicfight:skillbook":6,"minecraft:golden_axe":2,"iceandfire:crackled_gravel":3,"iceandfire:lightning_dragon_blood":1,"minecraft:pointed_dripstone":10,"minecraft:diorite":11,"minecraft:yellow_banner":1,"minecraft:stone_sword":2,"minecraft:cactus":55,"minecraft:rotten_flesh":35,"biomesoplenty:rose_quartz_chunk":5,"biomesoplenty:palm_log":11,"biomesoplenty:mahogany_sapling":2,"minecraft:iron_block":1,"create:veridium":3,"alexsmobs:emu_egg":3,"gamma_beasts:coal_nugget":17,"minecraft:blaze_rod":5,"biomesoplenty:orange_sandstone_slab":41,"minecraft:cobblestone":384,"minecraft:birch_slab":1,"minecraft:feather":11,"minecraft:magma_cream":1,"biomesoplenty:dried_salt":53,"minecraft:andesite":5,"minecraft:brown_wool":5,"minecraft:black_bed":3,"minecraft:golden_leggings":3,"minecraft:jungle_wood":13,"gamma_beasts:prehnite":11,"minecraft:potato":79,"biomesoplenty:dead_log":231,"minecraft:tuff":2,"create:raw_zinc":4,"gamma_beasts:oak_leaf":45,"alexsmobs:cooked_kangaroo_meat":5,"minecraft:lapis_lazuli":75,"minecraft:dirt":30,"minecraft:bone":41,"minecraft:acacia_planks":20,"minecraft:bow":2,"minecraft:wheat_seeds":24,"biomesoplenty:palm_sapling":3,"twilightforest:steeleaf_helmet":1,"minecraft:fletching_table":1,"twilightforest:mushgloom":1,"minecraft:ghast_tear":1,"alexsmobs:crocodile_egg":1,"minecraft:sand":2,"scalinghealth:enchanted_heart":1,"minecraft:trapped_chest":1,"minecraft:chiseled_sandstone":3,"twilightforest:mossy_etched_nagastone":1,"minecraft:polished_andesite":4,"minecraft:writable_book":1,"artifacts:crystal_heart":2,"waystones:waystone":1,"minecraft:cracked_polished_blackstone_bricks":35,"minecraft:granite":1,"minecraft:chicken":2,"twilightforest:torchberries":2,"minecraft:oak_sapling":1,"minecraft:netherrack":235,"iceandfire:raw_silver":3,"minecraft:diamond_pickaxe":1,"sophisticatedbackpacks:gold_backpack":3,"minecraft:cocoa_beans":3,"minecraft:crafting_table":5,"minecraft:sandstone_slab":2,"iceandfire:witherbone":8,"minecraft:ladder":1,"minecraft:clay_ball":1,"minecraft:turtle_helmet":2,"minecraft:wooden_pickaxe":1,"biomesoplenty:cut_orange_sandstone":20,"minecraft:stone_brick_wall":3,"minecraft:gold_block":18,"twilightforest:nagastone":1,"minecraft:shield":1,"epicfight:stray_pants":1,"minecraft:cornflower":1,"minecraft:oak_trapdoor":2,"minecraft:red_bed":2,"minecraft:iron_axe":1,"minecraft:compass":2,"minecraft:item_frame":4,"minecraft:iron_shovel":2,"minecraft:blackstone":31,"iceandfire:graveyard_soil":6,"morevillagers:gardening_table":4,"minecraft:netherite_sword":1,"minecraft:light_gray_wool":1,"minecraft:poppy":4,"minecraft:spruce_slab":1,"minecraft:sugar_cane":25,"minecraft:chest":10,"minecraft:spruce_trapdoor":1,"minecraft:raw_iron":99,"minecraft:sandstone":2,"iceandfire:dragonbone":6,"sophisticatedbackpacks:backpack":2,"minecraft:polished_blackstone_bricks":50,"minecraft:trident":2,"minecraft:carrot":20,"alexsmobs:crocodile_scute":2,"mowziesmobs:umvuthana_mask_faith":1,"iceandfire:silver_ingot":4,"minecraft:arrow":27,"twilightforest:mossy_nagastone_stairs_right":1,"minecraft:beetroot_seeds":46,"twilightforest:etched_nagastone":3,"biomesoplenty:orange_sandstone":161,"minecraft:hay_block":44,"minecraft:sandstone_stairs":3,"mowziesmobs:umvuthana_mask_bliss":1,"minecraft:saddle":1,"minecraft:gold_ingot":1,"twilightforest:magic_map_focus":1,"minecraft:mutton":7,"minecraft:nether_brick_wall":1,"minecraft:bone_block":23,"biomesoplenty:orange_sand":1089,"minecraft:stripped_oak_log":5,"minecraft:basalt":272,"minecraft:salmon":4,"minecraft:cut_sandstone":3,"minecraft:leather":7,"alexsmobs:acacia_blossom":1,"alexsmobs:skreecher_soul":1,"minecraft:oak_log":11,"gamma_beasts:green_apple":43,"scalinghealth:bandages":4,"iceandfire:ectoplasm":9,"minecraft:gunpowder":5,"scalinghealth:heart_crystal":9,"minecraft:paper":9,"scalinghealth:medkit":1,"minecraft:cooked_mutton":4,"twilightforest:raw_venison":3,"minecraft:smooth_sandstone":3,"minecraft:iron_ingot":7,"minecraft:cooked_chicken":1,"minecraft:stripped_oak_wood":14,"minecraft:acacia_sapling":12,"minecraft:dark_oak_stairs":1,"minecraft:green_dye":2,"minecraft:book":1,"minecraft:scaffolding":1,"minecraft:oak_slab":6,"scalinghealth:heart_crystal_shard":15,"minecraft:dark_oak_slab":4,"minecraft:red_wool":1,"iceandfire:ash":2,"minecraft:quartz":1,"minecraft:gravel":3,"minecraft:lava_bucket":1,"minecraft:spider_eye":3,"alexsmobs:raw_catfish":2,"biomesoplenty:mahogany_log":7,"minecraft:stone_axe":2,"minecraft:iron_helmet":2,"minecraft:painting":1,"minecraft:acacia_slab":15,"minecraft:coal":59,"minecraft:hopper":6},"minecraft:custom":{"minecraft:interact_with_crafting_table":65,"minecraft:open_barrel":29,"minecraft:leave_game":14,"minecraft:time_since_death":73444,"minecraft:damage_resisted":13,"minecraft:sprint_one_cm":3479787,"minecraft:damage_blocked_by_shield":915,"minecraft:drop":187,"minecraft:talked_to_villager":96,"minecraft:play_time":630164,"minecraft:deaths":10,"minecraft:jump":8119,"minecraft:interact_with_brewingstand":1,"minecraft:walk_on_water_one_cm":99952,"minecraft:interact_with_furnace":31,"minecraft:traded_with_villager":63,"minecraft:sleep_in_bed":2,"minecraft:waystone_activated":1,"minecraft:damage_dealt":41848,"minecraft:crouch_one_cm":95702,"minecraft:horse_one_cm":1016414,"minecraft:interact_with_smithing_table":5,"minecraft:mob_kills":150,"minecraft:inspect_hopper":2,"minecraft:damage_dealt_resisted":178,"minecraft:climb_one_cm":65820,"minecraft:walk_one_cm":4015786,"minecraft:damage_dealt_absorbed":981,"minecraft:sneak_time":20302,"minecraft:walk_under_water_one_cm":41205,"minecraft:boat_one_cm":219386,"minecraft:total_world_time":630164,"minecraft:interact_with_grindstone":4,"minecraft:time_since_rest":73477,"minecraft:damage_taken":16790,"minecraft:trigger_trapped_chest":2,"minecraft:swim_one_cm":199201,"minecraft:fly_one_cm":3235955,"minecraft:open_chest":244,"minecraft:fall_one_cm":336105},"minecraft:dropped":{"minecraft:sandstone_stairs":2,"minecraft:dark_oak_slab":2,"minecraft:leather":5,"iceandfire:ectoplasm":2,"biomesoplenty:rose_quartz_chunk":5,"minecraft:fletching_table":1,"minecraft:saddle":1,"minecraft:birch_slab":1,"sophisticatedbackpacks:gold_backpack":2,"minecraft:dirt":7,"minecraft:red_bed":1,"minecraft:mutton":1,"minecraft:writable_book":1,"minecraft:sand":2,"minecraft:stripped_oak_wood":14,"minecraft:bone":21,"minecraft:gravel":3,"alexsmobs:skreecher_soul":1,"minecraft:stone_axe":3,"minecraft:compass":1,"alexsmobs:animal_dictionary":1,"minecraft:netherite_sword":1,"minecraft:wheat":15,"minecraft:obsidian":4,"minecraft:oak_planks":4,"twilightforest:torchberries":2,"patchouli:guide_book":1,"minecraft:sandstone_wall":1,"iceandfire:ghost_chest":1,"minecraft:trident":1,"minecraft:gunpowder":4,"minecraft:beetroot_seeds":46,"minecraft:stone_brick_wall":3,"apotheosis:gem":3,"minecraft:acacia_sapling":2,"minecraft:yellow_banner":1,"minecraft:spruce_slab":1,"minecraft:arrow":3,"minecraft:ghast_tear":1,"minecraft:stone_brick_stairs":3,"minecraft:quartz":1,"minecraft:written_book":1,"iceandfire:manuscript":8,"minecraft:bread":19,"minecraft:oak_slab":6,"minecraft:wheat_seeds":22,"minecraft:feather":1,"minecraft:spectral_arrow":1,"morevillagers:gardening_table":1,"minecraft:coal":27,"minecraft:polished_andesite":1,"minecraft:lava_bucket":1,"mowziesmobs:sol_visage":1,"biomesoplenty:orange_sand":13,"minecraft:diorite":2,"minecraft:golden_carrot":4,"minecraft:green_dye":1,"minecraft:wooden_axe":1,"minecraft:brown_wool":3,"minecraft:iron_leggings":1,"minecraft:cactus":27,"twilightforest:mushgloom":1,"minecraft:iron_shovel":1,"minecraft:chiseled_sandstone":2,"minecraft:oak_trapdoor":2,"alexsmobs:acacia_blossom":1,"minecraft:stone_sword":2,"minecraft:cocoa_beans":3,"iceandfire:witherbone":3,"minecraft:light_gray_wool":1,"minecraft:iron_boots":1,"minecraft:stripped_oak_log":1,"sophisticatedbackpacks:backpack":1,"twilightforest:mossy_nagastone_stairs_right":1,"gamma_beasts:green_apple":12,"biomesoplenty:dead_sapling":15,"twilightforest:mossy_etched_nagastone":1,"minecraft:hay_block":1,"minecraft:shield":1,"minecraft:spruce_planks":7,"minecraft:spruce_trapdoor":1,"minecraft:diamond_pickaxe":1,"minecraft:golden_leggings":1,"minecraft:oak_sapling":1,"minecraft:spider_eye":2,"minecraft:bow":1,"minecraft:wooden_pickaxe":2,"epicfight:skillbook":1},"minecraft:crafted":{"minecraft:smooth_stone":4,"minecraft:oak_planks":92,"minecraft:stone":3,"minecraft:nether_brick":18,"minecraft:glass":3,"minecraft:diamond_helmet":1,"minecraft:iron_boots":1,"iceandfire:dragonbone_sword_lightning":1,"minecraft:chest":2,"gamma_beasts:prehnite_armor_helmet":1,"biomesoplenty:orange_sandstone":118,"minecraft:oak_fence":3,"minecraft:glass_bottle":3,"biomesoplenty:orange_sandstone_slab":132,"minecraft:emerald":57,"minecraft:crafting_table":4,"minecraft:acacia_slab":384,"minecraft:wooden_pickaxe":1,"biomesoplenty:dead_boat":1,"minecraft:diamond_pickaxe":1,"minecraft:stick":2214,"minecraft:iron_ingot":33,"minecraft:iron_pickaxe":4,"minecraft:stone_sword":1,"minecraft:gold_ingot":9,"minecraft:netherite_ingot":2,"biomesoplenty:palm_planks":44,"biomesoplenty:cut_orange_sandstone":208,"minecraft:golden_carrot":19,"minecraft:stone_shovel":5,"minecraft:furnace":1,"minecraft:blast_furnace":1,"minecraft:ladder":33,"minecraft:stone_pickaxe":1,"minecraft:diamond_boots":2,"alexsmobs:blobfish_bucket":1,"iceandfire:armor_silver_metal_boots":1,"minecraft:netherite_scrap":6,"minecraft:wheat":351,"iceandfire:dragonbone_sword":1,"biomesoplenty:dead_planks":760,"minecraft:netherite_pickaxe":1,"minecraft:stone_axe":1,"minecraft:acacia_boat":1,"minecraft:bread":117,"minecraft:air":0,"minecraft:jungle_planks":48,"minecraft:gold_nugget":153,"minecraft:wooden_axe":1,"minecraft:iron_shovel":2,"minecraft:acacia_planks":492,"minecraft:torch":4,"minecraft:diamond_chestplate":1},"minecraft:killed_by":{"alexsmobs:straddler":1,"minecraft:warden":2,"minecraft:skeleton":1}},"DataVersion":3465}