{"stats":{"minecraft:killed":{"minecraft:pig":2},"minecraft:picked_up":{"minecraft:crafting_table":1,"minecraft:jungle_log":7,"minecraft:porkchop":6,"minecraft:dirt":10},"minecraft:used":{"minecraft:wooden_sword":9,"minecraft:dirt":7,"minecraft:crafting_table":1,"minecraft:porkchop":3},"minecraft:crafted":{"minecraft:wooden_sword":1,"minecraft:crafting_table":1,"minecraft:stick":4,"minecraft:wooden_pickaxe":1,"minecraft:jungle_planks":28},"minecraft:killed_by":{"minecraft:wither_skeleton":1},"minecraft:mined":{"minecraft:grass":8,"minecraft:grass_block":2,"minecraft:jungle_log":7,"minecraft:dirt":8,"minecraft:jungle_leaves":2,"minecraft:crafting_table":1,"minecraft:oak_leaves":1,"minecraft:fern":2},"minecraft:custom":{"minecraft:time_since_rest":5913,"minecraft:crouch_one_cm":715,"minecraft:play_time":12377,"minecraft:sprint_one_cm":37081,"minecraft:walk_one_cm":43837,"minecraft:damage_taken":380,"minecraft:deaths":1,"minecraft:walk_under_water_one_cm":233,"minecraft:sneak_time":175,"minecraft:mob_kills":2,"minecraft:jump":162,"minecraft:damage_dealt":298,"minecraft:walk_on_water_one_cm":121,"minecraft:time_since_death":5884,"minecraft:swim_one_cm":1539,"minecraft:total_world_time":12377,"minecraft:climb_one_cm":7978,"minecraft:interact_with_crafting_table":2,"minecraft:fly_one_cm":46471,"minecraft:fall_one_cm":2871}},"DataVersion":3465}