{"stats":{"minecraft:broken":{"minecraft:wooden_shovel":1,"minecraft:stone_pickaxe":1,"minecraft:iron_sword":1},"minecraft:custom":{"minecraft:mob_kills":75,"minecraft:interact_with_crafting_table":41,"minecraft:leave_game":1,"minecraft:time_since_death":16548,"minecraft:climb_one_cm":19090,"minecraft:sprint_one_cm":1466849,"minecraft:walk_one_cm":1453480,"minecraft:drop":48,"minecraft:damage_dealt_absorbed":268,"minecraft:talked_to_villager":1,"minecraft:play_time":268623,"minecraft:sneak_time":2602,"minecraft:deaths":11,"minecraft:walk_under_water_one_cm":46097,"minecraft:boat_one_cm":962423,"minecraft:jump":5196,"minecraft:walk_on_water_one_cm":121325,"minecraft:total_world_time":268623,"minecraft:interact_with_furnace":17,"minecraft:sleep_in_bed":6,"minecraft:time_since_rest":16625,"minecraft:waystone_activated":4,"minecraft:damage_taken":6613,"minecraft:damage_absorbed":120,"minecraft:trigger_trapped_chest":3,"minecraft:damage_dealt":16400,"minecraft:swim_one_cm":363333,"minecraft:fly_one_cm":1860253,"minecraft:open_chest":41,"minecraft:crouch_one_cm":12670,"minecraft:fish_caught":2,"minecraft:fall_one_cm":120663},"minecraft:killed":{"alexsmobs:lobster":2,"minecraft:spider":5,"minecraft:zoglin":1,"minecraft:skeleton":11,"gamma_beasts:shecko_a":1,"minecraft:chicken":1,"alexsmobs:flying_fish":2,"minecraft:pig":11,"gamma_beasts:careyatros_a":1,"minecraft:wandering_trader":1,"minecraft:sheep":3,"minecraft:trader_llama":2,"minecraft:pillager":1,"minecraft:zombie":17,"iceandfire:ghost":2,"gamma_beasts:shecko_c":1,"alexsmobs:crow":1,"iceandfire:pixie":1,"minecraft:enderman":1,"minecraft:cow":8},"minecraft:mined":{"minecraft:dark_prismarine_stairs":6,"iceandfire:silver_ore":2,"minecraft:mossy_cobblestone":8,"iceandfire:pixie_house_birch":1,"minecraft:jungle_leaves":2,"biomesoplenty:bush":2,"minecraft:allium":1,"minecraft:grass_block":4,"minecraft:jungle_log":7,"alexsmobs:leafcutter_ant_chamber":3,"minecraft:kelp":6,"minecraft:oxeye_daisy":1,"minecraft:sandstone":1,"minecraft:large_fern":1,"biomesoplenty:lavender":2,"biomesoplenty:sea_oats":1,"iceandfire:gold_pile":4,"minecraft:vine":4,"minecraft:iron_bars":2,"minecraft:stone":62,"biomesoplenty:redwood_planks":15,"minecraft:red_bed":1,"minecraft:kelp_plant":17,"minecraft:crafting_table":2,"minecraft:torch":14,"minecraft:chest":2,"minecraft:poppy":3,"minecraft:melon":24,"iceandfire:ghost_chest":2,"minecraft:rose_bush":4,"minecraft:tall_grass":4,"minecraft:sugar_cane":3,"minecraft:wall_torch":4,"minecraft:seagrass":1,"biomesoplenty:redwood_slab":1,"minecraft:coarse_dirt":3,"minecraft:grass":31,"minecraft:oak_log":3,"minecraft:coal_ore":9,"minecraft:sand":125,"minecraft:dirt":21,"minecraft:cobweb":2,"minecraft:stone_bricks":126,"biomesoplenty:redwood_wood":65,"minecraft:oak_leaves":5,"minecraft:fern":11},"minecraft:dropped":{"minecraft:wheat_seeds":1,"minecraft:feather":1,"minecraft:coal":8,"sophisticatedbackpacks:gold_backpack":1,"minecraft:oxeye_daisy":1,"minecraft:dirt":2,"minecraft:ink_sac":2,"scalinghealth:heart_crystal":1,"minecraft:mutton":2,"gamma_beasts:fried_egg":1,"minecraft:rose_bush":1,"minecraft:amethyst_shard":8,"minecraft:pumpkin":1,"minecraft:string":1,"iceandfire:pixie_house_birch":1,"minecraft:sugar_cane":1,"minecraft:chicken":1,"minecraft:rotten_flesh":10,"minecraft:cooked_mutton":2,"iceandfire:ghost_chest":1,"gamma_beasts:fur":1},"minecraft:killed_by":{"minecraft:wither_skeleton":1,"gamma_beasts:careyatros_a":1,"alexsmobs:leafcutter_ant":1,"iceandfire:ghost":3,"iceandfire:fire_dragon":4},"minecraft:picked_up":{"biomesoplenty:redwood_log":4,"sophisticatedbackpacks:gold_backpack":1,"minecraft:iron_chestplate":1,"minecraft:crafting_table":2,"minecraft:coarse_dirt":3,"minecraft:allium":1,"minecraft:chicken":3,"gamma_beasts:fur":3,"minecraft:lead":4,"biomesoplenty:jacaranda_sapling":2,"minecraft:enchanted_book":1,"minecraft:chain":1,"iceandfire:armor_silver_metal_chestplate":1,"iceandfire:manuscript":8,"minecraft:string":8,"minecraft:red_bed":1,"minecraft:iron_leggings":1,"biomesoplenty:tall_lavender":2,"iceandfire:graveyard_soil":4,"minecraft:cracked_stone_bricks":1,"biomesoplenty:redwood_slab":1,"minecraft:gold_nugget":109,"minecraft:dark_prismarine_stairs":6,"minecraft:beef":16,"minecraft:oak_boat":1,"minecraft:rose_bush":1,"minecraft:chest":2,"minecraft:poppy":3,"minecraft:sugar_cane":8,"biomesoplenty:redwood_wood":74,"minecraft:melon_slice":117,"alexsmobs:leafcutter_ant_chamber":1,"iceandfire:pixie_dust":1,"minecraft:stick":9,"minecraft:sandstone":1,"iceandfire:ghost_chest":3,"biomesoplenty:redwood_boat":1,"minecraft:copper_ingot":2,"minecraft:torch":18,"sophisticatedbackpacks:backpack":3,"minecraft:porkchop":24,"gamma_beasts:fried_egg":1,"minecraft:redstone":2,"alexsmobs:leafcutter_ant_pupa":2,"biomesoplenty:redwood_planks":15,"iceandfire:silver_ingot":7,"minecraft:arrow":12,"minecraft:rotten_flesh":25,"gamma_beasts:coal_nugget":3,"biomesoplenty:redwood_sapling":7,"minecraft:obsidian":2,"minecraft:cod":1,"minecraft:mutton":4,"minecraft:iron_bars":2,"alexsmobs:flying_fish":2,"minecraft:skeleton_skull":2,"minecraft:white_wool":2,"minecraft:cobblestone":65,"minecraft:oxeye_daisy":1,"biomesoplenty:lavender":3,"minecraft:jungle_boat":1,"minecraft:feather":3,"minecraft:lilac":3,"minecraft:salmon":1,"minecraft:jungle_log":7,"minecraft:leather":11,"minecraft:lily_pad":1,"minecraft:oak_log":3,"scalinghealth:bandages":1,"iceandfire:ectoplasm":2,"scalinghealth:heart_crystal":2,"minecraft:gunpowder":2,"cataclysm:coral_spear":1,"minecraft:dirt":26,"gamma_beasts:prehnite_armor_helmet":1,"minecraft:bone":18,"minecraft:stone_bricks":141,"minecraft:kelp":137,"minecraft:bow":1,"gamma_beasts:meat":4,"minecraft:wheat_seeds":6,"minecraft:iron_ingot":14,"minecraft:cobweb":4,"scalinghealth:power_crystal_shard":4,"iceandfire:pixie_house_birch":1,"minecraft:sand":125,"minecraft:amethyst_shard":8,"minecraft:ink_sac":2,"minecraft:spider_eye":2,"minecraft:mossy_cobblestone":8,"scalinghealth:cursed_heart":1,"minecraft:gray_wool":1,"gamma_beasts:salmon_steak":3,"alexsmobs:maggot":1,"minecraft:oak_sapling":1,"minecraft:coal":9,"iceandfire:raw_silver":2},"minecraft:used":{"minecraft:stone_sword":94,"minecraft:iron_bars":2,"iceandfire:silver_sword":4,"biomesoplenty:redwood_planks":97,"minecraft:chest":4,"minecraft:iron_sword":292,"minecraft:wooden_shovel":59,"minecraft:cooked_salmon":1,"minecraft:torch":26,"minecraft:mutton":13,"minecraft:dirt":21,"scalinghealth:heart_crystal":1,"iceandfire:armor_silver_metal_helmet":1,"minecraft:glass":8,"biomesoplenty:tall_lavender":2,"iceandfire:ghost_chest":1,"iceandfire:blindfold":4,"biomesoplenty:redwood_boat":5,"minecraft:stone_bricks":105,"biomesoplenty:jacaranda_sapling":2,"minecraft:bow":11,"minecraft:beef":11,"minecraft:furnace":1,"minecraft:cooked_cod":1,"cataclysm:coral_spear":1,"minecraft:iron_leggings":1,"minecraft:skeleton_skull":1,"minecraft:cooked_beef":4,"biomesoplenty:redwood_slab":79,"minecraft:dark_prismarine_stairs":2,"minecraft:stone_pickaxe":128,"biomesoplenty:redwood_sapling":4,"minecraft:wooden_pickaxe":9,"minecraft:sandstone":14,"biomesoplenty:lavender":1,"minecraft:jungle_boat":2,"minecraft:mossy_cobblestone":7,"minecraft:sand":65,"minecraft:crafting_table":6,"minecraft:red_bed":2,"gamma_beasts:salmon_steak":3,"gamma_beasts:prehnite_armor_helmet":1,"iceandfire:armor_silver_metal_chestplate":1,"alexsmobs:flying_fish":2,"gamma_beasts:fried_egg":1,"iceandfire:ambrosia":1,"minecraft:chicken":1,"minecraft:iron_pickaxe":101,"minecraft:melon_slice":114,"minecraft:lilac":2,"minecraft:stone_axe":83,"minecraft:fishing_rod":2,"minecraft:wooden_sword":9,"minecraft:cobblestone":39,"minecraft:porkchop":16,"minecraft:oak_boat":1,"gamma_beasts:meat":4,"alexsmobs:leafcutter_ant_chamber":1,"minecraft:coarse_dirt":2},"minecraft:crafted":{"minecraft:wooden_sword":1,"minecraft:oak_planks":12,"minecraft:fishing_rod":1,"minecraft:furnace":1,"biomesoplenty:redwood_slab":78,"minecraft:cooked_mutton":1,"minecraft:glass":8,"minecraft:stone_pickaxe":1,"minecraft:chest":4,"iceandfire:ambrosia":1,"sophisticatedbackpacks:iron_backpack":1,"minecraft:cooked_beef":4,"minecraft:red_dye":3,"minecraft:cooked_cod":1,"minecraft:wooden_shovel":1,"iceandfire:silver_ingot":2,"minecraft:crafting_table":4,"iceandfire:blindfold":1,"minecraft:jungle_boat":1,"biomesoplenty:redwood_planks":304,"minecraft:wooden_pickaxe":1,"minecraft:iron_sword":2,"minecraft:bowl":4,"minecraft:red_bed":1,"minecraft:red_wool":3,"minecraft:cooked_salmon":1,"minecraft:stone_axe":3,"minecraft:jungle_planks":28,"minecraft:oak_boat":1,"iceandfire:armor_silver_metal_helmet":1,"biomesoplenty:redwood_boat":5,"minecraft:charcoal":6,"minecraft:stick":24,"minecraft:iron_ingot":2,"minecraft:iron_pickaxe":1,"minecraft:stone_sword":1,"minecraft:sandstone":13,"minecraft:torch":12,"iceandfire:silver_sword":1}},"DataVersion":3465}