{"stats":{"minecraft:killed":{"minecraft:pig":2,"minecraft:zoglin":1,"minecraft:sheep":2,"minecraft:skeleton":2,"minecraft:zombie":5,"iceandfire:ghost":1,"alexsmobs:flying_fish":1,"minecraft:cow":1},"minecraft:picked_up":{"minecraft:crafting_table":2,"minecraft:jungle_boat":1,"minecraft:feather":2,"minecraft:chicken":1,"minecraft:jungle_log":7,"minecraft:enchanted_book":1,"minecraft:oak_log":1,"iceandfire:ectoplasm":2,"iceandfire:manuscript":4,"minecraft:string":1,"minecraft:dirt":12,"minecraft:bone":8,"minecraft:kelp":137,"minecraft:gold_nugget":1,"minecraft:dark_prismarine_stairs":6,"minecraft:beef":1,"minecraft:rose_bush":1,"minecraft:melon_slice":84,"minecraft:sugar_cane":3,"iceandfire:ghost_chest":1,"minecraft:copper_ingot":1,"minecraft:torch":9,"minecraft:porkchop":6,"minecraft:ink_sac":2,"iceandfire:silver_ingot":7,"minecraft:arrow":1,"minecraft:rotten_flesh":10,"minecraft:gray_wool":1,"gamma_beasts:coal_nugget":3,"minecraft:skeleton_skull":1,"minecraft:white_wool":1,"minecraft:mutton":3,"minecraft:coal":9,"alexsmobs:flying_fish":1,"minecraft:cobblestone":40,"minecraft:oxeye_daisy":1},"minecraft:used":{"minecraft:stone_sword":78,"minecraft:stone_pickaxe":46,"minecraft:wooden_pickaxe":9,"minecraft:jungle_boat":1,"minecraft:torch":11,"minecraft:dirt":8,"minecraft:crafting_table":3,"alexsmobs:flying_fish":1,"minecraft:chicken":1,"minecraft:melon_slice":50,"minecraft:wooden_sword":9,"minecraft:cobblestone":35,"minecraft:porkchop":6,"minecraft:dark_prismarine_stairs":2},"minecraft:crafted":{"minecraft:wooden_sword":1,"minecraft:crafting_table":1,"minecraft:jungle_boat":1,"minecraft:wooden_pickaxe":1,"minecraft:jungle_planks":28,"minecraft:charcoal":6,"minecraft:stick":8,"minecraft:iron_ingot":2,"minecraft:stone_pickaxe":1,"minecraft:stone_sword":1,"minecraft:torch":4},"minecraft:killed_by":{"minecraft:wither_skeleton":1,"iceandfire:ghost":3},"minecraft:dropped":{"minecraft:feather":1,"minecraft:rotten_flesh":3,"minecraft:oxeye_daisy":1,"minecraft:rose_bush":1},"minecraft:mined":{"minecraft:dark_prismarine_stairs":6,"minecraft:kelp_plant":17,"minecraft:jungle_leaves":2,"minecraft:crafting_table":2,"minecraft:torch":8,"minecraft:grass_block":4,"minecraft:melon":17,"minecraft:jungle_log":7,"minecraft:rose_bush":2,"minecraft:tall_grass":1,"minecraft:kelp":6,"minecraft:sugar_cane":1,"minecraft:oxeye_daisy":1,"minecraft:wall_torch":1,"minecraft:seagrass":1,"minecraft:grass":15,"minecraft:oak_log":1,"minecraft:coal_ore":9,"minecraft:vine":2,"minecraft:dirt":8,"minecraft:stone":40,"minecraft:oak_leaves":4,"minecraft:fern":8},"minecraft:custom":{"minecraft:interact_with_furnace":4,"minecraft:mob_kills":15,"minecraft:interact_with_crafting_table":8,"minecraft:time_since_death":1579,"minecraft:climb_one_cm":16950,"minecraft:waystone_activated":1,"minecraft:time_since_rest":1642,"minecraft:sprint_one_cm":412938,"minecraft:damage_taken":1917,"minecraft:walk_one_cm":272388,"minecraft:trigger_trapped_chest":2,"minecraft:drop":6,"minecraft:damage_dealt":2956,"minecraft:damage_dealt_absorbed":40,"minecraft:swim_one_cm":210594,"minecraft:fly_one_cm":499526,"minecraft:open_chest":5,"minecraft:crouch_one_cm":9721,"minecraft:play_time":72377,"minecraft:deaths":4,"minecraft:sneak_time":1387,"minecraft:walk_under_water_one_cm":22137,"minecraft:boat_one_cm":173606,"minecraft:jump":1492,"minecraft:walk_on_water_one_cm":60849,"minecraft:total_world_time":72377,"minecraft:fall_one_cm":27680}},"DataVersion":3465}