{"stats":{"minecraft:dropped":{"minecraft:stone_axe":1,"alexsmobs:animal_dictionary":1,"minecraft:fletching_table":1,"patchouli:guide_book":1,"minecraft:lava_bucket":1,"iceandfire:ghost_chest":1,"minecraft:trident":1,"minecraft:wooden_axe":1,"minecraft:acacia_sapling":2,"minecraft:wooden_pickaxe":2,"epicfight:skillbook":1},"minecraft:used":{"alexsmobs:emu_egg":1,"minecraft:trident":1,"biomesoplenty:cut_orange_sandstone":172,"epicfight:skillbook":8,"minecraft:stone_sword":67,"minecraft:iron_shovel":507,"minecraft:stone_shovel":562,"minecraft:stone_pickaxe":132,"minecraft:chest":2,"minecraft:wooden_pickaxe":22,"minecraft:torch":7,"scalinghealth:heart_crystal":1,"minecraft:crafting_table":4,"minecraft:black_bed":1,"minecraft:wooden_axe":1,"minecraft:acacia_slab":210,"minecraft:bread":21,"biomesoplenty:orange_sandstone_slab":17,"minecraft:iron_pickaxe":373,"iceandfire:graveyard_soil":2,"biomesoplenty:orange_sand":586,"minecraft:stone_axe":66,"biomesoplenty:orange_sandstone":2,"minecraft:cobblestone":243,"minecraft:furnace":1,"alexsmobs:animal_dictionary":2},"minecraft:killed":{"minecraft:husk":4,"minecraft:skeleton":1,"iceandfire:ghost":1,"minecraft:drowned":5},"minecraft:crafted":{"biomesoplenty:orange_sandstone_slab":18,"minecraft:oak_planks":20,"minecraft:stone_shovel":5,"minecraft:emerald":1,"minecraft:crafting_table":1,"minecraft:acacia_slab":294,"minecraft:wooden_pickaxe":1,"minecraft:furnace":1,"minecraft:stone_axe":1,"minecraft:bread":93,"minecraft:stick":20,"minecraft:stone_pickaxe":1,"minecraft:wooden_axe":1,"minecraft:stone_sword":1,"minecraft:chest":2,"minecraft:iron_shovel":2,"biomesoplenty:orange_sandstone":95,"minecraft:acacia_planks":276,"minecraft:torch":4,"minecraft:wheat":279,"biomesoplenty:cut_orange_sandstone":208},"minecraft:picked_up":{"minecraft:crafting_table":3,"minecraft:turtle_helmet":1,"biomesoplenty:dried_salt":53,"minecraft:black_bed":1,"minecraft:jungle_wood":1,"minecraft:wooden_pickaxe":1,"biomesoplenty:cut_orange_sandstone":11,"minecraft:oak_log":5,"iceandfire:ectoplasm":1,"epicfight:stray_pants":1,"scalinghealth:heart_crystal":1,"iceandfire:manuscript":1,"minecraft:iron_axe":1,"minecraft:bone":6,"iceandfire:graveyard_soil":6,"minecraft:gold_nugget":13,"minecraft:fletching_table":1,"minecraft:poppy":2,"minecraft:iron_pickaxe":1,"minecraft:acacia_sapling":5,"minecraft:stick":13,"iceandfire:ghost_chest":1,"minecraft:torch":3,"minecraft:acacia_log":72,"minecraft:lava_bucket":1,"epicfight:skillbook":5,"minecraft:trident":2,"iceandfire:silver_ingot":4,"minecraft:arrow":2,"minecraft:rotten_flesh":9,"minecraft:stone_axe":1,"artifacts:crystal_heart":1,"biomesoplenty:orange_sandstone":158,"minecraft:hay_block":31,"minecraft:iron_block":1,"gamma_beasts:coal_nugget":6,"alexsmobs:emu_egg":1,"minecraft:acacia_slab":5,"biomesoplenty:orange_sandstone_slab":5,"minecraft:coal":20,"biomesoplenty:orange_sand":1076,"minecraft:cobblestone":275},"minecraft:custom":{"minecraft:interact_with_furnace":1,"minecraft:mob_kills":11,"minecraft:traded_with_villager":1,"minecraft:interact_with_crafting_table":23,"minecraft:damage_dealt_resisted":0,"minecraft:time_since_death":106581,"minecraft:sleep_in_bed":2,"minecraft:climb_one_cm":7821,"minecraft:damage_resisted":0,"minecraft:time_since_rest":66510,"minecraft:sprint_one_cm":375968,"minecraft:damage_taken":906,"minecraft:walk_one_cm":861852,"minecraft:drop":12,"minecraft:damage_dealt":2683,"minecraft:damage_dealt_absorbed":70,"minecraft:swim_one_cm":23765,"minecraft:talked_to_villager":9,"minecraft:fly_one_cm":244243,"minecraft:open_chest":33,"minecraft:crouch_one_cm":141,"minecraft:play_time":106581,"minecraft:sneak_time":44,"minecraft:walk_under_water_one_cm":2327,"minecraft:jump":1066,"minecraft:walk_on_water_one_cm":8121,"minecraft:total_world_time":106581,"minecraft:fall_one_cm":23338},"minecraft:mined":{"minecraft:acacia_leaves":1,"iceandfire:graveyard_soil":1,"biomesoplenty:orange_sand":1076,"biomesoplenty:desert_grass":22,"minecraft:crafting_table":3,"minecraft:torch":2,"minecraft:acacia_log":6,"minecraft:poppy":3,"minecraft:dead_bush":1,"biomesoplenty:dried_salt":53,"minecraft:cobblestone":17,"biomesoplenty:sprout":9,"minecraft:acacia_slab":3,"biomesoplenty:orange_sandstone":159,"minecraft:wall_torch":1,"biomesoplenty:dune_grass":32,"minecraft:hay_block":31,"minecraft:jungle_wood":7,"treechop:chopped_log":4,"minecraft:black_bed":1,"minecraft:fletching_table":1,"minecraft:oak_log":5,"minecraft:coal_ore":20,"minecraft:vine":3,"biomesoplenty:cut_orange_sandstone":11,"minecraft:stone":258,"minecraft:iron_block":1,"minecraft:oak_leaves":2,"biomesoplenty:orange_sandstone_slab":5},"minecraft:broken":{"minecraft:stone_pickaxe":1,"minecraft:iron_shovel":2,"minecraft:iron_pickaxe":1,"minecraft:stone_shovel":4}},"DataVersion":3465}