{"stats":{"minecraft:broken":{"minecraft:wooden_shovel":1,"minecraft:stone_pickaxe":1,"minecraft:iron_sword":1},"minecraft:custom":{"minecraft:interact_with_crafting_table":44,"minecraft:leave_game":1,"minecraft:time_since_death":18469,"minecraft:sprint_one_cm":1945941,"minecraft:drop":88,"minecraft:talked_to_villager":1,"minecraft:play_time":358623,"minecraft:deaths":18,"minecraft:jump":7185,"minecraft:walk_on_water_one_cm":196258,"minecraft:interact_with_furnace":17,"minecraft:sleep_in_bed":6,"minecraft:waystone_activated":6,"minecraft:damage_dealt":25901,"minecraft:crouch_one_cm":18663,"minecraft:mob_kills":100,"minecraft:climb_one_cm":19090,"minecraft:walk_one_cm":2046275,"minecraft:damage_dealt_absorbed":388,"minecraft:sneak_time":4650,"minecraft:walk_under_water_one_cm":112934,"minecraft:boat_one_cm":962423,"minecraft:total_world_time":358623,"minecraft:time_since_rest":18499,"minecraft:damage_absorbed":120,"minecraft:damage_taken":9191,"minecraft:trigger_trapped_chest":3,"minecraft:swim_one_cm":470738,"minecraft:fly_one_cm":2500365,"minecraft:open_chest":66,"minecraft:fish_caught":2,"minecraft:fall_one_cm":164958},"minecraft:killed":{"alexsmobs:lobster":2,"minecraft:spider":9,"minecraft:skeleton":13,"gamma_beasts:shecko_a":1,"minecraft:chicken":1,"minecraft:pig":12,"alexsmobs:grizzly_bear":1,"gamma_beasts:careyatros_a":1,"minecraft:sheep":5,"minecraft:trader_llama":2,"minecraft:pillager":1,"minecraft:zombie":26,"gamma_beasts:shecko_c":1,"iceandfire:pixie":1,"minecraft:cow":12,"minecraft:zoglin":1,"minecraft:drowned":1,"alexsmobs:flying_fish":2,"iceandfire:cyclops":1,"minecraft:wandering_trader":1,"iceandfire:ghost":2,"alexsmobs:crow":1,"minecraft:enderman":1},"minecraft:mined":{"minecraft:dark_prismarine_stairs":6,"minecraft:jungle_leaves":2,"biomesoplenty:brimstone":23,"minecraft:grass_block":11,"minecraft:jungle_log":7,"minecraft:oxeye_daisy":1,"minecraft:fire":26,"biomesoplenty:lavender":4,"iceandfire:gold_pile":51,"minecraft:iron_bars":2,"minecraft:red_bed":1,"minecraft:kelp_plant":17,"minecraft:torch":14,"minecraft:poppy":3,"minecraft:melon":24,"iceandfire:ghost_chest":2,"minecraft:chest":3,"minecraft:nether_quartz_ore":3,"minecraft:sugar_cane":3,"minecraft:wall_torch":4,"minecraft:seagrass":1,"minecraft:lilac":1,"minecraft:grass":39,"biomesoplenty:clover":5,"minecraft:oak_log":4,"minecraft:sand":125,"minecraft:dirt":24,"minecraft:netherrack":9,"minecraft:oak_leaves":7,"iceandfire:silver_ore":2,"minecraft:mossy_cobblestone":8,"iceandfire:pixie_house_birch":1,"biomesoplenty:bush":8,"minecraft:allium":1,"alexsmobs:leafcutter_ant_chamber":3,"minecraft:kelp":6,"minecraft:sandstone":1,"minecraft:large_fern":1,"biomesoplenty:sea_oats":1,"minecraft:vine":4,"biomesoplenty:brimstone_bud":4,"minecraft:stone":62,"biomesoplenty:brimstone_cluster":2,"biomesoplenty:redwood_planks":15,"minecraft:crafting_table":2,"minecraft:rose_bush":4,"minecraft:tall_grass":4,"biomesoplenty:redwood_slab":3,"minecraft:coarse_dirt":3,"iceandfire:ash":3,"minecraft:coal_ore":9,"minecraft:cobweb":2,"minecraft:stone_bricks":126,"biomesoplenty:redwood_wood":65,"minecraft:fern":11},"minecraft:dropped":{"sophisticatedbackpacks:iron_backpack":1,"minecraft:golden_pickaxe":1,"sophisticatedbackpacks:gold_backpack":1,"minecraft:dirt":2,"minecraft:cornflower":1,"minecraft:mutton":6,"gamma_beasts:fried_egg":1,"minecraft:amethyst_shard":8,"iceandfire:ash":6,"minecraft:white_wool":3,"minecraft:bone":2,"minecraft:sugar_cane":1,"minecraft:rotten_flesh":10,"minecraft:cooked_mutton":2,"iceandfire:ghost_chest":1,"minecraft:gunpowder":2,"iceandfire:manuscript":1,"gamma_beasts:fur":1,"minecraft:wheat_seeds":7,"minecraft:lilac":1,"biomesoplenty:lavender":16,"minecraft:feather":3,"iceandfire:cyclops_eye":1,"minecraft:coal":8,"minecraft:stick":2,"minecraft:oxeye_daisy":1,"minecraft:ink_sac":2,"scalinghealth:heart_crystal":1,"minecraft:rose_bush":1,"minecraft:pumpkin":1,"minecraft:string":1,"minecraft:bucket":2,"iceandfire:pixie_house_birch":1,"iceandfire:dragon_skull_fire":1,"iceandfire:dragonscales_bronze":23,"iceandfire:dragonbone":6,"minecraft:chicken":1,"sophisticatedbackpacks:backpack":1,"minecraft:spider_eye":3,"iceandfire:fire_dragon_heart":1},"minecraft:killed_by":{"minecraft:wither_skeleton":1,"alexsmobs:leafcutter_ant":1,"iceandfire:fire_dragon":9,"gamma_beasts:careyatros_a":1,"iceandfire:ghost":3},"minecraft:picked_up":{"minecraft:iron_chestplate":1,"gamma_beasts:fur":3,"minecraft:lead":4,"minecraft:enchanted_book":1,"iceandfire:armor_silver_metal_chestplate":1,"iceandfire:manuscript":9,"minecraft:string":14,"minecraft:iron_leggings":1,"biomesoplenty:tall_lavender":2,"biomesoplenty:brimstone":22,"biomesoplenty:redwood_slab":3,"minecraft:gold_nugget":837,"minecraft:rose_bush":1,"biomesoplenty:redwood_wood":74,"minecraft:melon_slice":117,"iceandfire:armor_bronze_boots":1,"alexsmobs:leafcutter_ant_chamber":1,"iceandfire:pixie_dust":1,"minecraft:stick":9,"iceandfire:ghost_chest":3,"biomesoplenty:redwood_boat":1,"minecraft:torch":18,"epicfight:skillbook":2,"minecraft:porkchop":27,"gamma_beasts:fried_egg":1,"minecraft:rotten_flesh":38,"iceandfire:fire_dragon_heart":1,"gamma_beasts:coal_nugget":3,"minecraft:iron_bars":2,"minecraft:obsidian":6,"minecraft:cod":1,"alexsmobs:flying_fish":2,"minecraft:cobblestone":65,"biomesoplenty:lavender":17,"minecraft:feather":5,"minecraft:lilac":5,"minecraft:jungle_log":7,"alexsmobs:bear_fur":1,"cataclysm:coral_spear":1,"minecraft:dirt":45,"iceandfire:dragonscales_bronze":23,"minecraft:bone":20,"minecraft:bow":1,"minecraft:wheat_seeds":17,"iceandfire:armor_gray_chestplate":1,"iceandfire:pixie_house_birch":1,"iceandfire:dragon_skull_fire":1,"minecraft:sand":125,"sophisticatedbackpacks:iron_backpack":1,"minecraft:ink_sac":2,"minecraft:mossy_cobblestone":8,"waystones:waystone":2,"scalinghealth:cursed_heart":2,"minecraft:emerald":1,"alexsmobs:maggot":1,"minecraft:oak_sapling":1,"minecraft:netherrack":9,"iceandfire:raw_silver":2,"biomesoplenty:redwood_log":4,"sophisticatedbackpacks:gold_backpack":1,"minecraft:coarse_dirt":3,"minecraft:crafting_table":2,"minecraft:allium":1,"minecraft:chicken":5,"minecraft:golden_pickaxe":1,"biomesoplenty:jacaranda_sapling":2,"minecraft:chain":1,"iceandfire:armor_gray_helmet":1,"minecraft:cornflower":1,"minecraft:red_bed":1,"iceandfire:graveyard_soil":4,"minecraft:cracked_stone_bricks":1,"minecraft:dark_prismarine_stairs":6,"minecraft:beef":22,"minecraft:oak_boat":1,"minecraft:poppy":3,"minecraft:sugar_cane":8,"minecraft:chest":2,"minecraft:sandstone":1,"iceandfire:dragonbone":6,"minecraft:copper_ingot":2,"sophisticatedbackpacks:backpack":3,"minecraft:redstone":2,"alexsmobs:leafcutter_ant_pupa":2,"biomesoplenty:redwood_planks":15,"iceandfire:silver_ingot":7,"minecraft:arrow":13,"iceandfire:cyclops_eye":1,"biomesoplenty:redwood_sapling":7,"minecraft:mutton":13,"minecraft:skeleton_skull":2,"minecraft:white_wool":8,"minecraft:oxeye_daisy":1,"minecraft:jungle_boat":1,"minecraft:salmon":2,"minecraft:leather":17,"scalinghealth:bandages":2,"minecraft:oak_log":4,"iceandfire:armor_bronze_leggings":1,"minecraft:lily_pad":1,"iceandfire:ectoplasm":2,"minecraft:gunpowder":6,"scalinghealth:heart_crystal":5,"gamma_beasts:prehnite_armor_helmet":1,"minecraft:stone_bricks":141,"minecraft:kelp":137,"gamma_beasts:meat":4,"minecraft:iron_ingot":14,"minecraft:cobweb":4,"scalinghealth:power_crystal_shard":4,"iceandfire:fire_dragon_flesh":7,"iceandfire:ash":9,"minecraft:quartz":3,"minecraft:amethyst_shard":8,"minecraft:spider_eye":4,"minecraft:gray_wool":1,"gamma_beasts:salmon_steak":3,"minecraft:coal":9},"minecraft:used":{"minecraft:chest":4,"minecraft:iron_sword":532,"minecraft:mutton":15,"minecraft:obsidian":10,"minecraft:glass":8,"iceandfire:ghost_chest":1,"iceandfire:blindfold":4,"minecraft:stone_bricks":105,"biomesoplenty:jacaranda_sapling":2,"minecraft:bow":12,"minecraft:furnace":1,"minecraft:cooked_cod":1,"cataclysm:coral_spear":1,"minecraft:skeleton_skull":1,"minecraft:dark_prismarine_stairs":4,"epicfight:skillbook":2,"minecraft:stone_pickaxe":128,"minecraft:wooden_pickaxe":9,"minecraft:sandstone":14,"biomesoplenty:lavender":1,"minecraft:jungle_boat":2,"minecraft:white_wool":3,"minecraft:sand":65,"gamma_beasts:salmon_steak":3,"scalinghealth:cursed_heart":2,"gamma_beasts:prehnite_armor_helmet":1,"waystones:waystone":2,"minecraft:melon_slice":114,"minecraft:string":3,"minecraft:lilac":3,"minecraft:wooden_sword":9,"minecraft:oak_boat":1,"alexsmobs:leafcutter_ant_chamber":1,"minecraft:coarse_dirt":2,"minecraft:cobweb":4,"minecraft:iron_bars":2,"biomesoplenty:brimstone":14,"minecraft:stone_sword":94,"iceandfire:silver_sword":51,"biomesoplenty:redwood_planks":97,"minecraft:wooden_shovel":59,"minecraft:cooked_salmon":1,"minecraft:netherrack":6,"minecraft:torch":26,"minecraft:dirt":40,"scalinghealth:heart_crystal":4,"iceandfire:armor_silver_metal_helmet":1,"biomesoplenty:tall_lavender":2,"biomesoplenty:redwood_boat":5,"minecraft:beef":21,"minecraft:cooked_beef":4,"biomesoplenty:redwood_slab":79,"minecraft:iron_leggings":1,"iceandfire:fire_dragon_flesh":3,"biomesoplenty:redwood_sapling":4,"minecraft:salmon":1,"minecraft:mossy_cobblestone":7,"minecraft:crafting_table":7,"minecraft:red_bed":2,"iceandfire:armor_silver_metal_chestplate":1,"alexsmobs:flying_fish":2,"gamma_beasts:fried_egg":1,"iceandfire:ambrosia":1,"minecraft:chicken":1,"minecraft:iron_pickaxe":192,"minecraft:stone_axe":86,"minecraft:fishing_rod":3,"minecraft:cobblestone":39,"minecraft:porkchop":22,"gamma_beasts:meat":4},"minecraft:crafted":{"minecraft:oak_planks":16,"biomesoplenty:redwood_slab":78,"minecraft:cooked_mutton":1,"minecraft:glass":8,"minecraft:chest":4,"iceandfire:ambrosia":1,"minecraft:wooden_shovel":1,"minecraft:crafting_table":5,"iceandfire:blindfold":1,"minecraft:jungle_boat":1,"minecraft:wooden_pickaxe":1,"minecraft:red_wool":3,"biomesoplenty:redwood_boat":5,"minecraft:charcoal":6,"minecraft:stick":24,"minecraft:iron_ingot":2,"minecraft:iron_pickaxe":1,"minecraft:stone_sword":1,"minecraft:sandstone":13,"iceandfire:silver_sword":1,"minecraft:wooden_sword":1,"minecraft:fishing_rod":1,"minecraft:furnace":1,"minecraft:stone_pickaxe":1,"sophisticatedbackpacks:iron_backpack":1,"minecraft:cooked_beef":4,"minecraft:red_dye":3,"minecraft:cooked_cod":1,"iceandfire:silver_ingot":2,"biomesoplenty:redwood_planks":304,"minecraft:iron_sword":2,"minecraft:bowl":4,"minecraft:red_bed":1,"minecraft:cooked_salmon":1,"minecraft:bucket":2,"minecraft:stone_axe":3,"minecraft:jungle_planks":28,"minecraft:oak_boat":1,"iceandfire:armor_silver_metal_helmet":1,"minecraft:torch":12}},"DataVersion":3465}