{"stats":{"minecraft:picked_up":{"minecraft:mud":7,"luminousworld:groundpebbles_1":1,"minecraft:azure_bluet":1,"minecraft:birch_slab":3,"twilightforest:twilight_oak_log":1,"minecraft:brown_mushroom":1,"twilightforest:nagastone":1,"minecraft:oak_log":11,"tombstone:grave_key":1,"minecraft:gunpowder":1,"minecraft:paper":33,"minecraft:dirt":15,"minecraft:iron_axe":1,"minecraft:bone":1,"twilightforest:raw_venison":3,"minecraft:iron_shovel":1,"minecraft:zombie_head":1,"minecraft:cracked_stone_bricks":1,"minecraft:stonecutter":1,"minecraft:wheat_seeds":8,"minecraft:iron_ingot":18,"minecraft:rose_bush":2,"minecraft:melon_slice":6,"luminousworld:white_petunias":4,"minecraft:oak_planks":14,"minecraft:mossy_stone_brick_stairs":1,"minecraft:iron_boots":1,"twilightforest:mushgloom":1,"minecraft:stick":4,"luminousworld:auburnlog":2,"minecraft:oak_fence":1,"minecraft:torch":3,"minecraft:dandelion":9,"minecraft:porkchop":3,"minecraft:white_bed":1,"minecraft:light_blue_bed":1,"luminousworld:grassflowers":2,"minecraft:arrow":2,"minecraft:rotten_flesh":3,"minecraft:diamond_chestplate":1,"twilightforest:twilight_oak_sapling":1,"luminousworld:yellow_grassflowers":1,"minecraft:diamond":6,"minecraft:pumpkin_pie":2,"minecraft:writable_book":2,"minecraft:iron_helmet":1,"minecraft:bread":16,"minecraft:mangrove_roots":2,"minecraft:emerald":1,"minecraft:cobblestone":15,"minecraft:oxeye_daisy":1},"minecraft:used":{"minecraft:oak_planks":18,"minecraft:wooden_pickaxe":18,"minecraft:iron_sword":61,"minecraft:stonecutter":1,"minecraft:torch":3,"minecraft:dirt":11,"minecraft:mutton":2,"minecraft:crafting_table":1,"minecraft:white_bed":1,"minecraft:mud":5,"minecraft:iron_axe":58,"minecraft:bread":7,"minecraft:melon_slice":6,"minecraft:iron_helmet":1,"minecraft:light_blue_bed":1,"minecraft:iron_boots":1,"minecraft:diamond_chestplate":1,"minecraft:mangrove_roots":2,"minecraft:porkchop":3,"minecraft:pumpkin_pie":2,"alexsmobs:animal_dictionary":3},"minecraft:mined":{"minecraft:brown_mushroom":1,"minecraft:white_bed":1,"minecraft:mangrove_roots":2,"minecraft:oak_fence":1,"minecraft:torch":3,"minecraft:poppy":1,"minecraft:grass_block":14,"minecraft:melon":2,"minecraft:dead_bush":1,"minecraft:rose_bush":1,"luminousworld:auburnlog":2,"minecraft:light_blue_bed":1,"minecraft:mud":7,"minecraft:fire":3,"minecraft:birch_leaves":9,"twilightforest:twilight_oak_leaves":1,"minecraft:mangrove_leaves":24,"minecraft:grass":33,"minecraft:bookshelf":1,"minecraft:oak_log":11,"minecraft:zombie_head":1,"minecraft:dirt":3,"luminousworld:grassvariant_3":3,"minecraft:cracked_stone_bricks":1,"minecraft:stone":15,"minecraft:stonecutter":1,"minecraft:oak_leaves":5,"minecraft:fern":4},"minecraft:dropped":{"minecraft:stick":1,"tombstone:grave_key":5},"minecraft:custom":{"minecraft:mob_kills":8,"minecraft:interact_with_crafting_table":6,"minecraft:interact_with_stonecutter":1,"minecraft:leave_game":3,"minecraft:time_since_death":662,"minecraft:sleep_in_bed":6,"minecraft:climb_one_cm":6966,"minecraft:time_since_rest":1,"minecraft:sprint_one_cm":230881,"minecraft:damage_taken":2935,"minecraft:walk_one_cm":648545,"minecraft:drop":6,"minecraft:damage_dealt":1773,"minecraft:fly_one_cm":2639199,"minecraft:open_chest":7,"minecraft:crouch_one_cm":181,"minecraft:play_time":124980,"tombstone:undead_killed":4,"minecraft:deaths":9,"minecraft:sneak_time":45,"minecraft:walk_under_water_one_cm":27347,"minecraft:jump":1558,"minecraft:walk_on_water_one_cm":69043,"minecraft:total_world_time":124980,"minecraft:fall_one_cm":26969},"minecraft:crafted":{"minecraft:oak_planks":44,"minecraft:crafting_table":1,"minecraft:wooden_pickaxe":1,"minecraft:iron_sword":1,"minecraft:stick":2,"minecraft:wooden_axe":1},"minecraft:killed":{"minecraft:pig":1,"born_in_chaos_v1:maggot":1,"minecraft:zombie":4,"twilightforest:death_tome":1},"minecraft:killed_by":{"cataclysm:deepling":1,"enemyexpansion:sprinter":1,"minecraft:player":1,"undead_revamp2:the_moonflower":1,"minecraft:skeleton":1,"minecraft:zombie":1,"undead_revamp2:thespitter":1,"born_in_chaos_v1:maggot":1}},"DataVersion":3465}