{"stats":{"minecraft:picked_up":{"minecraft:rose_bush":2,"minecraft:dirt":1},"minecraft:used":{"alexsmobs:animal_dictionary":1},"minecraft:mined":{"minecraft:grass":2,"minecraft:grass_block":1,"minecraft:rose_bush":1},"minecraft:custom":{"minecraft:jump":37,"minecraft:open_chest":3,"minecraft:time_since_rest":2117,"minecraft:damage_dealt":21,"minecraft:leave_game":1,"minecraft:play_time":6958,"minecraft:sprint_one_cm":11,"minecraft:damage_taken":125,"minecraft:time_since_death":6958,"minecraft:walk_one_cm":17211,"minecraft:sleep_in_bed":2,"minecraft:total_world_time":6958,"minecraft:fall_one_cm":747,"minecraft:fly_one_cm":200}},"DataVersion":3465}