{"stats":{"minecraft:picked_up":{"minecraft:mud":7,"luminousworld:groundpebbles_1":1,"minecraft:azure_bluet":1,"minecraft:oak_log":11,"tombstone:grave_key":1,"minecraft:gunpowder":1,"minecraft:dirt":14,"minecraft:zombie_head":1,"minecraft:stonecutter":1,"minecraft:wheat_seeds":6,"minecraft:rose_bush":2,"minecraft:melon_slice":6,"luminousworld:white_petunias":4,"minecraft:stick":3,"luminousworld:auburnlog":2,"minecraft:oak_fence":1,"minecraft:torch":3,"minecraft:dandelion":9,"minecraft:porkchop":3,"minecraft:white_bed":1,"minecraft:light_blue_bed":1,"luminousworld:grassflowers":2,"luminousworld:yellow_grassflowers":1,"minecraft:pumpkin_pie":2,"minecraft:mangrove_roots":2,"minecraft:emerald":1,"minecraft:oxeye_daisy":1},"minecraft:used":{"minecraft:wooden_pickaxe":2,"minecraft:stonecutter":1,"minecraft:torch":3,"minecraft:dirt":11,"minecraft:white_bed":1,"minecraft:mud":5,"minecraft:melon_slice":6,"minecraft:light_blue_bed":1,"minecraft:mangrove_roots":2,"minecraft:porkchop":3,"minecraft:pumpkin_pie":1,"alexsmobs:animal_dictionary":3},"minecraft:mined":{"minecraft:white_bed":1,"minecraft:mangrove_roots":2,"minecraft:oak_fence":1,"minecraft:torch":3,"minecraft:grass_block":13,"minecraft:melon":2,"minecraft:dead_bush":1,"minecraft:rose_bush":1,"luminousworld:auburnlog":2,"minecraft:light_blue_bed":1,"minecraft:mud":7,"minecraft:fire":3,"minecraft:birch_leaves":9,"minecraft:mangrove_leaves":24,"minecraft:grass":21,"minecraft:bookshelf":1,"minecraft:oak_log":11,"minecraft:zombie_head":1,"minecraft:dirt":3,"luminousworld:grassvariant_3":3,"minecraft:stonecutter":1,"minecraft:oak_leaves":5,"minecraft:fern":4},"minecraft:dropped":{"tombstone:grave_key":5},"minecraft:custom":{"minecraft:mob_kills":1,"minecraft:interact_with_crafting_table":4,"minecraft:interact_with_stonecutter":1,"minecraft:leave_game":3,"minecraft:time_since_death":22633,"minecraft:sleep_in_bed":6,"minecraft:climb_one_cm":5871,"minecraft:time_since_rest":63,"minecraft:sprint_one_cm":87999,"minecraft:damage_taken":1889,"minecraft:walk_one_cm":494002,"minecraft:drop":5,"minecraft:damage_dealt":229,"minecraft:fly_one_cm":38200,"minecraft:open_chest":3,"minecraft:crouch_one_cm":181,"minecraft:play_time":88980,"minecraft:deaths":6,"minecraft:sneak_time":18,"minecraft:walk_under_water_one_cm":22645,"minecraft:jump":1144,"minecraft:walk_on_water_one_cm":53430,"minecraft:total_world_time":88980,"minecraft:fall_one_cm":19818},"minecraft:crafted":{"minecraft:oak_planks":44,"minecraft:wooden_pickaxe":1,"minecraft:stick":2,"minecraft:wooden_axe":1},"minecraft:killed":{"minecraft:pig":1},"minecraft:killed_by":{"cataclysm:deepling":1,"enemyexpansion:sprinter":1,"undead_revamp2:the_moonflower":1,"minecraft:skeleton":1,"undead_revamp2:thespitter":1}},"DataVersion":3465}