{"stats":{"minecraft:broken":{"minecraft:iron_boots":1,"minecraft:iron_axe":2,"minecraft:wooden_axe":1},"minecraft:killed_by":{"minecraft:player":4,"undead_revamp2:the_moonflower":1,"minecraft:creeper":1,"twilightforest:death_tome":4,"undead_revamp2:thespitter":1,"cataclysm:deepling":1,"enemyexpansion:sprinter":1,"minecraft:skeleton":3,"minecraft:zombie":3,"born_in_chaos_v1:maggot":1},"minecraft:crafted":{"minecraft:saddle":1,"minecraft:oak_planks":44,"minecraft:fishing_rod":1,"minecraft:birch_boat":1,"minecraft:cooked_chicken":1,"twilightforest:twilight_oak_planks":4,"minecraft:iron_axe":5,"minecraft:cooked_beef":7,"luminousworld:autumnplank":8,"minecraft:crafting_table":2,"minecraft:wooden_pickaxe":1,"minecraft:iron_sword":1,"minecraft:birch_planks":56,"minecraft:shield":1,"minecraft:stick":24,"minecraft:wooden_axe":1,"minecraft:iron_shovel":1,"minecraft:carrot_on_a_stick":1},"minecraft:custom":{"minecraft:interact_with_anvil":1,"minecraft:mob_kills":28,"minecraft:interact_with_crafting_table":16,"minecraft:leave_game":4,"minecraft:time_since_death":67827,"minecraft:climb_one_cm":24483,"minecraft:sprint_one_cm":722949,"minecraft:walk_one_cm":1233560,"minecraft:drop":48,"minecraft:play_time":322279,"minecraft:deaths":25,"minecraft:sneak_time":886,"minecraft:walk_under_water_one_cm":45046,"minecraft:boat_one_cm":137925,"minecraft:jump":2982,"minecraft:walk_on_water_one_cm":107157,"minecraft:total_world_time":322279,"minecraft:interact_with_furnace":1,"minecraft:interact_with_stonecutter":1,"minecraft:sleep_in_bed":6,"minecraft:time_since_rest":67655,"minecraft:damage_taken":8734,"minecraft:damage_dealt":3298,"minecraft:swim_one_cm":6784,"minecraft:fly_one_cm":12518801,"minecraft:open_chest":23,"minecraft:pig_one_cm":72237,"minecraft:crouch_one_cm":1228,"tombstone:undead_killed":10,"minecraft:fall_one_cm":49941},"minecraft:picked_up":{"minecraft:mud":7,"luminousworld:groundpebbles_1":1,"minecraft:azure_bluet":2,"minecraft:ladder":1,"minecraft:brown_mushroom":3,"twilightforest:nagastone":2,"tombstone:grave_key":1,"minecraft:string":12,"minecraft:iron_axe":1,"minecraft:iron_shovel":1,"minecraft:zombie_head":1,"minecraft:cracked_stone_bricks":1,"minecraft:rose_bush":2,"minecraft:melon_slice":6,"minecraft:iron_boots":1,"minecraft:egg":3,"minecraft:stick":9,"luminousworld:auburnlog":34,"minecraft:oak_fence":3,"minecraft:torch":4,"minecraft:porkchop":4,"minecraft:carrot":15,"minecraft:light_blue_bed":1,"luminousworld:grassflowers":3,"minecraft:arrow":3,"minecraft:diamond_chestplate":2,"minecraft:rotten_flesh":13,"luminousworld:yellow_grassflowers":1,"minecraft:pumpkin_pie":2,"minecraft:mangrove_roots":2,"iceandfire:earplugs":1,"supplementaries:ash":10,"minecraft:cobblestone":15,"minecraft:oxeye_daisy":1,"minecraft:birch_log":33,"twilightforest:twilight_oak_log":2,"minecraft:birch_slab":9,"minecraft:leather":10,"minecraft:birch_planks":50,"minecraft:oak_log":611,"minecraft:gunpowder":2,"minecraft:paper":69,"minecraft:dirt":18,"twilightforest:raw_venison":3,"minecraft:bone":2,"minecraft:stonecutter":1,"minecraft:bow":1,"minecraft:orange_tulip":1,"minecraft:wheat_seeds":8,"minecraft:iron_ingot":19,"luminousworld:white_petunias":8,"minecraft:oak_planks":16,"minecraft:iron_sword":1,"minecraft:mossy_stone_brick_stairs":1,"minecraft:book":2,"twilightforest:mushgloom":1,"minecraft:dandelion":11,"minecraft:sand":4,"minecraft:white_bed":1,"minecraft:spider_eye":1,"luminousworld:whiteoaklog":8,"iceandfire:dragon_flute":1,"twilightforest:twilight_oak_sapling":1,"minecraft:diamond":6,"luminousworld:yellowpetunias":1,"minecraft:writable_book":3,"minecraft:iron_helmet":2,"luminousworld:auburn_sapling":1,"minecraft:bread":16,"minecraft:emerald":1,"minecraft:oak_sapling":5},"minecraft:dropped":{"twilightforest:nagastone":1,"minecraft:iron_sword":1,"minecraft:birch_planks":50,"minecraft:brown_mushroom":3,"minecraft:wheat_seeds":7,"minecraft:oak_log":591,"luminousworld:white_petunias":4,"minecraft:book":1,"minecraft:cracked_stone_bricks":1,"twilightforest:twilight_oak_sapling":1,"minecraft:birch_slab":3,"minecraft:stick":1,"minecraft:oxeye_daisy":1,"minecraft:dirt":2,"tombstone:grave_key":5,"twilightforest:mushgloom":1,"minecraft:string":2,"minecraft:birch_log":19,"minecraft:dandelion":9,"luminousworld:auburnlog":25,"minecraft:rotten_flesh":13,"minecraft:azure_bluet":2,"supplementaries:ash":4,"luminousworld:grassflowers":2,"luminousworld:whiteoaklog":8,"twilightforest:twilight_oak_log":1},"minecraft:killed":{"enemyexpansion:equestrian":1,"minecraft:spider":2,"born_in_chaos_v1:maggot":1,"minecraft:horse":1,"twilightforest:death_tome":1,"minecraft:pig":2,"minecraft:creeper":1,"minecraft:zombie":9,"enemyexpansion:botfly":1,"minecraft:cow":6},"minecraft:mined":{"minecraft:white_bed":1,"luminousworld:grassvariant_4":2,"luminousworld:autumnleaves":1,"minecraft:mangrove_roots":2,"minecraft:ladder":1,"minecraft:grass_block":16,"luminousworld:grassvariant_2":10,"minecraft:tall_seagrass":7,"minecraft:fire":3,"twilightforest:twilight_oak_leaves":1,"minecraft:bookshelf":1,"minecraft:stripped_oak_log":1,"minecraft:stone":15,"minecraft:brown_mushroom":1,"minecraft:oak_fence":2,"minecraft:torch":3,"minecraft:poppy":1,"minecraft:melon":2,"minecraft:dead_bush":1,"minecraft:rose_bush":1,"luminousworld:auburnlog":34,"luminousworld:grassflowers":1,"minecraft:oak_planks":2,"luminousworld:whiteoaklog":8,"minecraft:seagrass":1,"minecraft:light_blue_bed":1,"minecraft:mud":7,"minecraft:birch_log":33,"minecraft:birch_leaves":16,"minecraft:orange_tulip":1,"minecraft:mangrove_leaves":24,"minecraft:grass":44,"minecraft:oak_log":494,"minecraft:zombie_head":1,"minecraft:sand":5,"minecraft:dirt":4,"luminousworld:grassvariant_3":7,"minecraft:cobweb":8,"minecraft:cracked_stone_bricks":1,"minecraft:stonecutter":1,"minecraft:oak_leaves":90,"minecraft:fern":4},"minecraft:used":{"minecraft:trident":2,"minecraft:carrot_on_a_stick":2,"minecraft:iron_sword":127,"minecraft:cooked_chicken":1,"minecraft:torch":3,"minecraft:dirt":13,"minecraft:mutton":2,"minecraft:carrot":18,"minecraft:wooden_axe":63,"minecraft:iron_axe":690,"minecraft:iron_helmet":15,"minecraft:light_blue_bed":1,"minecraft:iron_boots":1,"minecraft:diamond_chestplate":1,"iceandfire:earplugs":15,"minecraft:bow":87,"minecraft:mangrove_roots":2,"minecraft:cooked_beef":3,"minecraft:oak_planks":44,"minecraft:birch_boat":1,"minecraft:wooden_pickaxe":18,"minecraft:stonecutter":1,"luminousworld:auburnlog":7,"minecraft:crafting_table":2,"minecraft:white_bed":1,"minecraft:mud":5,"minecraft:melon_slice":6,"minecraft:bread":16,"twilightforest:raw_venison":3,"minecraft:cooked_porkchop":3,"minecraft:porkchop":4,"minecraft:pumpkin_pie":2,"alexsmobs:animal_dictionary":3}},"DataVersion":3465}