{"stats":{"minecraft:broken":{"minecraft:iron_axe":2,"minecraft:wooden_axe":1},"minecraft:killed_by":{"minecraft:player":1,"undead_revamp2:the_moonflower":1,"minecraft:creeper":1,"twilightforest:death_tome":4,"undead_revamp2:thespitter":1,"cataclysm:deepling":1,"enemyexpansion:sprinter":1,"minecraft:skeleton":3,"minecraft:zombie":3,"born_in_chaos_v1:maggot":1},"minecraft:crafted":{"minecraft:saddle":1,"minecraft:oak_planks":44,"minecraft:fishing_rod":1,"minecraft:cooked_chicken":1,"twilightforest:twilight_oak_planks":4,"minecraft:iron_axe":1,"minecraft:cooked_beef":7,"minecraft:crafting_table":2,"minecraft:wooden_pickaxe":1,"minecraft:iron_sword":1,"minecraft:stick":6,"minecraft:wooden_axe":1,"minecraft:carrot_on_a_stick":1},"minecraft:custom":{"minecraft:mob_kills":23,"minecraft:interact_with_crafting_table":11,"minecraft:leave_game":4,"minecraft:time_since_death":2463,"minecraft:climb_one_cm":7390,"minecraft:sprint_one_cm":610204,"minecraft:walk_one_cm":1071583,"minecraft:drop":42,"minecraft:play_time":238279,"minecraft:deaths":21,"minecraft:sneak_time":79,"minecraft:walk_under_water_one_cm":38618,"minecraft:jump":2466,"minecraft:walk_on_water_one_cm":92000,"minecraft:total_world_time":238279,"minecraft:interact_with_furnace":1,"minecraft:interact_with_stonecutter":1,"minecraft:sleep_in_bed":6,"minecraft:time_since_rest":1613,"minecraft:damage_taken":7067,"minecraft:damage_dealt":3061,"minecraft:swim_one_cm":2052,"minecraft:fly_one_cm":12437888,"minecraft:open_chest":15,"minecraft:pig_one_cm":72237,"minecraft:crouch_one_cm":357,"tombstone:undead_killed":9,"minecraft:fall_one_cm":41122},"minecraft:picked_up":{"minecraft:mud":7,"luminousworld:groundpebbles_1":1,"minecraft:azure_bluet":2,"minecraft:ladder":1,"minecraft:brown_mushroom":3,"twilightforest:nagastone":2,"tombstone:grave_key":1,"minecraft:string":10,"minecraft:iron_axe":1,"minecraft:iron_shovel":1,"minecraft:zombie_head":1,"minecraft:cracked_stone_bricks":1,"minecraft:rose_bush":2,"minecraft:melon_slice":6,"minecraft:iron_boots":1,"minecraft:egg":3,"minecraft:stick":4,"luminousworld:auburnlog":27,"minecraft:oak_fence":1,"minecraft:torch":3,"minecraft:porkchop":3,"minecraft:carrot":15,"minecraft:light_blue_bed":1,"luminousworld:grassflowers":2,"minecraft:arrow":3,"minecraft:diamond_chestplate":2,"minecraft:rotten_flesh":9,"luminousworld:yellow_grassflowers":1,"minecraft:pumpkin_pie":2,"minecraft:mangrove_roots":2,"supplementaries:ash":9,"minecraft:cobblestone":15,"minecraft:oxeye_daisy":1,"minecraft:birch_log":19,"twilightforest:twilight_oak_log":2,"minecraft:birch_slab":9,"minecraft:leather":10,"minecraft:oak_log":409,"minecraft:gunpowder":1,"minecraft:paper":69,"minecraft:dirt":18,"twilightforest:raw_venison":3,"minecraft:bone":2,"minecraft:stonecutter":1,"minecraft:bow":1,"minecraft:orange_tulip":1,"minecraft:wheat_seeds":8,"minecraft:iron_ingot":19,"luminousworld:white_petunias":8,"minecraft:oak_planks":16,"minecraft:iron_sword":1,"minecraft:mossy_stone_brick_stairs":1,"minecraft:book":2,"twilightforest:mushgloom":1,"minecraft:dandelion":11,"minecraft:white_bed":1,"luminousworld:whiteoaklog":8,"twilightforest:twilight_oak_sapling":1,"minecraft:diamond":6,"luminousworld:yellowpetunias":1,"minecraft:writable_book":3,"minecraft:iron_helmet":2,"luminousworld:auburn_sapling":1,"minecraft:bread":16,"minecraft:emerald":1},"minecraft:dropped":{"twilightforest:nagastone":1,"minecraft:iron_sword":1,"minecraft:brown_mushroom":3,"minecraft:wheat_seeds":7,"minecraft:oak_log":398,"luminousworld:white_petunias":4,"minecraft:book":1,"minecraft:cracked_stone_bricks":1,"twilightforest:twilight_oak_sapling":1,"minecraft:birch_slab":3,"minecraft:stick":1,"minecraft:oxeye_daisy":1,"minecraft:dirt":2,"tombstone:grave_key":5,"twilightforest:mushgloom":1,"minecraft:string":2,"minecraft:birch_log":19,"minecraft:dandelion":9,"luminousworld:auburnlog":18,"minecraft:rotten_flesh":13,"minecraft:azure_bluet":2,"supplementaries:ash":4,"luminousworld:grassflowers":2,"luminousworld:whiteoaklog":8,"twilightforest:twilight_oak_log":1},"minecraft:killed":{"minecraft:spider":2,"born_in_chaos_v1:maggot":1,"minecraft:horse":1,"twilightforest:death_tome":1,"minecraft:pig":1,"minecraft:zombie":9,"minecraft:cow":6},"minecraft:mined":{"minecraft:white_bed":1,"luminousworld:grassvariant_4":1,"luminousworld:autumnleaves":1,"minecraft:mangrove_roots":2,"minecraft:ladder":1,"minecraft:grass_block":16,"luminousworld:grassvariant_2":7,"minecraft:fire":3,"twilightforest:twilight_oak_leaves":1,"minecraft:bookshelf":1,"minecraft:stripped_oak_log":1,"minecraft:stone":15,"minecraft:brown_mushroom":1,"minecraft:oak_fence":1,"minecraft:torch":3,"minecraft:poppy":1,"minecraft:melon":2,"minecraft:dead_bush":1,"minecraft:rose_bush":1,"luminousworld:auburnlog":27,"minecraft:oak_planks":2,"luminousworld:whiteoaklog":8,"minecraft:light_blue_bed":1,"minecraft:mud":7,"minecraft:birch_log":19,"minecraft:birch_leaves":15,"minecraft:orange_tulip":1,"minecraft:mangrove_leaves":24,"minecraft:grass":39,"minecraft:oak_log":287,"minecraft:zombie_head":1,"minecraft:dirt":4,"luminousworld:grassvariant_3":6,"minecraft:cobweb":8,"minecraft:cracked_stone_bricks":1,"minecraft:stonecutter":1,"minecraft:oak_leaves":54,"minecraft:fern":4},"minecraft:used":{"minecraft:carrot_on_a_stick":2,"minecraft:iron_sword":116,"minecraft:cooked_chicken":1,"minecraft:torch":3,"minecraft:dirt":13,"minecraft:mutton":2,"minecraft:carrot":7,"minecraft:wooden_axe":63,"minecraft:iron_axe":404,"minecraft:iron_helmet":1,"minecraft:light_blue_bed":1,"minecraft:iron_boots":1,"minecraft:diamond_chestplate":1,"minecraft:bow":69,"minecraft:mangrove_roots":2,"minecraft:cooked_beef":3,"minecraft:oak_planks":44,"minecraft:wooden_pickaxe":18,"minecraft:stonecutter":1,"luminousworld:auburnlog":7,"minecraft:crafting_table":2,"minecraft:white_bed":1,"minecraft:mud":5,"minecraft:melon_slice":6,"minecraft:bread":16,"twilightforest:raw_venison":3,"minecraft:porkchop":3,"minecraft:pumpkin_pie":2,"alexsmobs:animal_dictionary":3}},"DataVersion":3465}