{"stats":{"minecraft:killed_by":{"minecraft:player":1,"undead_revamp2:the_moonflower":1,"twilightforest:death_tome":4,"undead_revamp2:thespitter":1,"cataclysm:deepling":1,"enemyexpansion:sprinter":1,"minecraft:skeleton":3,"minecraft:zombie":3,"born_in_chaos_v1:maggot":1},"minecraft:crafted":{"minecraft:saddle":1,"minecraft:oak_planks":44,"minecraft:fishing_rod":1,"minecraft:cooked_chicken":1,"twilightforest:twilight_oak_planks":4,"minecraft:cooked_beef":7,"minecraft:crafting_table":2,"minecraft:wooden_pickaxe":1,"minecraft:iron_sword":1,"minecraft:stick":6,"minecraft:wooden_axe":1,"minecraft:carrot_on_a_stick":1},"minecraft:custom":{"minecraft:mob_kills":18,"minecraft:interact_with_crafting_table":10,"minecraft:leave_game":4,"minecraft:time_since_death":23503,"minecraft:climb_one_cm":7390,"minecraft:sprint_one_cm":594694,"minecraft:walk_one_cm":988928,"minecraft:drop":31,"minecraft:play_time":214279,"minecraft:deaths":20,"minecraft:sneak_time":79,"minecraft:walk_under_water_one_cm":35067,"minecraft:jump":2274,"minecraft:walk_on_water_one_cm":89527,"minecraft:total_world_time":214279,"minecraft:interact_with_furnace":1,"minecraft:interact_with_stonecutter":1,"minecraft:sleep_in_bed":6,"minecraft:time_since_rest":21856,"minecraft:damage_taken":6763,"minecraft:damage_dealt":3061,"minecraft:swim_one_cm":2052,"minecraft:fly_one_cm":12422717,"minecraft:open_chest":10,"minecraft:pig_one_cm":41910,"minecraft:crouch_one_cm":357,"tombstone:undead_killed":6,"minecraft:fall_one_cm":39795},"minecraft:picked_up":{"minecraft:mud":7,"luminousworld:groundpebbles_1":1,"minecraft:azure_bluet":2,"minecraft:ladder":1,"minecraft:brown_mushroom":3,"twilightforest:nagastone":2,"tombstone:grave_key":1,"minecraft:string":9,"minecraft:iron_axe":1,"minecraft:iron_shovel":1,"minecraft:zombie_head":1,"minecraft:cracked_stone_bricks":1,"minecraft:rose_bush":2,"minecraft:melon_slice":6,"minecraft:iron_boots":1,"minecraft:egg":3,"minecraft:stick":4,"luminousworld:auburnlog":2,"minecraft:oak_fence":1,"minecraft:torch":3,"minecraft:porkchop":3,"minecraft:carrot":15,"minecraft:light_blue_bed":1,"luminousworld:grassflowers":2,"minecraft:arrow":3,"minecraft:diamond_chestplate":2,"minecraft:rotten_flesh":9,"luminousworld:yellow_grassflowers":1,"minecraft:pumpkin_pie":2,"minecraft:mangrove_roots":2,"supplementaries:ash":9,"minecraft:cobblestone":15,"minecraft:oxeye_daisy":1,"twilightforest:twilight_oak_log":2,"minecraft:birch_slab":9,"minecraft:leather":10,"minecraft:oak_log":11,"minecraft:gunpowder":1,"minecraft:paper":69,"minecraft:dirt":18,"twilightforest:raw_venison":3,"minecraft:bone":2,"minecraft:stonecutter":1,"minecraft:bow":1,"minecraft:wheat_seeds":8,"minecraft:iron_ingot":19,"luminousworld:white_petunias":8,"minecraft:oak_planks":16,"minecraft:iron_sword":1,"minecraft:mossy_stone_brick_stairs":1,"minecraft:book":2,"twilightforest:mushgloom":1,"minecraft:dandelion":11,"minecraft:white_bed":1,"twilightforest:twilight_oak_sapling":1,"minecraft:diamond":6,"minecraft:writable_book":3,"minecraft:iron_helmet":2,"minecraft:bread":16,"minecraft:emerald":1},"minecraft:dropped":{"twilightforest:nagastone":1,"minecraft:iron_sword":1,"minecraft:brown_mushroom":3,"minecraft:wheat_seeds":7,"luminousworld:white_petunias":4,"minecraft:book":1,"minecraft:cracked_stone_bricks":1,"twilightforest:twilight_oak_sapling":1,"minecraft:birch_slab":3,"minecraft:stick":1,"minecraft:oxeye_daisy":1,"minecraft:dirt":2,"tombstone:grave_key":5,"twilightforest:mushgloom":1,"minecraft:string":2,"minecraft:dandelion":9,"minecraft:rotten_flesh":13,"minecraft:azure_bluet":2,"supplementaries:ash":4,"luminousworld:grassflowers":2,"twilightforest:twilight_oak_log":1},"minecraft:killed":{"born_in_chaos_v1:maggot":1,"minecraft:horse":1,"twilightforest:death_tome":1,"minecraft:pig":1,"minecraft:zombie":6,"minecraft:cow":6},"minecraft:mined":{"minecraft:white_bed":1,"minecraft:mangrove_roots":2,"minecraft:ladder":1,"minecraft:grass_block":16,"minecraft:fire":3,"twilightforest:twilight_oak_leaves":1,"minecraft:bookshelf":1,"minecraft:stone":15,"minecraft:brown_mushroom":1,"minecraft:oak_fence":1,"minecraft:torch":3,"minecraft:poppy":1,"minecraft:melon":2,"minecraft:dead_bush":1,"minecraft:rose_bush":1,"luminousworld:auburnlog":2,"minecraft:oak_planks":2,"minecraft:light_blue_bed":1,"minecraft:mud":7,"minecraft:birch_leaves":9,"minecraft:mangrove_leaves":24,"minecraft:grass":35,"minecraft:oak_log":11,"minecraft:zombie_head":1,"minecraft:dirt":4,"luminousworld:grassvariant_3":3,"minecraft:cobweb":8,"minecraft:cracked_stone_bricks":1,"minecraft:stonecutter":1,"minecraft:oak_leaves":5,"minecraft:fern":4},"minecraft:used":{"minecraft:carrot_on_a_stick":1,"minecraft:iron_sword":116,"minecraft:cooked_chicken":1,"minecraft:torch":3,"minecraft:dirt":13,"minecraft:mutton":2,"minecraft:carrot":3,"minecraft:iron_axe":66,"minecraft:iron_helmet":1,"minecraft:light_blue_bed":1,"minecraft:iron_boots":1,"minecraft:diamond_chestplate":1,"minecraft:bow":49,"minecraft:mangrove_roots":2,"minecraft:cooked_beef":3,"minecraft:oak_planks":44,"minecraft:wooden_pickaxe":18,"minecraft:stonecutter":1,"minecraft:crafting_table":2,"minecraft:white_bed":1,"minecraft:mud":5,"minecraft:melon_slice":6,"minecraft:bread":16,"twilightforest:raw_venison":3,"minecraft:porkchop":3,"minecraft:pumpkin_pie":2,"alexsmobs:animal_dictionary":3}},"DataVersion":3465}