{"stats":{"minecraft:picked_up":{"minecraft:rose_bush":2,"minecraft:light_blue_bed":1,"minecraft:dirt":3},"minecraft:used":{"alexsmobs:animal_dictionary":2,"minecraft:light_blue_bed":1},"minecraft:mined":{"minecraft:grass":2,"minecraft:grass_block":3,"minecraft:light_blue_bed":1,"minecraft:rose_bush":1,"minecraft:birch_leaves":3,"minecraft:oak_leaves":1},"minecraft:custom":{"minecraft:time_since_rest":1,"minecraft:open_chest":3,"minecraft:crouch_one_cm":181,"minecraft:play_time":17808,"minecraft:sprint_one_cm":12714,"minecraft:damage_taken":520,"minecraft:deaths":2,"minecraft:walk_one_cm":72762,"minecraft:sneak_time":18,"minecraft:walk_under_water_one_cm":2599,"minecraft:jump":270,"minecraft:damage_dealt":21,"minecraft:leave_game":3,"minecraft:time_since_death":655,"minecraft:walk_on_water_one_cm":2558,"minecraft:sleep_in_bed":3,"minecraft:climb_one_cm":871,"minecraft:total_world_time":17808,"minecraft:fall_one_cm":4047,"minecraft:fly_one_cm":8348},"minecraft:killed_by":{"enemyexpansion:sprinter":1,"undead_revamp2:the_moonflower":1}},"DataVersion":3465}