{"stats":{"minecraft:picked_up":{"minecraft:mud":7,"minecraft:stick":3,"luminousworld:auburnlog":2,"minecraft:oak_fence":1,"minecraft:torch":2,"minecraft:porkchop":3,"minecraft:oak_log":11,"tombstone:grave_key":1,"minecraft:gunpowder":1,"minecraft:light_blue_bed":1,"minecraft:dirt":14,"minecraft:zombie_head":1,"luminousworld:yellow_grassflowers":1,"minecraft:wheat_seeds":1,"minecraft:rose_bush":2,"minecraft:mangrove_roots":2,"minecraft:emerald":1,"minecraft:melon_slice":6},"minecraft:used":{"minecraft:mud":5,"minecraft:melon_slice":6,"minecraft:light_blue_bed":1,"minecraft:dirt":11,"minecraft:mangrove_roots":2,"minecraft:porkchop":3,"alexsmobs:animal_dictionary":3},"minecraft:mined":{"minecraft:light_blue_bed":1,"minecraft:mud":7,"minecraft:fire":3,"minecraft:birch_leaves":9,"minecraft:mangrove_roots":2,"minecraft:mangrove_leaves":24,"minecraft:oak_fence":1,"minecraft:torch":3,"minecraft:grass":21,"minecraft:bookshelf":1,"minecraft:grass_block":13,"minecraft:oak_log":11,"minecraft:melon":2,"minecraft:rose_bush":1,"minecraft:dead_bush":1,"minecraft:zombie_head":1,"minecraft:dirt":3,"luminousworld:auburnlog":2,"luminousworld:grassvariant_3":3,"minecraft:oak_leaves":5,"minecraft:fern":4},"minecraft:dropped":{"tombstone:grave_key":5},"minecraft:custom":{"minecraft:time_since_rest":8720,"minecraft:sprint_one_cm":87881,"minecraft:damage_taken":1699,"minecraft:walk_one_cm":438272,"minecraft:mob_kills":1,"minecraft:drop":5,"minecraft:damage_dealt":119,"minecraft:fly_one_cm":37825,"minecraft:open_chest":3,"minecraft:crouch_one_cm":181,"minecraft:play_time":76980,"minecraft:deaths":6,"minecraft:sneak_time":18,"minecraft:walk_under_water_one_cm":21591,"minecraft:jump":1079,"minecraft:walk_on_water_one_cm":46604,"minecraft:leave_game":3,"minecraft:time_since_death":10633,"minecraft:sleep_in_bed":3,"minecraft:total_world_time":76980,"minecraft:climb_one_cm":3866,"minecraft:fall_one_cm":17944},"minecraft:killed":{"minecraft:pig":1},"minecraft:killed_by":{"cataclysm:deepling":1,"enemyexpansion:sprinter":1,"undead_revamp2:the_moonflower":1,"minecraft:skeleton":1,"undead_revamp2:thespitter":1}},"DataVersion":3465}